timestamp_ms,emg1_raw,emg2_raw,fsr1,fsr2
2.2573000169359148,0,4095,1171,400
3.070700040552765,0,4095,1248,422
3.6135000409558415,0,4095,1319,442
4.186000034678727,0,4095,1382,466
4.72040002932772,0,4095,1443,496
5.32200001180172,403,2731,1323,496
5.897400027606636,3339,924,1150,489
6.393600022420287,4095,0,990,475
7.22880003741011,4095,0,912,469
7.83620000584051,4095,0,846,458
8.343300025444478,4095,0,784,439
8.840300026349723,4095,0,726,419
9.336300019640476,4095,0,676,400
10.615200037136674,4095,45,687,388
11.066900042351335,4095,0,946,398
11.491900018882006,4095,0,863,394
11.892500042449683,4095,0,787,386
12.354100006632507,4095,0,729,375
12.857599998824298,4095,0,684,369
13.34200002020225,4095,0,648,359
13.719600043259561,4095,0,603,342
14.123100030701607,3642,923,710,349
14.714799995999783,751,2714,880,362
14.861800009384751,0,4095,1060,383
14.979700034018606,0,4095,1146,394
15.102300036232919,0,4095,1225,415
15.218200045637786,0,4095,1295,435
15.336400014348328,0,4095,1362,464
15.476400032639503,0,4095,1424,487
15.629200031980872,0,4095,1428,502
15.846299997065216,2559,1398,1220,496
16.489600006025285,4095,206,1055,483
17.019800026901066,4095,0,951,475
17.57060003001243,4095,0,880,464
18.153800047002733,4095,0,815,449
18.935300002340227,4095,0,753,430
19.513900042511523,4095,0,700,409
20.02820000052452,4095,0,653,387
20.531200047116727,4095,0,946,399
21.10559999709949,4095,0,867,398
21.617000049445778,4095,0,791,387
22.23880001110956,4095,0,725,374
22.60349999414757,4095,0,686,369
22.72490004543215,4095,0,643,359
22.852800029795617,4095,0,607,346
22.965600015595555,4095,0,609,337
23.102200007997453,1406,2223,806,354
23.217300011310726,0,3583,976,369
23.351000039838254,0,4095,1101,384
23.49380002124235,0,4095,1183,400
23.61400000518188,0,4095,1261,423
23.93980004126206,0,4095,1328,445
24.070900049991906,0,4095,1392,473
24.187900009565055,0,4095,1456,500
24.32339999359101,1636,1934,1263,494
24.452200043015182,4095,555,1098,483
24.566300038713962,4095,0,969,475
24.69809999456629,4095,0,896,465
24.820799997542053,4095,0,828,450
24.937500013038516,4095,0,768,434
25.05110000493005,4095,0,711,416
25.15940001467243,4095,0,663,394
25.281200010795146,3657,933,759,393
25.39050002815202,4095,0,957,398
25.60490003088489,4095,0,873,391
26.235099998302758,4095,0,794,382
26.407900033518672,4095,0,730,373
26.547000044956803,4095,0,686,367
26.682800031267107,4095,0,641,353
26.81090001715347,4095,0,602,337
26.94589999737218,2288,1738,780,355
27.070700016338378,240,3134,943,368
27.216500020585954,0,4095,1090,385
27.332000026945025,0,4095,1172,399
27.446500025689602,0,4095,1250,421
27.56210003281012,0,4095,1319,443
27.684500033501536,0,4095,1382,466
27.807900041807443,0,4095,1445,496
27.94020000146702,383,2783,1328,496
28.08080002432689,3349,940,1153,491
28.192300000227988,4095,0,987,479
28.412100044079125,4095,0,913,467
29.127400019206107,4095,0,848,459
29.633000027388334,4095,0,785,439
30.132100044284016,4095,0,729,419
30.633400019723922,4095,0,679,399
31.130600022152066,4095,0,677,387
31.733900017570704,1401,2279,866,395
32.2615000186488,4095,0,976,400
32.76730002835393,4095,0,883,397
33.274799992796034,4095,0,807,386
33.77600002568215,4095,0,739,373
34.27970001939684,4095,0,689,367
34.839100029785186,4095,0,644,352
35.41170002426952,3731,816,733,355
35.9848000225611,753,2660,898,368
36.54030000325292,0,4095,1079,386
37.74850000627339,0,4095,1165,400
38.31180004635826,0,4095,1239,417
38.84769999422133,0,4095,1310,444
39.38420000486076,0,4095,1374,465
39.92589999688789,0,4095,1434,493
40.48060002969578,0,4078,1424,506
41.30550002446398,2559,1339,1217,498
42.978800018318,4095,176,1051,488
43.407300021499395,4095,0,951,480
43.585300038103014,4095,0,880,466
43.71739999623969,4095,0,816,451
43.860800040420145,4095,0,753,433
44.00090000126511,4095,0,703,412
44.13160000694916,4095,0,654,389
44.277100008912385,2305,1692,819,395
44.40400004386902,4095,0,966,399
44.76200003409758,4095,0,880,395
45.34450004575774,4095,0,800,384
45.871100039221346,4095,0,736,371
46.477399999275804,4095,0,688,366
47.06020001322031,4095,0,642,354
47.6011999999173,4095,0,646,347
48.26950002461672,1386,2277,842,362
48.83860005065799,0,3637,1005,379
49.48700004024431,0,4095,1125,394
50.123399996664375,0,4095,1203,410
50.73150002863258,0,4095,1277,432
51.304500026162714,0,4095,1343,453
51.87349999323487,0,4095,1405,478
52.442000014707446,0,4095,1463,506
52.6034000213258,1575,2011,1278,501
52.75700002675876,4095,606,1117,493
52.880900038871914,4095,0,976,481
53.00720001105219,4095,0,909,467
53.12920000869781,4095,0,837,453
53.39980003191158,4095,0,775,436
53.69250004878268,4095,0,720,419
53.81180002586916,4095,0,667,395
53.937000047881156,3609,913,762,394
54.06970001058653,4095,0,960,397
54.192000010516495,4095,0,876,395
54.48710004566237,4095,0,795,384
54.999600048176944,4095,0,735,374
55.43020000914112,4095,0,688,368
55.79400004353374,4095,0,643,355
56.1843000468798,4095,0,602,339
56.69470003340393,2323,1721,783,357
57.19590000808239,256,3130,942,368
57.636900048237294,0,4095,1091,384
58.356599998660386,0,4095,1174,400
59.02240000432357,0,4095,1250,422
59.765900019556284,0,4095,1322,444
60.36940001649782,0,4095,1381,471
60.95180002739653,0,4095,1442,496
61.6262000403367,399,2809,1329,498
62.272700015455484,3349,906,1151,493
62.82740004826337,4095,0,991,479
63.38880001567304,4095,0,914,470
63.930300006177276,4095,0,848,458
64.47450001724064,4095,0,784,441
65.01640001079068,4095,0,729,425
65.55420003132895,4095,0,677,400
66.09610002487898,4095,0,665,385
66.63450004998595,4095,0,944,393
67.1740000252612,4095,0,858,387
67.71120004123077,4095,0,787,384
68.25140002183616,4095,0,723,372
68.79320001462474,4095,0,683,368
69.35970002086833,4095,0,640,357
69.97360003879294,4095,0,603,341
70.97880000947043,3430,878,702,346
71.45720004336908,752,2698,876,360
71.8392000417225,0,4095,1058,380
72.23350001731887,0,4095,1145,395
72.42030004272237,0,4095,1225,413
72.60700000915676,0,4095,1296,433
72.8320000343956,0,4095,1360,459
73.02400004118681,0,4095,1422,486
73.20650003384799,0,4095,1430,501
73.55500000994653,2604,1398,1216,496
74.22530004987493,4095,208,1052,484
74.77800000924617,4095,0,950,475
75.42589999502525,4095,0,879,464
76.37960003921762,4095,0,815,447
76.94500003708526,4095,0,752,432
77.51410000491887,4095,0,698,407
78.07720004348084,4095,0,652,386
78.74300004914403,2206,1727,819,393
79.28720000199974,4095,0,967,400
79.7325000166893,4095,0,880,399
80.18039999296889,4095,0,802,385
80.70950000546873,4095,0,736,375
81.32420002948493,4095,0,688,368
81.86219999333844,4095,0,643,354
82.3633000254631,4095,0,643,349
82.87400001427159,1363,2270,841,365
83.37579999351874,0,3603,1005,379
83.93790002446622,0,4095,1122,391
84.4984000432305,0,4095,1205,410
85.07710002595559,0,4095,1278,430
85.66300000529736,0,4095,1344,450
86.2226000172086,0,4095,1407,478
86.80320001440123,0,4095,1463,505
87.44710002792999,1717,1930,1269,496
88.34100002422929,4095,555,1105,490
89.40960001200438,4095,0,975,478
89.59720004349947,4095,0,903,468
89.77800002321601,4095,0,833,455
89.95500003220513,4095,0,771,436
90.12990002520382,4095,0,719,417
90.29780002310872,4095,0,667,394
90.47860000282526,3382,880,757,394
90.6410000170581,4095,0,956,397
90.79869999550283,4095,0,873,391
90.95680003520101,4095,0,795,384
91.12340002320707,4095,0,731,370
91.29180002491921,4095,0,687,367
91.45340003306046,4095,0,641,354
91.60620003240183,4095,0,602,336
91.78080002311617,2183,1682,778,354
91.9506000354886,266,3091,934,368
92.11319999303669,0,4095,1088,384
92.27560000726953,0,4095,1170,400
92.43770001921803,0,4095,1248,422
92.5849000341259,0,4095,1316,442
93.17240002565086,0,4095,1385,467
93.76780001912266,0,4095,1442,496
94.48600001633167,541,2789,1328,496
95.16379999695346,3344,950,1153,492
95.7295999978669,4095,0,990,478
96.29260003566742,4095,0,914,467
96.87589999521151,4095,0,846,455
97.44270000373945,4095,0,784,439
98.00440003164113,4095,0,727,422
98.56569999828935,4095,0,676,399
99.15850003017113,4095,36,681,386
99.79930002009496,4095,0,945,395
100.34840001026168,4095,0,863,391
100.82079999847338,4095,0,784,383
101.31670004921034,4095,0,721,369
101.90470004454255,4095,0,679,366
102.54450002685189,4095,0,640,355
102.83150000032037,4095,0,601,339
102.97980002360418,3346,960,707,348
103.1269000377506,725,2717,878,359
103.26709999935701,0,4095,1058,378
103.4065000130795,0,4095,1141,394
103.54610002832487,0,4095,1225,415
103.68810000363737,0,4095,1295,432
104.00180000578985,0,4095,1360,461
104.16310001164675,0,4095,1421,486
104.3123000417836,0,4095,1424,501
104.4806000427343,2559,1392,1214,495
104.64309999952093,4095,211,1053,484
104.8024000483565,4095,0,949,475
104.99190003611147,4095,0,875,464
105.15380004653707,4095,0,813,447
105.2991000469774,4095,0,752,432
105.44740001205355,4095,0,695,407
105.59190000640228,4095,0,650,387
105.74670002097264,4095,0,944,391
105.90470000170171,4095,0,862,391
106.1113000032492,4095,0,789,384
106.46410001209006,4095,0,723,371
106.64260003250092,4095,0,683,368
106.7950000287965,4095,0,641,357
106.94470000453293,4095,0,603,344
107.10970003856346,4095,105,630,339
107.32950002420694,1399,2330,819,355
107.59020003024489,0,3754,991,370
107.8733000322245,0,4095,1105,385
108.15470002125949,0,4095,1190,400
108.46140002831817,0,4095,1264,425
108.79309999290854,0,4095,1329,448
109.10120001062751,0,4095,1395,471
109.74390001501888,0,4095,1456,502
110.4130000458099,1744,1985,1267,495
111.11240001628175,4095,573,1104,487
111.49989999830723,4095,0,971,477
111.81390000274405,4095,0,896,464
112.12370003340766,4095,0,829,449
112.42360004689544,4095,0,769,432
112.71840002154931,4095,0,711,416
113.01380000077188,4095,0,660,393
113.38080000132322,3599,812,748,390
113.67480002809316,4095,0,951,394
113.84720000205562,4095,0,866,390
114.02120004640892,4095,0,791,382
114.19590003788471,4095,0,726,373
114.36320003122091,4095,0,683,368
114.49850001372397,4095,0,639,354
114.63810002896935,4095,0,599,338
114.80199999641627,2273,1663,769,352
114.95960003230721,197,3071,929,368
115.11360004078597,0,4095,1084,384
115.2651000302285,0,4095,1168,399
115.39190000621602,0,4095,1246,419
115.54810003144667,0,4095,1314,439
115.82120001548901,0,4095,1378,466
116.08230002457276,0,4095,1439,496
116.3512000348419,362,2719,1319,496
116.60760000813752,3359,927,1147,489
116.9205000041984,4095,0,986,475
117.15770000591874,4095,0,912,466
117.40089999511838,4095,0,844,456
117.67110001528636,4095,0,783,438
117.99910000991076,4095,0,723,422
118.46790002891794,4095,0,673,399
119.0743000479415,4095,48,681,389
119.806700036861,4095,0,944,391
120.7488999934867,4095,0,859,389
121.18930002907291,4095,0,786,379
121.48410000372678,4095,0,720,368
121.73870002152398,4095,0,678,367
121.98980001267046,4095,0,639,353
122.23080004332587,4095,0,596,338
122.6800000295043,3700,937,704,343
123.16310004098341,743,2707,874,358
123.54530004085973,0,4095,1056,379
123.89940000139177,0,4095,1142,394
124.2690000217408,0,4095,1219,411
124.46530000306666,0,4095,1295,432
124.64650004403666,0,4095,1357,459
124.77980001131073,0,4095,1421,485
124.92360000032932,0,4095,1421,498
125.08120003622025,2559,1390,1212,496
125.2301000058651,4095,208,1046,480
125.37250004243106,4095,0,944,473
125.50130003364757,4095,0,877,464
125.63220004085451,4095,0,810,445
125.76330004958436,4095,0,752,429
125.89150003623217,4095,0,697,406
126.0240999981761,4095,0,647,387
126.20110000716522,2329,1695,815,395
126.48890004493296,4095,0,960,398
126.76190002821386,4095,0,874,390
127.01970001216978,4095,0,794,384
127.25250003859401,4095,0,730,374
127.3967000306584,4095,0,685,365
127.54060002043843,4095,0,640,353
127.68620002316311,4095,0,628,341
127.84730002749711,1395,2227,830,357
128.00870003411546,0,3571,991,370
128.15610005054623,0,4095,1114,389
128.344000026118,0,4095,1197,407
128.54950001928955,0,4095,1267,427
128.74630000442266,0,4095,1334,448
128.94340005004779,0,4095,1399,475
129.14309999905527,0,4095,1458,503
129.47220000205562,1581,1919,1263,496
129.7426000237465,4095,541,1100,490
129.99510002555326,4095,0,967,475
130.61210000887513,4095,0,896,467
130.9441000339575,4095,0,827,453
131.2379000009969,4095,0,769,434
131.37020001886413,4095,0,714,413
131.5106000402011,4095,0,659,390
131.65630004368722,3781,881,753,389
131.78490003338084,4095,0,949,393
131.9140000268817,4095,0,868,390
132.05300003755838,4095,0,787,378
132.18390004476532,4095,0,725,369
132.3170000105165,4095,0,682,366
132.45080003980547,4095,0,638,354
132.59660004405305,4095,0,595,338
132.74820003425702,2337,1702,769,350
132.89550004992634,225,3094,931,365
133.03430000087246,0,4095,1082,382
133.1740000168793,0,4095,1167,399
133.31410003593192,0,4095,1245,419
133.45320004737005,0,4095,1315,438
133.59149999450892,0,4095,1377,466
133.72840004740283,0,4095,1440,496
133.87990003684536,316,2800,1328,496
134.03010001638904,3361,947,1151,490
134.16230003349483,4095,0,988,479
134.29310003994033,4095,0,912,467
134.42630000645295,4095,0,846,455
134.62970004184172,4095,0,783,439
134.86890000058338,4095,0,726,421
135.0154000101611,4095,0,674,399
135.17180003691465,4095,0,661,384
135.37940004607663,4095,0,942,391
135.62200003070757,4095,0,855,389
135.86840004427359,4095,0,783,382
136.12910005031154,4095,0,719,370
136.3448000047356,4095,0,675,367
136.49550004629418,4095,0,635,353
136.6785000427626,4095,0,593,338
136.84390002163127,3716,871,698,345
137.0155000477098,720,2682,867,360
137.19790003960952,0,4095,1052,379
137.34280003700405,0,4095,1136,391
137.51400000182912,0,4095,1217,411
137.72850000532344,0,4095,1290,434
137.9399000434205,0,4095,1355,458
138.15320003777742,0,4095,1418,483
138.31670000217855,0,4095,1408,498
138.48150003468618,2547,1343,1203,495
138.64230003673583,4095,162,1040,481
138.79739999538288,4095,0,943,472
138.945100014098,4095,0,870,462
139.08440002705902,4095,0,803,446
139.22150002326816,4095,0,749,432
139.363800000865,4095,0,691,409
139.50809999369085,4095,0,644,385
139.6812000311911,2341,1629,806,391
139.82810004381463,4095,0,958,398
139.9733000434935,4095,0,869,391
140.12980001280084,4095,0,791,384
140.29670000309125,4095,0,727,374
140.48310002544895,4095,0,679,365
140.66999999340624,4095,0,637,352
140.85800002794713,4095,0,640,345
141.07230002991855,1413,2282,834,358
141.26040000701323,0,3680,1002,379
141.46230003098026,0,4095,1119,387
141.63950004149228,0,4095,1200,405
141.82610000716522,0,4095,1271,428
142.014300043229,0,4095,1339,449
142.2012000111863,0,4095,1405,475
142.39350002026185,0,4095,1461,503
142.6115000504069,1588,2053,1279,496
142.8262999979779,4095,597,1111,490
143.03320000180975,4095,0,976,480
143.22700002230704,4095,0,900,466
143.46069999737665,4095,0,833,455
143.734100041911,4095,0,773,437
144.00800003204495,4095,0,714,417
144.2819000221789,4095,0,662,394
144.50230001239106,3700,904,757,391
144.6980000473559,4095,0,950,390
144.9811000493355,4095,0,866,390
145.23870003176853,4095,0,787,379
145.6220000400208,4095,0,723,370
146.10380004160106,4095,0,683,367
146.48510003462434,4095,0,637,353
146.8307000468485,4095,0,599,337
147.46530004777014,2335,1654,769,351
147.8993000346236,210,3086,929,367
148.4566000290215,0,4095,1084,383
149.13060003891587,0,4095,1167,399
149.7967000468634,0,4095,1243,417
150.3610000363551,0,4095,1311,438
150.79280000645667,0,4095,1377,466
151.27570001641288,0,4095,1437,496
151.61719999741763,336,2777,1323,495
151.97190002072603,3344,938,1149,491
152.36740000545979,4095,0,985,478
153.03310001036152,4095,0,912,468
153.40490004746243,4095,0,843,458
153.5691000171937,4095,0,782,437
153.71770004276186,4095,0,722,420
153.86850002687424,4095,0,674,399
154.0464000427164,4095,0,662,384
154.19299999484792,4095,0,938,390
154.3443000409752,4095,0,853,387
154.49089999310672,4095,0,782,378
154.63720000116155,4095,0,720,369
154.77800002554432,4095,0,675,366
154.92270002141595,4095,0,634,353
155.06530000129715,4095,0,594,336
155.355499999132,3728,937,703,346
155.75120004359633,738,2703,871,358
156.1321000335738,0,4095,1055,378
156.56480001052842,0,4095,1138,391
156.98280005017295,0,4095,1221,413
157.40900003584102,0,4095,1291,432
157.85240003606305,0,4095,1355,460
158.26799999922514,0,4095,1417,483
158.57840003445745,0,4095,1427,502
158.90820004278794,2551,1424,1217,495
159.23809999367222,4095,233,1054,483
159.8012000322342,4095,0,949,476
160.44750000583008,4095,0,877,463
161.09740000683814,4095,0,811,448
161.52730002067983,4095,0,752,430
161.93260002182797,4095,0,695,410
162.35500003676862,4095,0,651,385
162.56270004669204,2322,1747,818,394
162.70869999425486,4095,0,960,400
162.85459999926388,4095,0,873,391
163.00240001874045,4095,0,795,383
163.14740001689643,4095,0,731,373
163.29490003408864,4095,0,682,366
163.44200004823506,4095,0,640,354
163.61230000620708,4095,0,643,349
164.0455000451766,1379,2259,835,361
164.36990001238883,0,3620,999,378
164.6032000426203,0,4095,1118,390
164.8581000044942,0,4095,1199,409
165.5536000034772,0,4095,1270,431
166.12040001200512,0,4095,1337,450
166.38390003936365,0,4095,1403,480
166.54890001518652,0,4095,1459,507
166.73460003221408,1571,1923,1264,498
166.91520001040772,4095,530,1102,493
167.07470000255853,4095,0,971,481
167.23620000993833,4095,0,896,468
167.39190003136173,4095,0,829,454
167.5552999950014,4095,0,768,434
167.70990000804886,4095,0,710,417
167.86149999825284,4095,0,659,397
168.021299992688,3730,811,749,390
168.16970001673326,4095,0,945,396
168.32729999441653,4095,0,863,391
168.4730999986641,4095,0,785,382
168.61710004741326,4095,0,723,374
168.7664000201039,4095,0,682,368
168.91170002054423,4095,0,637,356
169.06109999399632,4095,0,594,341
169.29039999376982,2333,1773,779,353
170.1205000281334,208,3166,939,368
170.47750001074746,0,4095,1087,385
170.82560004200786,0,4095,1168,400
171.14710004534572,0,4095,1246,422
171.2985000340268,0,4095,1311,443
171.4425000245683,0,4095,1378,467
171.58650001510978,0,4095,1438,496
171.74650001106784,304,2869,1330,497
171.9065000070259,3374,961,1153,493
172.05360002117231,4095,0,987,479
172.20040003303438,4095,0,912,471
172.34330001519993,4095,0,846,460
172.48940002173185,4095,0,784,443
172.64250002335757,4095,0,725,422
172.781000030227,4095,0,676,400
172.9196000378579,4095,0,676,387
173.07660001097247,1426,2258,861,398
173.2157000224106,4095,0,966,400
173.3838000218384,4095,0,879,397
173.55970002245158,4095,0,798,382
173.7305000424385,4095,0,730,375
173.92329999711365,4095,0,683,363
174.09470002166927,4095,0,637,351
174.2695000139065,3794,816,727,355
174.42039999878034,711,2675,896,368
174.5640000444837,0,4095,1074,387
174.7118000057526,0,4095,1159,400
174.86000002827495,0,4095,1234,419
175.01170001924038,0,4095,1305,439
175.16119999345392,0,4095,1367,466
175.31130003044382,0,4095,1427,492
175.46040000161156,0,4095,1429,509
175.63440004596487,2555,1375,1221,498
175.79470004420727,4095,194,1053,489
175.93710002256557,4095,0,951,480
176.0764000355266,4095,0,879,465
176.21639999561012,4095,0,816,450
176.49720003828406,4095,0,753,432
176.79040000075474,4095,0,700,413
177.088399999775,4095,0,650,388
177.33130004489794,4095,0,941,396
177.48310003662482,4095,0,858,390
177.62560001574457,4095,0,784,384
177.76960000628605,4095,0,720,375
177.91150003904477,4095,0,679,368
178.05899999802932,4095,0,641,357
178.2041999977082,4095,0,598,346
178.34780004341155,4095,0,610,340
178.60560002736747,1421,2256,809,353
178.9138000458479,0,3627,976,370
179.19070000061765,0,4095,1098,384
179.4575999956578,0,4095,1179,400
179.76710002403706,0,4095,1262,425
180.11509999632835,0,4095,1325,447
180.47240003943443,0,4095,1391,474
180.74280000291765,0,4095,1450,502
181.03170004906133,1597,1950,1257,495
181.29160004900768,4095,570,1098,484
181.42969999462366,4095,0,963,475
181.56980001367629,4095,0,893,464
181.71100004110485,4095,0,822,449
181.85500003164634,4095,0,765,433
182.00000002980232,4095,0,707,414
182.14079999597743,4095,0,658,395
182.31360003119335,3770,835,747,389
182.45520000346005,4095,0,944,397
182.5972000369802,4095,0,861,391
182.73900001076981,4095,0,784,379
182.8827999997884,4095,0,720,373
183.04770003305748,4095,0,679,368
183.2074000267312,4095,0,635,353
183.35100001422688,4095,0,594,337
183.51320002693683,2349,1647,764,348
183.67620004573837,191,3086,926,368
183.82640002528206,0,4095,1082,381
183.97470004856586,0,4095,1163,400
184.12350001744926,0,4095,1238,417
184.274600003846,0,4095,1310,439
184.4480000436306,0,4095,1375,465
184.7461000434123,0,4095,1435,494
184.98419999377802,298,2832,1328,496
185.21160003729165,3360,967,1152,490
185.41259999619797,4095,0,986,478
185.6143000186421,4095,0,912,466
185.84740004735067,4095,0,843,455
186.04870000854135,4095,0,781,438
186.24890001956373,4095,0,723,420
186.40300002880394,4095,0,673,400
186.5453000064008,4095,0,673,384
186.706000007689,1436,2256,857,391
186.8495999951847,4095,0,965,396
186.9929000386037,4095,0,878,387
187.13640002533793,4095,0,797,381
187.29070003610104,4095,0,731,368
187.4330000136979,4095,0,682,357
187.5815000385046,4095,0,635,346
187.7358000492677,3770,822,723,353
187.889399996493,719,2688,895,367
188.03810002282262,0,4095,1075,385
188.18680004915223,0,4095,1162,399
188.3372000302188,0,4095,1234,414
188.48440004512668,0,4095,1301,437
188.63420002162457,0,4095,1367,464
188.78790002781898,0,4095,1429,491
188.93990002106875,0,4095,1438,509
189.11010003648698,2559,1407,1227,498
189.2736000008881,4095,210,1056,487
189.42480004625395,4095,0,954,479
189.5669000223279,4095,0,880,465
189.70770004671067,4095,0,816,451
189.84700000146404,4095,0,752,432
190.00290002441034,4095,0,701,411
190.14640001114458,4095,0,651,388
190.3118000482209,2322,1728,819,397
190.45210001058877,4095,0,960,395
190.59310003649443,4095,0,871,391
190.73240004945546,4095,0,795,379
190.87200000649318,4095,0,729,370
191.01460004458204,4095,0,682,362
191.156700020656,4095,0,639,350
191.30090001272038,4095,0,640,342
191.46540004294366,1392,2275,833,359
191.61070004338399,0,3602,996,375
191.76100002368912,0,4095,1116,388
191.9501000083983,0,4095,1198,405
192.10240000393242,0,4095,1271,428
192.25560000631958,0,4095,1337,449
192.407299997285,0,4095,1399,477
192.55650002742186,0,4095,1457,502
192.72350001847371,1584,1936,1265,496
192.88350001443177,4095,550,1101,487
193.03980004042387,4095,0,971,478
193.18960001692176,4095,0,897,464
193.33690003259107,4095,0,827,453
193.48040001932532,4095,0,766,433
193.6268000281416,4095,0,711,415
193.77400004304945,4095,0,659,391
193.93140001920983,3793,810,746,388
194.0776000265032,4095,0,946,397
194.22350003151223,4095,0,863,390
194.37100004870445,4095,0,785,379
194.51600004686043,4095,0,721,374
194.66300000203773,4095,0,678,365
194.80739999562502,4095,0,636,355
194.95160004589707,4095,0,593,336
195.1145000057295,2334,1659,767,351
195.27260004542768,202,3071,925,366
195.42460003867745,0,4095,1079,382
195.57750003878027,0,4095,1165,398
195.7292000297457,0,4095,1237,418
195.9006999968551,0,4095,1311,439
196.1998000042513,0,4095,1373,464
196.3621000177227,0,4095,1434,494
196.5236000251025,292,2787,1323,495
196.68720004847273,3381,946,1147,490
196.83339999755844,4095,0,982,475
196.9770000432618,4095,0,910,467
197.12710002204403,4095,0,844,452
197.27629999397323,4095,0,779,438
197.42040004348382,4095,0,722,419
197.56280002184212,4095,0,672,400
197.7150000166148,4095,73,682,387
197.86150002619252,4095,0,938,391
198.00740003120154,4095,0,854,390
198.15650000236928,4095,0,782,382
198.30370001727715,4095,0,718,371
198.4579000272788,4095,0,673,367
198.60639999387786,4095,0,635,354
198.75570002477616,4095,0,593,337
198.91650002682582,3835,864,691,343
199.07570001669228,735,2671,863,355
199.2286000167951,0,4095,1047,375
199.37800004845485,0,4095,1136,390
199.53220000024885,0,4095,1215,411
199.6870000148192,0,4095,1285,430
199.84070002101362,0,4095,1352,455
199.9993000063114,0,4095,1413,480
200.1536000170745,0,4095,1435,506
200.3273000009358,2547,1447,1219,496
200.50960005028173,4095,227,1053,483
200.65990003058687,4095,0,946,470
200.8096000063233,4095,0,875,464
200.9591000387445,4095,0,811,448
201.1330000241287,4095,0,752,431
201.3507999945432,4095,0,693,410
201.49960002163425,4095,0,648,386
201.666800014209,2314,1737,816,393
201.81130000855774,4095,0,955,399
201.964300009422,4095,0,870,397
202.11250003194436,4095,0,790,384
202.26020005065948,4095,0,726,374
202.41280004847795,4095,0,681,366
202.56180001888424,4095,0,635,352
202.71530002355576,4095,0,624,341
202.89499999489635,1398,2197,821,357
203.04450002731755,0,3511,979,373
203.19860003655776,0,4095,1106,387
203.3540999982506,0,4095,1189,403
203.51290004327893,0,4095,1264,427
203.67000001715496,0,4095,1330,447
203.8448000093922,0,4095,1394,475
203.99840001482517,0,4095,1456,502
204.17430001543835,1583,1875,1255,495
204.35270003508776,4095,510,1091,484
204.5090000028722,4095,0,964,475
204.65760002844036,4095,0,891,464
204.80470004258677,4095,0,825,452
204.95570002822205,4095,0,763,435
205.11490001808852,4095,0,707,413
205.26720001362264,4095,0,656,389
205.43160004308447,3819,817,744,388
205.583100032527,4095,0,944,395
205.7378000463359,4095,0,860,387
205.88940003653988,4095,0,784,381
206.04140002978966,4095,0,720,373
206.19530003750697,4095,0,676,366
206.3507999991998,4095,0,633,353
206.50040003238246,4095,0,593,336
206.6690000356175,2362,1664,771,352
206.83310000458732,148,3102,926,365
206.98920002905652,0,4095,1083,382
207.14380004210398,0,4095,1164,393
207.29789999313653,0,4095,1238,416
207.45310001075268,0,4095,1310,438
207.60800002608448,0,4095,1375,464
207.76300004217774,0,4095,1433,493
207.92930002789944,199,2801,1323,495
208.10730004450306,3408,965,1151,487
208.26149999629706,4095,0,983,475
208.4195000352338,4095,0,912,466
208.57200003229082,4095,0,845,454
208.72630004305393,4095,0,782,438
208.88500002911314,4095,0,721,416
209.03700002236292,4095,0,673,398
209.18990002246574,4095,0,659,381
209.33939999667928,4095,0,938,387
209.49040004052222,4095,0,849,385
209.65490001253784,4095,0,781,379
209.89940001163632,4095,0,718,368
210.1321000372991,4095,0,671,362
210.31930000754073,4095,0,632,350
210.47710004495457,4095,0,592,336
210.64450003905222,3888,880,696,342
210.8136000460945,640,2686,866,355
210.9747000504285,0,4095,1050,374
211.1354999942705,0,4095,1136,387
211.29649999784306,0,4095,1216,407
211.45580004667863,0,4095,1286,428
211.61850000498816,0,4095,1351,455
211.77870000246912,0,4095,1414,482
211.94120001746342,0,4095,1425,498
212.1218999964185,2607,1393,1215,493
212.3151000123471,4095,201,1047,480
212.4889999977313,4095,0,946,471
212.80239999759942,4095,0,871,462
212.95760001521558,4095,0,809,446
213.11430004425347,4095,0,750,431
213.26570003293455,4095,0,692,405
213.42330001061782,4095,0,643,384
213.59670005040243,2316,1653,809,389
213.749100046698,4095,0,955,394
213.90670002438128,4095,0,867,389
214.06530000967905,4095,0,787,381
214.22600001096725,4095,0,725,370
214.38310004305094,4095,0,678,363
214.54110002378002,4095,0,635,350
214.70640000188723,4095,0,625,341
214.9018000345677,1344,2248,830,355
215.05930001148954,0,3645,993,370
215.22260003257543,0,4095,1111,387
215.3863999992609,0,4095,1195,406
215.5503000249155,0,4095,1265,426
215.71910002967343,0,4095,1332,448
215.878100018017,0,4095,1397,473
216.0378000116907,0,4095,1456,500
216.2493000505492,1910,2012,1270,496
216.42170002451167,4095,551,1103,486
216.57690004212782,4095,0,971,477
216.73200000077486,4095,0,896,464
216.88710001762956,4095,0,829,449
217.06019999692217,4095,0,768,433
217.21610001986846,4095,0,709,414
217.37280004890636,4095,0,659,392
217.54230000078678,2709,901,752,389
217.72680000867695,4095,0,945,391
217.9009999963455,4095,0,861,389
218.11580000212416,4095,0,784,379
218.27430004486814,4095,0,722,368
218.43020000960678,4095,0,678,368
218.58700003940612,4095,0,638,352
218.74209999805316,4095,0,592,336
218.91860000323504,1700,1745,774,350
219.11340003134683,336,3195,943,367
219.2901000380516,0,4095,1086,382
219.46330001810566,0,4095,1168,396
219.6610000100918,0,4095,1243,416
219.84279999742284,0,4095,1312,437
220.00980004668236,0,4095,1376,464
220.1770000392571,0,4095,1435,492
220.3653000178747,1425,2949,1342,496
220.54150002077222,3094,915,1146,486
220.69650003686547,4095,0,987,474
220.8560000290163,4095,0,913,464
221.0159000242129,4095,0,846,452
221.1784000392072,4095,0,783,435
221.33490000851452,4095,0,722,418
221.49050002917647,4095,0,673,400
221.6467999969609,2794,0,638,375
221.80320002371445,4095,0,933,390
221.96100000292063,4095,0,853,389
222.1212000004016,4095,0,779,379
222.27950004162267,4095,0,718,370
222.44010004214942,4095,0,670,364
222.599100030493,4095,0,631,353
222.75580000132322,4095,0,591,336
222.92400000151247,2125,645,670,338
223.0942000169307,928,2691,864,355
223.26670004986227,57,4095,1047,374
223.4306000173092,0,4095,1135,387
223.5923000262119,0,4095,1214,407
223.7522000214085,0,4095,1284,429
223.91180001432076,0,4095,1349,454
224.07150000799447,0,4095,1411,481
224.24940002383664,1314,4095,1431,501
224.4391000131145,2637,1333,1200,487
224.60570000112057,3858,86,1022,477
224.7633000370115,4095,0,939,471
224.9242000398226,4095,0,868,459
225.08150001522154,4095,0,802,443
225.23979999823496,4095,0,743,426
225.40090000256896,4095,0,688,403
225.56560003431514,2896,0,635,378
225.73830001056194,4034,0,933,386
225.89540004264563,4095,0,851,385
226.05270001804456,4095,0,780,380
226.21280001476407,4095,0,719,368
226.37360001681373,4095,0,676,365
226.53010004432872,4095,0,634,354
226.6871000174433,4079,0,593,340
226.84479999588802,2375,0,586,334
227.0235000178218,1296,2284,807,349
227.19430003780872,431,3776,981,369
227.36060002353042,0,4095,1094,382
227.53040003590286,0,4095,1178,400
227.69560001324862,0,4095,1255,421
227.86290000658482,0,4095,1322,444
228.0282000428997,0,4095,1389,471
228.21359999943525,1013,4095,1455,501
228.40700001688674,2223,2099,1268,494
228.60440000658855,3234,546,1088,470
228.8214000291191,4095,0,963,474
229.11000001477078,4095,0,891,464
229.35259999940172,4095,0,820,449
229.6896000043489,4095,0,763,432
229.87929999362677,4095,0,709,414
230.04980001132935,3104,0,653,387
230.23420001845807,3467,208,960,395
230.42100004386157,4095,0,863,389
230.6050000479445,4095,0,790,384
230.78710003755987,4095,0,729,375
230.95810000086203,4095,0,688,368
231.1350000090897,4095,0,643,362
231.30800004582852,4095,0,603,348
231.47890000836924,2661,0,563,330
231.67370003648102,1655,1643,748,347
231.86510003870353,753,3181,927,367
232.0542000234127,48,4095,1071,378
232.2408000472933,0,4095,1154,395
232.4518000241369,0,4095,1232,416
232.62660001637414,0,4095,1303,434
232.79710003407672,0,4095,1367,464
232.98670002259314,722,4095,1436,495
233.1854000221938,1872,2901,1328,496
233.3803999936208,2896,890,1136,486
233.5499000037089,3906,0,977,473
233.7188000092283,4095,0,907,465
233.88600000180304,4095,0,839,450
234.05389999970794,4095,0,775,435
234.22270000446588,4095,0,720,417
234.41999999340624,2163,2173,1172,416
234.625400044024,2832,975,1042,413
234.87370001384988,3441,206,903,401
235.04200001480058,4095,0,816,398
235.21250003250316,4095,0,763,395
235.37800001213327,4095,0,717,388
235.54350004997104,4095,0,672,378
235.71900004753843,4095,0,630,366
235.882600012701,2940,0,588,347
236.0587000148371,1958,843,688,350
236.24070000369102,1004,2765,879,368
236.42370000015944,288,4095,1055,384
236.59260000567883,0,4095,1138,395
236.7729000397958,0,4095,1218,413
236.94120004074648,0,4095,1289,434
237.1117000002414,0,4095,1353,461
237.30540001997724,366,4095,1421,489
237.5027000089176,1521,4095,1438,508
237.6955000218004,2559,1322,1201,496
237.87680000532418,3518,92,1023,479
238.0486000329256,0,4095,1525,468
238.22420003125444,0,4095,1559,486
238.40100003872067,0,4095,1584,505
238.57470002258196,0,4095,1613,529
238.75930003123358,754,4095,1649,560
238.95220004487783,1870,2878,1511,560
239.13850000826642,2867,865,1291,544
239.31110004195943,3838,0,1125,531
239.48660003952682,4095,0,1037,511
239.64949999935925,4095,0,949,498
239.8107000044547,4095,0,875,478
239.98830001801252,4095,0,805,458
240.15470000449568,3280,0,738,431
240.32600002828985,2282,0,706,410
240.5080000171438,1296,2288,915,423
240.68899999838322,525,3774,1088,433
240.8583000069484,0,4095,1182,436
241.02950002998114,0,4095,1255,448
241.20240000775084,0,4095,1325,465
241.38180003501475,0,4095,1383,484
241.5599999949336,0,4095,1445,507
241.74950004089624,1170,4095,1507,542
241.93790002027526,358,4095,1653,497
242.1153000323102,0,4095,1659,511
242.2941999975592,0,4095,1667,529
242.49560001771897,0,4095,1675,542
242.67440004041418,0,4095,1690,560
242.84810002427548,0,4095,1709,581
243.04240004858002,443,4095,1729,605
243.24550002347678,1554,4095,1723,623
243.44160000327975,2559,1361,1447,595
243.63780004205182,3465,132,1246,578
243.81790001643822,4095,0,1136,565
243.99410001933575,4095,0,1040,543
244.16400003246963,4095,0,953,511
244.3358000018634,4095,0,880,496
244.50660002185032,3913,0,803,465
244.6767000365071,2608,0,732,435
244.8683000402525,1635,1679,897,439
245.05740002496168,756,3217,1068,448
245.2449999982491,106,4095,1189,451
245.41950004640967,4095,0,1104,436
245.587500045076,4095,0,995,430
245.7560000475496,4095,0,895,414
245.92539999866858,3200,0,811,395
246.12550000892952,2253,0,766,384
246.43170001218095,1279,2297,967,400
246.62270001135767,511,3781,1135,419
246.79900001501665,0,4095,1226,431
246.97520001791418,0,4095,1295,443
247.15990002732724,0,4095,1357,462
247.33660003403202,0,4095,1410,482
247.5255000172183,0,4095,1469,507
247.71680001867935,1182,4095,1525,542
247.90539999958128,2252,1943,1317,528
248.09500004630536,3167,474,1134,507
248.2752000214532,4095,0,1009,497
248.44710004981607,4095,0,934,486
248.61750000854954,4095,0,859,465
248.79260000307113,4095,0,794,450
248.9697000128217,4095,0,733,429
249.14030003128573,2896,0,675,401
249.3228000239469,1948,748,755,399
249.5535000343807,4095,0,965,400
249.78910002391785,4095,0,878,396
249.97210002038628,4095,0,800,387
250.14120002742857,4095,0,738,380
250.31360000139102,4095,0,689,368
250.4843000206165,3767,0,642,355
250.65370002994314,2559,0,596,336
250.84970000898466,1594,1671,778,356
251.03850004961714,737,3162,946,371
251.2538000009954,89,4095,1090,387
251.5160000184551,0,4095,1173,400
251.69880001340061,0,4095,1249,422
251.8802999984473,0,4095,1322,442
252.05840001581237,0,4095,1382,468
252.24840000737458,835,4095,1451,497
252.44140002178028,1890,2812,1332,496
252.6308000087738,2861,872,1139,485
252.8003000188619,3787,0,989,477
252.97480000881478,4095,0,912,467
253.14510002499446,4095,0,845,455
253.3195000141859,4095,0,783,441
253.48790001589805,4095,0,724,419
253.65810003131628,3213,0,668,398
253.8485000259243,2256,0,655,381
254.0275999926962,4075,0,938,391
254.19820001116022,4095,0,854,389
254.36840002657846,4095,0,784,380
254.54560003709048,4095,0,719,368
254.71680000191554,4095,0,674,367
254.88640001276508,4095,0,631,350
255.06019999738783,2869,0,591,336
255.24780002888292,1927,900,695,341
255.45490003423765,1008,2774,882,362
255.64730004407465,320,4095,1062,378
255.8259000070393,0,4095,1139,390
256.0399000067264,0,4095,1221,409
256.2142999959178,0,4095,1293,432
256.39700004830956,0,4095,1358,456
256.58250000560656,448,4095,1424,487
256.77870004437864,1558,4095,1430,502
256.97550002951175,2559,1306,1200,489
257.1553000016138,3467,80,1021,478
257.33980000950396,4095,0,941,471
257.5121000409126,4095,0,867,460
257.6880000415258,4095,0,801,444
257.86060001701117,4095,0,746,427
258.0404000473209,3718,0,688,405
258.2406000001356,2769,1019,1058,405
258.4280000301078,3369,221,918,399
258.6009000078775,4073,0,829,394
258.7749999947846,4095,0,765,386
258.94750002771616,4095,0,718,382
259.11919999634847,4095,0,675,374
259.2947999946773,4095,0,634,366
259.4690000405535,3214,0,591,345
259.64280002517626,2263,0,590,336
259.83420002739877,1297,2306,812,357
260.0252000265755,539,3776,987,373
260.20670001162216,0,4095,1101,384
260.5390000389889,0,4095,1183,400
260.7607000390999,0,4095,1259,421
260.9669000376016,0,4095,1325,446
261.1868000240065,17,4095,1392,471
261.4123999956064,1200,4095,1457,500
261.6307000280358,2256,1943,1253,494
261.84079999802634,3162,483,1083,479
262.02940003713593,4095,0,960,471
262.2185000218451,4095,0,886,461
262.41680001839995,4095,0,819,447
262.6181000377983,300,4095,1427,448
262.8353000036441,1075,4095,1482,470
263.1062000291422,1772,3329,1399,470
263.3784000063315,2585,1338,1207,464
263.5798000264913,3475,115,1040,457
263.75590002862737,4095,0,949,454
263.93440004903823,4095,0,878,447
264.1189999994822,4095,0,811,432
264.309799997136,4095,0,752,417
264.5054000313394,3767,0,692,399
264.6845999988727,2559,0,640,370
264.8746000486426,1616,1744,821,384
265.07250004215166,766,3223,988,399
265.27750003151596,112,4095,1122,407
265.4678000253625,0,4095,1200,423
265.6581000192091,0,4095,1274,439
265.84820001153275,0,4095,1338,458
266.0573000321165,0,4095,1399,481
266.25610003247857,863,4095,1467,511
266.46090002031997,1904,2899,1359,510
266.64770004572347,0,4095,1616,485
266.83120004599914,0,4095,1628,497
267.0157999964431,0,4095,1645,511
267.1989999944344,0,4095,1657,535
267.38380000460893,0,4095,1675,557
267.5709000322968,0,4095,1697,582
267.78870000271127,1199,4095,1727,605
268.09200004208833,2240,1950,1488,587
268.32410000497475,3141,499,1289,570
268.5178000247106,4080,0,1146,557
268.70410004630685,4095,0,1055,540
268.88220000546426,4095,0,963,511
269.05830000760034,4095,0,884,491
269.235200015828,4095,0,814,464
269.41140001872554,2865,0,741,434
269.60060000419617,1936,875,829,430
269.79620003839955,1008,2743,993,435
270.001900033094,313,4095,1162,448
270.194300042931,0,4095,1232,451
270.3793999971822,0,4095,1299,464
270.56330000050366,3839,0,1152,437
270.7510000327602,2899,0,1033,423
270.9296999964863,2304,0,944,410
271.13530004862696,1594,1715,1066,422
271.3352999999188,743,3184,1202,437
271.5221000253223,82,4095,1310,449
271.70270000351593,0,4095,1364,464
271.88910002587363,0,4095,1419,481
272.0700000063516,0,4095,1465,500
272.25850004469976,0,4095,1515,528
272.50600000843406,851,4095,1571,556
272.71440002368763,1904,2878,1442,553
272.91470003547147,2879,887,1232,533
273.0945000075735,3817,0,1072,511
273.2694000005722,4095,0,983,505
273.4444999950938,4095,0,911,489
273.623300017789,4095,0,837,470
273.8010000321083,4095,0,775,447
273.9958000020124,3177,0,714,423
274.17059999424964,2241,0,693,403
274.3635000078939,1275,2303,901,418
274.59970000199974,498,3781,1073,430
274.78880004491657,4095,0,1043,421
274.97270004823804,4095,0,943,414
275.25750000495464,4095,0,854,400
275.53460001945496,4095,0,774,384
275.7357000373304,2862,0,709,368
275.9498000377789,1913,871,795,371
276.1587999993935,976,2765,971,389
276.37700003106147,302,4095,1137,405
276.5787999960594,0,4095,1214,418
276.786100002937,0,4095,1283,434
277.0182000240311,0,4095,1348,456
277.2289999993518,0,4095,1405,476
277.4624000303447,494,4095,1466,502
277.6975000160746,1566,4095,1491,529
277.91140001500025,2559,1397,1248,508
278.12170004472136,3473,166,1074,495
278.30740000354126,4095,0,976,487
278.49110000533983,4095,0,900,470
278.6770000238903,4095,0,832,454
278.8596000173129,4095,0,770,435
279.0556999971159,3727,0,708,413
279.33889999985695,2768,1051,1074,406
279.60599999642,3361,254,940,400
279.79870000854135,4048,0,841,397
279.9877999932505,4095,0,777,391
280.1734000095166,4095,0,729,385
280.3768000449054,4095,0,683,377
280.5649000220001,4095,0,641,366
280.75020003598183,3184,0,597,347
280.9302000096068,2246,0,589,337
281.13940003095195,1281,2256,811,354
281.3363000168465,528,3664,980,371
281.5266000106931,0,4095,1099,384
281.72020002966747,0,4095,1181,401
281.9057000451721,0,4095,1255,423
282.11660002125427,0,4095,1326,445
282.3201999999583,27,4095,1392,471
282.5303000281565,1209,4095,1458,501
282.7343000099063,2259,1856,1247,490
282.9357000300661,3173,449,1075,478
283.13080000225455,4095,0,960,474
283.31080003408715,4095,0,886,461
283.49709999747574,4095,0,817,448
283.7007000343874,283,4095,1428,444
283.9129000203684,1077,4095,1483,469
284.1267000185326,1763,3453,1409,474
284.34110002126545,2582,1366,1216,464
284.6508999937214,3469,159,1045,459
284.90460000466555,4095,0,951,453
285.1294000283815,4095,0,880,447
285.3140000370331,4095,0,813,433
285.501700011082,4095,0,752,419
285.69210000569,3745,0,694,400
285.8829000033438,2549,0,640,375
286.088099994231,1597,1733,820,386
286.28719999687746,738,3217,987,400
286.48760000942275,86,4095,1123,407
286.6803000215441,0,4095,1200,422
286.8763000005856,0,4095,1277,439
287.0857000234537,0,4095,1339,459
287.28119999868795,0,4095,1402,483
287.5128000159748,845,4095,1465,511
287.73120004916564,1890,2871,1356,510
287.92060003615916,0,4095,1616,485
288.11120003229007,0,4095,1628,499
288.30230003222823,0,4095,1643,511
288.4948000428267,0,4095,1656,533
288.6862000450492,0,4095,1675,555
288.8795000035316,0,4095,1697,581
289.11380004137754,1185,4095,1727,603
289.3225000007078,2229,1889,1484,586
289.52260001096874,3136,454,1281,569
289.71260000253096,4095,0,1141,558
289.9015000439249,4095,0,1047,541
290.11780000291765,4095,0,960,511
290.3049000306055,4095,0,885,494
290.4854000080377,4095,0,813,464
290.66790000069886,2859,0,743,433
290.86310003185645,1915,718,814,431
291.0682000219822,983,2723,989,436
291.37039999477565,291,4095,1158,447
291.5736000286415,0,4095,1229,452
291.7625000118278,0,4095,1297,464
291.9736000476405,0,4095,1361,480
292.18230000697076,2674,0,1168,446
292.40370000479743,2034,585,1163,447
292.6181000075303,1392,2159,1242,455
292.8398000076413,766,3216,1328,464
293.06340002221987,113,4095,1415,479
293.2736999937333,0,4095,1456,493
293.4755000169389,0,4095,1500,509
293.6834000283852,0,4095,1535,531
293.89309999533,0,4095,1582,555
294.1193000297062,877,4095,1620,576
294.3442999967374,1915,2861,1487,574
294.55809999490157,2900,874,1275,557
294.75470003671944,3853,0,1108,541
294.9568000040017,4095,0,1015,528
295.1854999992065,4095,0,935,501
295.3749000444077,4095,0,864,483
295.5636000260711,4095,0,798,461
295.7544000237249,3219,0,730,432
296.01829999592155,2256,0,710,411
296.29349999595433,1294,2315,913,423
296.5832000481896,4095,0,1001,413
296.771900029853,4095,0,910,406
296.988699992653,4095,0,827,396
297.1798999933526,4095,0,754,384
297.36500000581145,4095,0,702,370
297.55060002207756,2848,0,655,355
297.74780001025647,1919,694,729,358
297.9650000343099,985,2704,914,374
298.1766000157222,309,4095,1093,391
298.36620000423864,0,4095,1170,400
298.55890001636,0,4095,1250,422
298.7532000406645,0,4095,1318,443
298.9693999988958,0,4095,1377,466
299.1846000077203,453,4095,1443,496
299.4105000398122,1535,4095,1447,511
299.63510000379756,2559,1296,1215,497
299.8358000186272,3473,95,1041,485
300.0218000379391,4095,0,953,481
300.2097000135109,4095,0,878,464
300.4031000309624,4095,0,814,450
300.5993000115268,4095,0,753,432
300.79660000046715,3749,0,695,409
300.9937000460923,2559,0,642,383
301.2975000310689,3712,0,942,393
301.5663000405766,4095,0,863,388
301.7681000055745,4095,0,784,383
302.03960003564134,4095,0,721,371
302.2961000096984,4095,0,682,368
302.500499994494,4095,0,640,359
302.7113000280224,3152,0,595,339
302.904500043951,2224,0,592,336
303.11790003906935,1250,2285,814,354
303.3501000027172,489,3769,989,370
303.59630001476035,0,4095,1101,385
303.8115000235848,0,4095,1185,400
304.02040004264563,0,4095,1261,420
304.28139999276027,0,4095,1327,442
304.49410004075617,0,4095,1393,468
304.75260003004223,1179,4095,1458,502
304.9831000389531,2227,1978,1261,491
305.193500011228,3143,510,1088,481
305.38720003096387,4095,0,961,471
305.58290000772104,4095,0,893,464
305.7777000358328,4095,0,823,448
305.9843000373803,4095,0,763,432
306.1802000156604,4095,0,705,410
306.3985000480898,2445,1587,1114,406
306.60080001689494,3055,635,977,400
306.7907000076957,3667,0,850,395
306.975900020916,4095,0,787,391
307.1610000333749,4095,0,737,386
307.34870000742376,4095,0,691,382
307.5570000219159,4095,0,653,370
307.773900043685,3787,0,609,355
307.98979999963194,2589,0,571,336
308.2280000089668,1616,1639,751,353
308.4328999975696,767,3148,926,366
308.644600037951,117,4095,1072,379
308.84930002503097,0,4095,1155,398
309.0471000177786,0,4095,1232,416
309.2524000094272,0,4095,1302,436
309.5631000469439,0,4095,1367,463
310.0035000243224,857,4095,1437,494
310.4206999996677,1915,2800,1322,494
310.6918000266887,2889,865,1129,479
310.91350002679974,3841,0,976,469
311.17490003816783,4095,0,903,463
311.415100004524,4095,0,835,449
311.89850001828745,0,4095,1437,441
312.39560001995414,785,4095,1485,467
312.91360000614077,1483,4095,1520,491
313.46870004199445,2265,1991,1312,476
314.0100000309758,3175,510,1133,469
314.6305000409484,4095,0,1006,465
315.2391000185162,4095,0,926,457
315.7752000261098,4095,0,853,447
316.34300004225224,4095,0,788,432
316.6823000065051,4095,0,726,411
316.9973000185564,2866,0,671,386
317.2764000482857,1923,787,753,386
317.48440000228584,1005,2721,935,400
317.6986000034958,305,4095,1106,413
317.91120005073026,0,4095,1185,421
318.12180002452806,0,4095,1262,435
318.32140003098175,0,4095,1327,457
318.5913000488654,0,4095,1388,474
319.15110000409186,446,4095,1454,502
319.61589999264106,1535,4095,1463,528
320.1631000265479,125,4095,1638,496
320.5798999988474,0,4095,1648,506
320.96179999643937,0,4095,1659,528
321.31730002583936,0,4095,1669,541
321.52850000420585,0,4095,1683,560
321.7316000373103,0,4095,1702,581
321.94720004918054,819,4095,1729,607
322.19269999768585,1886,2836,1584,601
322.42480001877993,2866,848,1354,582
322.6254000328481,3792,0,1179,566
322.8238000301644,4095,0,1084,551
323.027300008107,4095,0,990,530
323.22310004383326,4095,0,912,505
323.415000049863,4095,0,838,478
323.6021000193432,3232,0,768,449
323.7907000002451,2263,0,722,429
323.9968999987468,1301,2229,929,434
324.2057000170462,538,3659,1097,445
324.40199999837205,0,4095,1197,448
324.6004999964498,0,4095,1267,458
324.7982000466436,0,4095,1333,470
324.9948000302538,2995,0,1161,446
325.20230003865436,2355,0,1037,433
325.4325000452809,1721,1397,1130,439
325.66130004124716,992,2739,1223,449
325.8734000264667,311,4095,1357,465
326.07110001845285,0,4095,1402,479
326.2871000333689,0,4095,1451,494
326.49060001131147,0,4095,1490,510
326.7390000401065,0,4095,1535,535
326.96440001018345,449,4095,1584,560
327.18910003313795,1535,4095,1581,575
327.4113000370562,2559,1308,1326,555
327.7096000383608,3458,102,1139,534
327.9674000223167,4095,0,1041,527
328.1960000167601,4095,0,955,506
328.4063000464812,4095,0,881,486
328.6109000327997,4095,0,815,464
328.8107000407763,3696,0,749,436
329.0392000344582,2544,0,686,409
329.2883000103757,1584,1723,861,418
329.55850003054366,4095,0,988,406
329.93420003913343,4095,0,899,401
330.14239999465644,4095,0,816,390
330.3534000297077,4095,0,750,384
330.6678000371903,4095,0,701,369
331.06180001050234,3167,0,648,354
331.4066000166349,2234,0,637,347
331.75569999730214,1254,2315,851,366
332.0932000060566,494,3765,1023,384
332.3637000285089,0,4095,1133,397
332.5726000475697,0,4095,1207,412
332.7763000270352,0,4095,1282,432
332.9818000202067,0,4095,1347,451
333.1864000065252,6,4095,1411,481
333.5215999977663,1195,4095,1472,509
333.9399000396952,2251,1940,1269,497
334.316199994646,3153,495,1098,487
334.67200002633035,4095,0,971,478
335.0819000042975,4095,0,899,464
335.54530004039407,4095,0,832,453
335.91550000710413,4095,0,773,434
336.25960000790656,4095,0,715,414
336.592500039842,2880,0,656,390
336.94970002397895,1931,861,752,389
337.2718000318855,4095,0,955,394
337.4640000401996,4095,0,866,386
337.66190003370866,4095,0,790,381
337.8577000112273,4095,0,723,369
338.18060002522543,4095,0,679,363
338.5005000163801,3744,0,631,348
338.7250000378117,2555,0,589,334
338.9326000469737,1595,1658,769,350
339.1416000085883,748,3136,939,368
339.3511000322178,91,4095,1086,382
339.547700015828,0,4095,1168,398
339.7471000207588,0,4095,1243,417
340.0215000147,0,4095,1312,435
340.3022999991663,0,4095,1375,464
340.5439000343904,873,4095,1442,496
340.79640003619716,1917,2835,1330,496
341.04130003834143,2890,875,1136,484
341.2627000361681,3841,0,980,473
341.46180003881454,4095,0,911,464
341.658900026232,4095,0,840,452
341.8775000027381,4095,0,779,434
342.0892000431195,4095,0,720,417
342.4102000426501,3205,0,666,393
342.8734000190161,3046,615,1006,391
343.28790003200993,3670,0,875,385
343.6002000235021,4095,0,803,383
343.94310001516715,4095,0,742,379
344.266600033734,4095,0,693,371
344.6624000207521,4095,0,656,366
345.11690004728734,4095,0,617,350
345.5898000393063,2839,0,576,335
346.12310002557933,1911,908,686,339
346.66040004231036,979,2794,875,359
347.25440002512187,304,4095,1050,377
348.02110004238784,0,4095,1134,389
348.93790003843606,0,4095,1214,401
349.5735000469722,0,4095,1284,431
350.2169999992475,0,4095,1351,453
350.93810001853853,458,4095,1415,483
351.59350000321865,1559,4095,1429,501
352.1868000389077,2587,1307,1199,489
352.7943000080995,3481,118,1023,474
353.6018000449985,4095,0,938,470
353.9279000251554,4095,0,865,458
354.2818000423722,4095,0,800,442
354.5161000220105,724,4095,1424,447
354.77020003600046,1455,4095,1451,464
354.9990000319667,2144,2101,1268,453
355.219200020656,2895,809,1110,447
355.42510001687333,3823,0,966,443
355.6321000214666,4095,0,896,441
355.8576000505127,4095,0,829,431
356.08600004343316,4095,0,770,419
356.3103000051342,4095,0,714,401
356.5242000040598,3186,0,658,383
356.7342000314966,2251,0,630,368
356.9537000148557,1277,2256,848,382
357.169300026726,511,3691,1019,396
357.37770004197955,0,4095,1131,403
357.59450000477955,0,4095,1210,421
357.8016000101343,0,4095,1280,438
358.0155000090599,0,4095,1344,458
358.229500008747,23,4095,1409,485
358.45290002180263,1203,4095,1471,523
358.795200008899,2251,1943,1267,498
359.0011000051163,0,4095,1596,479
359.2713000252843,0,4095,1616,496
359.7207000129856,0,4095,1630,510
360.14910001540557,0,4095,1647,531
360.38000002736226,0,4095,1666,557
360.60930002713576,482,4095,1695,578
360.83380004856735,1566,4095,1699,599
361.0616000369191,2597,1409,1425,578
361.3523000385612,3491,179,1232,561
361.76840000553057,4095,0,1116,549
362.1955999988131,4095,0,1020,533
362.600399996154,4095,0,935,506
363.0105000338517,4095,0,861,483
363.56930003967136,3742,0,789,454
364.1668000491336,2559,0,720,427
364.61340001551434,1603,1779,896,432
365.05530000431463,752,3235,1059,439
365.367199992761,97,4095,1183,447
365.62630004482344,0,4095,1254,461
365.8892000094056,0,4095,1323,469
366.15090002305806,0,4095,1379,485
366.4507000357844,2320,0,1171,441
366.77540000528097,1664,1489,1255,455
367.086400045082,1045,2638,1319,464
367.4054000293836,503,3757,1406,475
367.7177000208758,0,4095,1461,487
368.0110000423156,0,4095,1500,500
368.4379000333138,0,4095,1534,527
368.95160004496574,0,4095,1575,542
369.3557000369765,0,4095,1611,564
369.79650001740083,1200,4095,1649,591
370.2257000259124,2252,1920,1422,572
370.6586000043899,3163,469,1227,557
371.05010001687333,4095,0,1094,540
371.42929999390617,4095,0,1001,527
371.8025000416674,4095,0,921,499
372.1761000342667,4095,0,849,479
372.5304999970831,4095,0,782,451
372.8980000014417,2846,0,718,426
373.28790000174195,1920,919,809,420
373.713500041049,983,2801,982,431
374.1538000176661,4095,0,1022,419
374.49080002261326,4095,0,924,411
374.7946000075899,4095,0,839,401
375.0831999932416,4095,0,769,388
375.37650001468137,3666,0,709,371
375.7313000387512,2530,0,654,353
376.1207000352442,1579,1686,827,368
376.4868000289425,723,3191,992,385
376.8526000203565,74,4095,1133,400
377.20839999383315,0,4095,1206,415
377.56330001866445,0,4095,1279,432
377.91520002065226,0,4095,1343,451
378.2988000311889,0,4095,1406,479
378.66220000432804,838,4095,1470,509
379.04260004870594,1909,2759,1345,506
379.3751000193879,2880,827,1151,494
379.6763000427745,3807,0,995,481
379.9791000201367,4095,0,922,471
380.3408000385389,4095,0,852,462
380.7424000115134,4095,0,788,442
381.0380000504665,4095,0,731,420
381.3190000364557,3169,0,674,400
381.5824000048451,2238,0,660,384
381.84250000631437,4095,0,939,387
382.1108000120148,4095,0,855,384
382.3487000190653,4095,0,784,376
382.56390002788976,4095,0,719,368
382.7900000032969,4095,0,676,363
382.99980002921075,4095,0,631,351
383.2067000330426,2889,0,591,336
383.4260000148788,1936,911,697,341
383.6633000173606,1020,2790,883,357
383.88630002737045,335,4095,1059,378
384.10530000692233,0,4095,1142,390
384.3139000236988,0,4095,1219,407
384.52160003362224,0,4095,1291,430
384.790200041607,0,4095,1356,455
385.1130999973975,528,4095,1424,487
385.4204000090249,1580,4095,1434,501
385.7156000449322,2597,1315,1200,487
385.99690003320575,3500,98,1023,476
386.259000049904,4095,0,941,469
386.50100002996624,4095,0,866,459
386.70170004479587,4095,0,802,441
386.9000000413507,4095,0,743,427
387.10220000939444,3684,0,688,400
387.32670003082603,2772,1019,1054,401
387.54080003127456,3367,223,914,398
387.7417000476271,4051,0,823,387
387.9483000491746,4095,0,762,384
388.1614000420086,4095,0,714,379
388.3592000347562,4095,0,671,371
388.5584000381641,4095,0,631,362
388.7566000339575,3176,0,589,346
388.9556000358425,2240,0,581,336
389.1706000431441,1274,2285,803,352
389.3909000325948,511,3700,976,369
389.59820003947243,0,4095,1091,383
389.8011000128463,0,4095,1174,400
390.0076000136323,0,4095,1251,421
390.21590002812445,0,4095,1319,441
390.42330003576353,1,4095,1390,470
390.6487000058405,1203,4095,1454,499
390.8716000150889,2277,1866,1243,485
391.11260004574433,3169,446,1072,476
391.317900037393,4095,0,953,467
391.5217000176199,4095,0,880,461
391.7338000028394,4095,0,816,446
391.9692000490613,306,4095,1424,441
392.21030002227053,1093,4095,1476,467
392.4478000262752,1795,3280,1390,467
392.67840003594756,2592,1307,1200,461
392.9018000490032,3485,109,1023,451
393.14420003211126,4095,0,942,449
393.3545000036247,4095,0,870,443
393.55999999679625,4095,0,803,431
393.75940000172704,4095,0,745,415
393.9638000447303,3758,0,688,395
394.1666000173427,2556,0,637,370
394.3870000075549,1600,1706,815,385
394.6017000125721,748,3168,976,397
394.8130000499077,78,4095,1117,402
395.0212000054307,0,4095,1197,418
395.23110003210604,0,4095,1268,437
395.56900004390627,0,4095,1332,455
395.86730004521087,0,4095,1396,479
396.1704000248574,839,4095,1461,509
396.40890003647655,1901,2801,1343,507
396.64200000697747,0,4095,1609,481
396.8532000435516,0,4095,1622,496
397.0694000017829,0,4095,1639,511
397.2814000444487,0,4095,1651,529
397.4945000372827,0,4095,1667,556
397.70120003959164,2,4095,1694,578
397.9316000477411,1201,4095,1723,603
398.1615999946371,2279,1907,1483,590
398.38810003129765,3183,480,1283,567
398.6039000446908,4095,0,1142,558
398.8190999953076,4095,0,1047,539
399.02620000066236,4095,0,959,511
399.23770003952086,4095,0,881,495
399.4426000281237,4095,0,809,464
399.6494000311941,2853,0,739,436
399.87060002749786,1906,885,823,430
400.0882999971509,982,2769,996,438
400.3132000216283,304,4095,1159,446
400.5259000114165,0,4095,1232,454
400.76310001313686,0,4095,1297,464
401.0103000327945,0,4095,1360,479
401.338100025896,2662,0,1168,443
401.5682000317611,2026,545,1155,443
401.8002999946475,1391,2151,1235,457
402.02989999670535,752,3218,1322,464
402.24620001390576,93,4095,1413,477
402.4679000140168,0,4095,1456,491
402.684600034263,0,4095,1494,507
402.90380001533777,0,4095,1531,528
403.12150004319847,0,4095,1579,553
403.351700049825,880,4095,1617,576
403.58870005002245,1938,2827,1481,569
403.83640001527965,2925,880,1270,551
404.0612000389956,3870,0,1104,535
404.2839000467211,4095,0,1013,527
404.49280000757426,4095,0,933,497
404.70100002130494,4095,0,860,479
404.9391000298783,4095,0,795,454
405.15940001932904,3199,0,723,431
405.3653000155464,2247,7,718,411
405.5897000362165,1285,2352,918,421
405.7999000069685,4095,0,998,414
406.0061000054702,4095,0,905,406
406.21180000016466,4095,0,826,397
406.4178999979049,4095,0,756,383
406.6189000150189,4095,0,699,369
406.8208000389859,2835,0,647,354
407.0633000228554,1905,860,741,363
407.29709999868646,985,2753,925,378
407.53100003348663,306,4095,1094,393
407.75250003207475,0,4095,1171,402
407.97110000858083,0,4095,1249,423
408.1908999942243,0,4095,1316,446
408.4088000236079,0,4095,1379,464
408.64600002532825,464,4095,1442,496
408.89800002332777,1563,4095,1447,511
409.13750004256144,2596,1267,1211,496
409.41590000875294,3477,80,1040,485
409.63040001224726,4095,0,950,479
409.84830004163086,4095,0,878,464
410.06170003674924,4095,0,813,449
410.3002000483684,4095,0,753,430
410.5184000218287,3653,0,691,405
410.7390000135638,2532,0,641,382
410.95320001477376,3774,0,934,389
411.28759999992326,4095,0,853,386
411.51890001492575,4095,0,784,382
411.7513000383042,4095,0,720,373
412.01100003672764,4095,0,676,368
412.2476000338793,4095,0,639,358
412.481100007426,3211,0,593,341
412.7248000004329,2241,0,592,335
413.09770004590973,1280,2313,815,351
413.48670003935695,527,3777,991,369
413.7163000414148,0,4095,1102,384
413.9474999974482,0,4095,1182,400
414.1904000425711,0,4095,1258,421
414.4365999964066,0,4095,1325,445
414.67010002816096,22,4095,1392,470
414.9164000409655,1219,4095,1459,502
415.1719000074081,2283,1933,1254,493
415.42350000236183,3200,461,1079,478
415.6677999999374,4095,0,959,471
415.89520004345104,4095,0,885,461
416.12850001547486,4095,0,817,446
416.34480003267527,4095,0,759,431
416.5593000361696,4095,0,702,406
416.8265000334941,2463,1558,1104,404
417.0554000302218,3071,621,973,400
417.2729999991134,3705,0,848,395
417.51870000734925,4095,0,784,390
417.9959000321105,4095,0,733,387
418.22819999651983,4095,0,688,378
418.44410001067445,4095,0,650,368
418.66000002482906,3711,0,604,353
418.88519999338314,2558,0,567,336
419.12920004688203,1599,1727,754,351
419.36490003718063,752,3206,930,368
419.6013000328094,79,4095,1074,384
419.8282000143081,0,4095,1158,398
420.05860002245754,0,4095,1233,416
420.3024000162259,0,4095,1301,437
420.53020000457764,0,4095,1367,464
420.7633000332862,838,4095,1436,494
421.0070000262931,1920,2830,1324,495
421.23880004510283,2891,839,1123,481
421.45870003150776,3822,0,976,469
421.66849999921396,4095,0,902,464
421.8811000464484,4095,0,835,448
422.1203000051901,4095,0,774,435
422.36660001799464,1102,4095,1414,441
422.60230000829324,1824,3233,1331,443
422.8578000329435,2510,1489,1165,438
423.1011000229046,3200,466,1017,431
423.33240003790706,4095,0,909,430
423.54640003759414,4095,0,845,425
423.7612000433728,4095,0,784,415
423.9752000430599,4095,0,726,401
424.1934000165202,4095,0,675,385
424.40680001163855,2851,0,624,367
424.6296000201255,1913,885,724,368
424.85400004079565,978,2772,909,383
425.091200042516,302,4095,1082,400
425.34680000972,0,4095,1163,407
425.58840004494414,0,4095,1236,427
425.8419999969192,0,4095,1305,444
426.1044000159018,0,4095,1367,467
426.3996999943629,499,4095,1434,496
426.76689999643713,1578,4095,1439,511
427.14990000240505,2607,1291,1205,496
427.46050003916025,0,4095,1584,477
427.7222999953665,0,4095,1599,496
427.98610002500936,0,4095,1618,511
428.29640000127256,0,4095,1638,532
428.6856999970041,0,4095,1664,558
429.11210004240274,862,4095,1695,585
429.62390003958717,1936,2841,1535,579
430.1969000371173,2917,871,1328,565
430.7725999969989,3873,0,1155,549
431.2447000411339,4095,0,1061,538
431.78500002250075,4095,0,971,511
432.20690003363416,4095,0,895,493
432.436500035692,4095,0,822,467
432.6676000491716,3167,0,752,439
432.8953000367619,2230,0,722,422
433.14030003966764,1264,2311,928,430
433.5075000417419,511,3766,1095,438
433.91910003265366,0,4095,1191,443
434.32530004065484,0,4095,1263,458
434.78850001702085,0,4095,1328,467
435.44790003215894,0,4095,1390,489
435.9534000395797,2001,668,1296,460
436.42530002398416,1331,2233,1357,471
436.8926000315696,794,3136,1417,480
437.3847999959253,304,4095,1493,494
437.67519999528304,0,4095,1520,505
437.9707000334747,0,4095,1557,526
438.2293000235222,0,4095,1587,543
438.49940004292876,0,4095,1616,561
438.78700002096593,484,4095,1651,583
439.0838000108488,1599,4095,1653,595
439.3707000417635,2620,1363,1389,577
439.6134000271559,3535,135,1195,559
439.85290004638955,4095,0,1088,548
440.1001000078395,4095,0,995,528
440.3335000388324,4095,0,913,499
440.6279000104405,4095,0,845,478
440.9237999934703,3742,0,775,450
441.2253000191413,2545,0,706,420
441.5331000345759,1587,1783,883,431
441.81750004645437,4095,0,999,413
442.1017999993637,4095,0,908,410
442.6054000505246,4095,0,826,395
443.21330002276227,4095,0,757,386
443.63720004912466,4095,0,705,374
444.0312000224367,3187,0,655,359
444.6463000494987,2250,0,640,352
445.27190004009753,1281,2326,857,368
446.5265000471845,511,3810,1035,384
447.48100003926083,0,4095,1135,399
448.87520000338554,0,4095,1215,413
449.9897000496276,0,4095,1285,433
450.2589000039734,0,4095,1347,454
450.4943000501953,0,4095,1414,482
450.7526000379585,1221,4095,1477,511
451.00170001387596,2291,1936,1272,496
451.32530003320426,3193,466,1095,485
451.7970000160858,4095,0,973,479
452.37020001513883,4095,0,897,466
453.19780003046617,4095,0,831,451
453.7790000322275,4095,0,770,435
454.486700007692,4095,0,714,415
455.6379000423476,2826,0,656,389
456.3247000332922,1891,880,751,388
456.6933000460267,4095,0,947,395
457.05250004539266,4095,0,864,390
457.33390003442764,4095,0,786,379
457.58260000729933,4095,0,718,368
457.82640000106767,4095,0,677,365
458.06770003400743,3637,0,627,349
458.33049999782816,2524,0,586,333
458.6237000185065,1561,1791,778,349
458.8674000115134,721,3247,947,368
459.10550002008677,62,4095,1088,382
459.48180003324524,0,4095,1168,399
460.2208000142127,0,4095,1245,415
460.5030000093393,0,4095,1311,435
460.7852000044659,0,4095,1375,465
461.0810000449419,838,4095,1442,495
461.42110001528636,1913,2827,1329,496
463.16620003199205,2881,877,1136,483
464.0829000272788,3825,0,981,473
465.32509999815375,4095,0,909,464
467.1105000306852,4095,0,839,449
468.14950002590194,4095,0,778,434
469.2674000398256,4095,0,720,417
471.2011000374332,3165,0,662,394
472.25520003121346,3101,528,991,393
473.27640000730753,3749,0,869,387
475.24590004468337,4095,0,797,384
476.1840000282973,4095,0,737,374
477.19110001344234,4095,0,691,369
479.2214000481181,4095,0,652,362
480.34330003429204,4095,0,611,350
481.0634000459686,2847,0,573,336
483.0510000465438,1908,714,662,339
484.1172000160441,976,2688,854,356
486.11240001628175,302,4095,1040,372
487.5865000067279,0,4095,1125,388
489.100500009954,0,4095,1205,404
490.14579999493435,0,4095,1277,431
491.183300036937,0,4095,1344,453
493.26110002584755,496,4095,1410,480
495.0957000255585,1598,4095,1415,496
496.1460000486113,2624,1286,1187,483
498.20790003286675,3527,85,1010,472
499.3362000095658,4095,0,927,464
500.3617000184022,4095,0,859,454
502.03329999931157,4095,0,793,438
503.27260000631213,730,4095,1417,443
505.1535000093281,1455,4095,1470,464
506.17020000936463,2153,2230,1282,453
508.12100002076477,2897,869,1120,448
509.22430003993213,3840,0,970,443
511.0100000165403,4095,0,899,441
512.2135000419803,4095,0,832,432
513.1677000317723,4095,0,769,419
515.0404000305571,4095,0,717,401
516.1535000079311,3169,0,660,384
517.1182000194676,2226,0,656,369
519.0426000044681,1245,2345,865,384
520.3044000081718,498,3805,1040,400
522.1311000059359,0,4095,1137,407
523.1972000328824,0,4095,1218,423
524.2751000332646,0,4095,1289,437
526.0644000372849,0,4095,1347,462
527.3308000178076,48,4095,1415,487
529.1658000205643,1216,4095,1475,511
531.1790000414476,2278,1846,1264,501
532.303900050465,3195,454,1088,487
534.1474000015296,0,4095,1535,461
535.3399000014178,0,4095,1574,479
536.3906000275165,0,4095,1595,496
538.0988999968395,0,4095,1617,525
539.2830000491813,491,4095,1650,552
541.4051000261679,1582,4095,1632,565
543.0771000101231,2607,1312,1374,551
544.317800027784,3509,88,1178,531
545.3907000483014,4095,0,1078,527
547.211299999617,4095,0,987,506
548.2716000406072,4095,0,908,489
549.6379000251181,4095,0,835,465
551.1667000246234,3695,0,766,443
552.3417000076734,2524,0,702,412
554.0790000231937,1566,1785,880,422
555.234500032384,720,3246,1041,432
557.1392000420019,66,4095,1168,435
558.5810000193305,0,4095,1237,448
559.36539999675,0,4095,1308,461
561.2705000094138,0,4095,1370,477
562.2205000254326,2318,0,1168,441
564.2028000438586,1648,1535,1251,454
565.333400038071,1062,2666,1313,464
567.3021000111476,509,3833,1407,477
568.3105000061914,0,4095,1457,491
570.1169000240043,0,4095,1495,501
571.1062000482343,0,4095,1534,526
573.1218000291847,0,4095,1573,541
574.2528000264429,58,4095,1610,563
576.1101000243798,1233,4095,1648,591
577.6046999963,2279,1904,1414,570
579.1036000009626,3186,462,1222,554
580.3572000004351,4095,0,1091,539
582.1406000177376,4095,0,998,525
583.0659000203013,4095,0,919,498
584.2552999965847,4095,0,847,477
585.7181000174023,4095,0,782,450
587.1777000138536,2837,0,716,426
588.133100012783,1891,859,801,418
590.4245999990962,953,2768,975,427
591.5959000121802,4095,0,1013,414
592.6104999962263,4095,0,919,402
594.2814000300132,4095,0,833,393
595.5265000229701,4095,0,763,382
596.6239999979734,3703,0,705,368
598.217900027521,2543,0,647,350
599.4050000444986,1584,1738,826,368
601.1996000306681,733,3230,994,384
602.2680000169203,77,4095,1130,395
603.4349999972619,0,4095,1203,410
605.1387000479735,0,4095,1278,431
606.1926000402309,0,4095,1342,448
608.1057999981567,0,4095,1402,474
609.1569000273012,870,4095,1467,505
611.1832000315189,1936,2828,1351,501
612.2251000488177,2911,876,1150,492
614.1321000177413,3856,0,998,479
615.3271000366658,4095,0,923,469
616.2413000129163,4095,0,851,454
618.1212000083178,4095,0,787,440
619.1748999990523,4095,0,730,421
620.2580000390299,3179,0,673,399
622.2113000112586,2231,55,678,384
623.3889000141062,4095,0,940,394
624.1912000114098,4095,0,853,389
626.0945000103675,4095,0,784,379
627.1228000405245,4095,0,719,368
628.1971000134945,4095,0,673,365
629.3403000454418,4095,0,632,350
631.1345000285655,2854,0,587,336
632.1728000184521,1898,939,700,341
634.1066000168212,982,2798,882,359
635.1860000286251,290,4095,1059,375
637.0672000339255,0,4095,1140,389
638.1549000507221,0,4095,1218,405
639.1624000389129,0,4095,1291,431
641.1007000133395,0,4095,1356,454
642.2648000298068,496,4095,1423,483
644.1881000064313,1587,4095,1439,503
646.0381000069901,2608,1334,1203,490
647.1760999993421,3490,123,1035,475
648.9879000000656,4095,0,944,468
650.1354000065476,4095,0,871,458
651.3230000273325,4095,0,803,443
652.3701000260189,4095,0,745,426
654.1535000433214,3664,0,687,402
655.3098000003956,2785,981,1046,395
657.2528000106104,3376,192,911,388
658.713600016199,4060,0,819,384
659.9582000053488,4095,0,756,381
661.2024000496604,4095,0,705,374
662.2690000222065,4095,0,668,370
663.2439999957569,4095,0,625,357
665.1460000430234,3146,0,586,337
666.1840000306256,2219,0,579,333
667.2843000269495,1254,2321,807,349
669.3352000438608,502,3762,978,368
670.3887000330724,0,4095,1092,380
672.1251000417396,0,4095,1173,400
673.2414000434801,0,4095,1250,419
675.11100001866,0,4095,1320,441
676.1767000425607,23,4095,1389,468
678.1482000369579,1225,4095,1453,498
679.2480000294745,2288,1869,1239,487
681.0665000230074,3184,453,1071,475
682.2095999959856,4095,0,954,467
683.1799999927171,4095,0,879,458
685.0811000331305,4095,0,815,443
686.2555000116117,452,4095,1424,437
688.1833000225015,1193,4095,1473,464
690.067200048361,1883,2836,1344,463
691.1561000160873,2610,1254,1177,450
693.0592000135221,3502,64,1007,446
694.1701000323519,4095,0,928,447
695.181799994316,4095,0,855,433
697.0545999938622,4095,0,793,427
698.19040002767,4095,0,735,407
699.1640000487678,3659,0,681,387
701.0406000190414,2525,0,627,368
702.2019000141881,1535,1779,815,379
704.0293000172824,710,3259,978,395
705.2657000022009,50,4095,1114,401
706.434799998533,0,4095,1194,417
708.1737000262365,0,4095,1267,435
709.1942999977618,0,4095,1329,453
711.038000008557,0,4095,1395,478
711.9967000326142,866,4095,1459,506
714.0636999974959,1936,2795,1339,503
715.1793999946676,0,4095,1606,476
717.0728000346571,0,4095,1620,492
718.1031000218354,0,4095,1635,506
719.2079999949783,0,4095,1649,528
721.166200004518,0,4095,1669,549
722.3247000365518,32,4095,1695,576
724.1795000154525,1230,4095,1723,598
726.1171000427566,2295,1845,1474,580
727.2085000295192,3186,445,1275,564
728.3483000355773,4095,0,1124,551
730.1667000283487,4095,0,1043,535
731.2837000354193,4095,0,958,511
733.1542000174522,4095,0,880,490
734.1386000043713,4095,0,811,463
735.1564000127837,2858,0,737,432
737.237700028345,1903,889,821,430
738.260000012815,987,2778,994,432
740.171300014481,303,4095,1159,446
741.182200028561,0,4095,1231,451
742.3212000285275,0,4095,1296,464
744.108300015796,0,4095,1360,479
745.2507000416517,2659,0,1165,439
747.1968000172637,2015,686,1168,444
748.3900000224821,1359,2208,1242,455
750.1862000208348,721,3278,1330,464
751.3713000225835,70,4095,1418,477
753.0944000463933,0,4095,1456,491
754.080300044734,0,4095,1497,503
756.1576000298373,0,4095,1535,528
757.2058000368997,0,4095,1579,551
759.168500022497,867,4095,1621,575
760.4184999945574,1936,2779,1478,567
762.2040000278503,2903,839,1264,550
763.2917000446469,3825,0,1104,535
765.1463000220247,4095,0,1014,511
766.0710000200197,4095,0,932,499
767.1716000186279,4095,0,861,478
768.3306999970227,4095,0,790,459
770.3268000041135,3120,0,723,430
771.1598000023514,2192,0,704,410
773.051000025589,1219,2313,909,419
774.2030000081286,4095,0,994,407
775.1867000479251,4095,0,901,402
777.1340000326745,4095,0,819,392
778.0230000498705,4095,0,752,379
779.3778000050224,4095,0,695,368
780.3492000093684,2833,0,644,351
782.3053000029176,1877,836,736,357
783.25209999457,944,2765,919,374
785.2907000342384,277,4095,1090,389
786.4206000231206,0,4095,1169,401
788.4188000462018,0,4095,1248,420
789.6173000335693,0,4095,1313,443
790.6850000144914,0,4095,1376,464
792.606600036379,479,4095,1442,495
794.1919000004418,1577,4095,1439,508
795.1223000418395,2615,1278,1209,496
797.2858000430278,3504,80,1038,480
798.4301000251435,4095,0,947,474
799.3936000275426,4095,0,877,463
801.1157000437379,4095,0,809,447
802.8330000233836,4095,0,750,429
803.926800028421,3683,0,691,403
805.1725000259466,2541,0,639,381
806.2525000423193,3773,0,932,387
807.2130000218749,4095,0,849,386
809.1156000155024,4095,0,782,378
810.3962000459433,4095,0,719,370
811.5339000360109,4095,0,674,367
812.6011000131257,4095,0,637,354
814.2210000078194,3167,0,592,336
815.2771000168286,2215,0,592,331
817.1797000104561,1261,2343,816,352
818.211900012102,489,3834,991,370
819.2627000389621,0,4095,1101,384
821.2381000048481,0,4095,1178,400
822.2499000257812,0,4095,1257,425
824.2813000106253,0,4095,1327,443
825.444600021001,33,4095,1392,469
827.2255000192672,1228,4095,1456,497
828.3673000405543,2285,1889,1249,490
830.1724000484683,3190,464,1074,477
831.2450000084937,4095,0,956,468
833.1344000180252,4095,0,882,461
834.1767000383697,4095,0,816,445
835.2769000339322,4095,0,757,430
837.1675999951549,4095,0,695,409
838.03149999585,2832,0,646,382
839.2090999986976,3397,185,948,387
841.3706000428647,4095,0,854,385
842.056900030002,4095,0,784,378
843.3714000275359,4095,0,720,371
844.2885000258684,4095,0,682,368
846.1431000032462,4095,0,642,356
847.2376000136137,3687,0,595,341
848.4432999975979,2519,0,560,330
850.2971000270918,1555,1799,754,345
851.3055000221357,720,3259,929,363
853.0903000500984,75,4095,1072,378
854.3087000143714,0,4095,1153,391
856.1200000112876,0,4095,1230,413
857.3337999987416,0,4095,1298,433
858.4593000123277,0,4095,1365,462
860.1658000261523,883,4095,1431,492
862.1095000416972,1937,2689,1308,487
863.2067000144161,2902,797,1114,477
864.9785000015981,3841,0,970,467
866.2105000112206,4095,0,896,462
867.2563000000082,4095,0,827,448
868.2645999942906,4095,0,771,432
870.083500049077,4095,0,713,413
871.2433000328019,2207,2058,1151,406
873.2582000084221,2848,927,1015,402
874.409000040032,3437,164,883,397
876.1027000145987,4095,0,803,390
877.2076000459492,4095,0,752,387
878.3656000159681,4095,0,702,382
880.0722000305541,4095,0,661,374
881.0434000333771,4095,0,620,358
882.2115000220947,2833,0,578,339
884.2086000367999,1899,951,689,347
885.2276999969035,966,2834,880,365
887.2562000178732,280,4095,1054,380
888.1248999969102,0,4095,1136,393
890.1142000104301,0,4095,1215,410
891.305299999658,0,4095,1287,431
892.425500031095,0,4095,1351,459
894.2782999947667,508,4095,1421,484
896.0745999938808,1600,4095,1430,502
897.1085000084713,2621,1308,1198,489
899.1737000178546,3520,88,1019,474
900.1388000324368,0,4095,1520,457
901.2831000145525,0,4095,1535,477
903.1477000098675,0,4095,1578,496
904.208899999503,0,4095,1605,511
906.139200029429,900,4095,1645,555
907.4135000118986,1967,2673,1487,550
909.1611000476405,2935,811,1277,535
910.266800026875,3903,0,1112,523
912.11239999393,4095,0,1022,505
913.2743999944068,4095,0,938,492
914.1427000286058,4095,0,865,469
916.1089000408538,4095,0,796,449
917.0946000376716,3151,0,726,424
918.2506000506692,2208,0,707,405
920.206600043457,1243,2314,912,415
921.272500010673,480,3765,1081,429
923.133600037545,0,4095,1179,432
924.2559000267647,0,4095,1253,448
926.026200002525,0,4095,1319,460
927.2759000305086,0,4095,1380,480
928.2697000307962,42,4095,1439,505
930.1347000291571,1233,4095,1501,536
931.3738000346348,349,4095,1648,496
933.0908000119962,0,4095,1653,508
934.1529000084847,0,4095,1661,527
936.173600028269,0,4095,1671,537
937.1288000256754,0,4095,1685,560
939.110100036487,0,4095,1703,576
940.2666999958456,528,4095,1726,601
942.3494000220671,1614,4095,1697,614
943.3803000138141,2630,1302,1429,592
945.2672000043094,3548,82,1230,573
946.1746000451967,4095,0,1123,560
948.0991000309587,4095,0,1023,541
949.6603000443429,4095,0,944,511
950.4330000490882,4095,0,867,490
952.1478000096977,3684,0,790,462
953.1582000199705,2519,0,721,431
954.1728000040166,1558,1822,905,437
956.1491000349633,718,3297,1070,446
957.204400037881,74,4095,1187,450
959.1494000051171,0,4095,1260,460
960.155900043901,4095,0,1136,437
962.0774000068195,3866,0,1013,422
963.0475000012666,2918,0,909,405
964.1756000346504,2204,0,863,398
966.2518000113778,1239,2347,1050,418
967.1855000196956,490,3820,1200,432
969.1806000191718,0,4095,1281,441
970.1941999956034,0,4095,1343,457
972.1209999988787,0,4095,1397,471
973.2934000203386,0,4095,1449,495
974.2672000429593,57,4095,1501,523
976.1819000123069,1247,4095,1559,554
978.0532000004314,2298,1818,1328,531
979.1684999945574,3201,391,1143,511
981.1274000094272,4095,0,1023,503
982.2676000185311,4095,0,944,492
983.2052999990992,4095,0,869,470
985.049800015986,4095,0,802,453
986.1547000473365,4095,0,738,430
987.3032000032254,2814,0,682,402
989.0672000474297,1881,956,784,402
990.2842000010423,4095,0,963,400
991.4930000086315,4095,0,880,394
993.1734999991022,4095,0,800,383
994.3784000352025,4095,0,734,373
995.5344000482,4095,0,688,367
997.1591000212356,3701,0,639,351
998.2989000272937,2530,0,592,335
999.4016000418924,1563,1837,787,355
1001.4227000065148,727,3281,960,370
1002.6337000308558,80,4095,1094,384
1004.0909000090323,0,4095,1173,399
1005.3296000114642,0,4095,1251,420
1007.1354000247084,0,4095,1318,440
1008.2235000445507,0,4095,1385,469
1010.0770000135526,894,4095,1451,496
1011.275900003966,1951,2703,1323,496
1013.1637000013143,2897,807,1132,482
1014.2999000381678,3849,0,978,473
1015.2532000211067,4095,0,908,464
1017.215900006704,4095,0,838,451
1018.3308999985456,4095,0,778,435
1019.2664000205696,4095,0,719,416
1021.1194000439718,3152,0,665,395
1022.2147000022233,2205,0,645,375
1023.2353000319563,4095,0,930,384
1024.2138000321575,4095,0,848,382
1026.149500044994,4095,0,770,373
1027.2331000305712,4095,0,711,366
1028.2656000345014,4095,0,670,359
1030.109600047581,4095,0,625,347
1031.1886999988928,2832,0,584,333
1032.2958000469953,1885,912,690,338
1034.3891000375152,963,2793,880,359
1035.3250000043772,269,4095,1054,374
1037.2388000250794,0,4095,1138,387
1038.2494000368752,0,4095,1216,406
1040.1242999942042,0,4095,1287,431
1041.2035000044852,0,4095,1351,454
1043.0078000063077,511,4095,1419,483
1044.3558000260964,1599,4095,1424,499
1046.2356000207365,2624,1294,1194,483
1047.7287000394426,3520,86,1018,473
1049.4451000122353,4095,0,931,465
1050.7633000379428,4095,0,863,454
1051.8749000038952,4095,0,795,439
1053.0978000024334,4095,0,739,422
1054.4095000368543,3643,0,681,399
1055.6480000377633,2828,1023,1049,394
1057.2984000318684,3429,229,912,389
1058.3549000439234,4095,0,819,384
1060.2047000429593,4095,0,755,379
1061.121600039769,4095,0,707,374
1062.1508000185713,4095,0,667,369
1063.382400025148,4095,0,625,357
1065.2160000172444,3137,0,586,339
1066.3668000488542,2198,11,593,333
1068.209899996873,1221,2358,815,352
1069.292200030759,473,3849,990,371
1071.2274000397883,0,4095,1098,383
1072.1750000375323,0,4095,1179,400
1073.4167000046,0,4095,1255,419
1075.1436999998987,0,4095,1323,444
1076.2951000360772,43,4095,1391,468
1078.2895000302233,1243,4095,1456,499
1080.1279000006616,2294,1851,1243,486
1081.1862000264227,3200,430,1071,476
1082.3590999934822,4095,0,955,467
1084.3007999937981,4095,0,880,462
1085.534900019411,0,4095,1447,441
1086.1102000344545,0,4095,1489,464
1088.1441000383347,783,4095,1531,491
1090.1641999953426,1601,4075,1503,499
1091.397500014864,2627,1258,1266,492
1093.2692000060342,3549,47,1086,481
1094.4328000186943,4095,0,993,479
1095.318200008478,4095,0,913,465
1097.2224000142887,4095,0,845,448
1098.2597999973223,4095,0,781,432
1099.3808000348508,3698,0,719,410
1101.1833000229672,2525,0,659,385
1102.6240999926813,1561,1745,839,397
1104.1723000234924,727,3210,1003,407
1105.2260000142269,80,4095,1136,416
1107.083800015971,0,4095,1211,428
1108.2366000046022,0,4095,1283,443
1109.330300008878,0,4095,1344,464
1111.2349000177346,0,4095,1407,487
1112.390200025402,882,4095,1469,511
1114.2655000439845,1954,2623,1331,509
1115.2354000369087,0,4095,1612,478
1117.2007000423037,0,4095,1623,495
1118.2404000428505,0,4095,1641,511
1120.119400031399,0,4095,1651,529
1121.1822000332177,0,4095,1674,553
1122.1515000215732,36,4095,1695,576
1124.2744000046514,1232,4095,1725,603
1126.1710000107996,2301,1853,1477,583
1127.2996000479907,3190,459,1280,567
1129.1108000441454,4095,0,1140,555
1130.2609000122175,4095,0,1043,537
1131.3243000186048,4095,0,958,511
1133.1558999954723,4095,0,880,491
1134.3775000423193,4095,0,810,464
1135.1078000152484,2826,0,738,432
1137.135200027842,1878,1037,837,431
1138.1326999980956,966,2822,1003,433
1140.1441000052728,286,4095,1162,445
1141.2045000470243,0,4095,1234,453
1143.099400040228,0,4095,1299,464
1144.3147000391036,3889,0,1146,437
1146.0226000053808,2896,0,1023,427
1147.0200000330806,2286,0,943,413
1148.094400006812,1556,1791,1071,422
1150.1531000249088,721,3236,1205,437
1151.317400042899,75,4095,1309,450
1153.1306999968365,0,4095,1363,464
1154.3074999935925,0,4095,1418,480
1156.0802000458352,0,4095,1463,498
1157.1437999955378,0,4095,1514,527
1159.1564000118524,910,4095,1567,555
1160.6438000453636,1974,2667,1421,545
1162.2829000116326,2928,816,1217,529
1163.4494000463746,3869,0,1065,511
1165.166600025259,4095,0,976,498
1166.354700049851,4095,0,898,482
1167.3728000023402,4095,0,832,463
1168.3871000423096,4095,0,768,441
1170.1545999967493,3131,0,705,415
1171.1151000345126,2197,0,694,400
1173.0240000179037,1235,2321,897,406
1174.0679999929853,4095,0,982,401
1175.3375999978743,4095,0,893,399
1177.0612000254914,4095,0,813,385
1178.0454000108875,4095,0,745,373
1179.1502000414766,4095,0,690,364
1180.151900043711,2793,0,637,346
1182.1777000441216,1856,919,738,355
1183.2998000318184,938,2794,919,369
1185.1753999944776,267,4095,1090,389
1186.255800013896,0,4095,1168,400
1188.2205000147223,0,4095,1244,417
1189.1217000083998,0,4095,1312,436
1191.119700029958,0,4095,1376,464
1192.2126000281423,498,4095,1438,495
1194.1674000117928,1614,4095,1439,507
1195.2937000314705,2635,1278,1207,493
1197.1472000004724,3520,80,1037,478
1198.237600037828,4095,0,946,475
1199.2528000264429,4095,0,876,461
1201.126700034365,4095,0,806,447
1202.1781000075862,4095,0,750,427
1203.2194000203162,3627,0,690,401
1205.1557000377215,2515,0,636,381
1206.1766000115313,3758,0,930,385
1207.1463000029325,4095,0,851,386
1209.1113000060432,4095,0,781,379
1210.1540000294335,4095,0,717,368
1211.2453000154346,4095,0,675,365
1212.2505000443198,4095,0,635,354
1214.128100022208,3152,0,592,339
1215.5739000299945,2213,0,599,334
1217.01150003355,1251,2351,816,353
1218.2876000297256,496,3847,992,368
1219.2348000244237,0,4095,1102,382
1221.173900004942,0,4095,1182,400
1222.2071000142023,0,4095,1259,421
1224.0721000125632,0,4095,1327,443
1225.1618000445887,89,4095,1392,470
1227.1907000103965,1271,4095,1456,503
1228.2945000333712,2320,1846,1245,490
1230.2921999944374,3233,417,1071,475
1231.7902000504546,4095,0,957,470
1233.201300026849,4095,0,880,461
1234.2709000222385,4095,0,815,446
1235.5106000322849,4095,0,754,431
1236.9742000009865,4095,0,697,406
1238.0247000255622,2829,0,643,384
1239.10230002366,3409,183,948,386
1241.0060000256635,4095,0,853,385
1242.0836000237614,4095,0,782,381
1243.2569999946281,4095,0,720,371
1244.7013000492007,4095,0,679,368
1246.3047000346705,4095,0,639,360
1247.5689999992028,3583,0,595,342
1249.2507999995723,2496,0,560,327
1250.566600007005,1534,1839,759,346
1251.6909000114538,703,3319,939,366
1253.1767000327818,58,4095,1072,376
1254.528300021775,0,4095,1156,395
1256.0926000005566,0,4095,1232,414
1257.2693999973126,0,4095,1299,435
1258.4704000037163,0,4095,1367,462
1260.1934000267647,893,4095,1434,494
1262.1490000165068,1963,2751,1313,492
1263.2839000434615,2937,816,1121,479
1265.0580000481568,3888,0,971,468
1266.4581999997608,4095,0,898,463
1267.777000030037,4095,0,830,447
1269.2569000064395,4095,0,767,432
1270.4420000081882,4095,0,711,411
1271.9712000107393,2224,2000,1146,407
1273.278200009372,2867,877,1008,400
1274.6403000201099,3450,114,875,394
1276.5211000223644,4095,0,800,390
1277.6827000197954,4095,0,750,389
1278.8607000256889,4095,0,703,383
1280.1914000301622,4095,0,656,368
1281.4006000407971,4095,0,619,357
1282.5403000460938,2815,0,576,338
1284.2450000462122,1861,913,687,345
1285.4641000158153,941,2781,872,363
1287.100100016687,258,4095,1045,377
1288.2976999972016,0,4095,1134,391
1290.1251000002958,0,4095,1210,409
1291.1578000057489,0,4095,1280,432
1292.4060000223108,0,4095,1346,454
1294.3336000316776,528,4095,1414,482
1296.1080000386573,1619,4095,1417,499
1297.3787999944761,2642,1267,1186,486
1299.1072000004351,3549,64,1008,473
1300.7145000156015,0,4095,1511,458
1302.1299000247382,0,4095,1535,475
1303.317700047046,0,4095,1573,493
1304.4946000445634,0,4095,1601,511
1306.1576000181958,912,4095,1642,551
1307.9849000205286,1965,2640,1481,549
1309.3148000189103,2934,796,1268,535
1310.5275999987498,3888,0,1109,511
1312.267100031022,4095,0,1017,510
1313.7483000173233,4095,0,934,492
1315.0013000122271,4095,0,861,471
1316.1982000456192,4095,0,794,449
1317.3513000365347,3146,0,724,423
1318.5486000147648,2194,3,717,405
1320.164000033401,1232,2379,918,415
1321.7200000071898,485,3889,1091,430
1323.1707999948412,0,4095,1183,432
1324.2455000290647,0,4095,1251,447
1326.0778000112623,0,4095,1323,464
1327.1919999970123,0,4095,1379,478
1328.3234999980778,52,4095,1440,506
1330.198500014376,1244,4095,1501,538
1332.0026000146754,334,4095,1648,496
1333.3150999969803,0,4095,1653,509
1334.512800036464,0,4095,1662,527
1336.2276999978349,0,4095,1674,545
1337.6701000379398,0,4095,1684,559
1339.2342000151984,0,4095,1705,576
1340.4097000020556,508,4095,1727,599
1342.143100046087,1605,4080,1681,610
1343.5126999975182,2624,1249,1421,591
1345.2286000247113,3529,43,1220,569
1346.4953000075184,4095,0,1115,560
1348.2371999998577,4095,0,1019,539
1349.594800034538,4095,0,939,511
1350.9041999932379,4095,0,862,490
1352.566800022032,3669,0,785,460
1353.896500018891,2512,0,720,430
1354.7186000505462,1535,1829,901,435
1356.008400034625,706,3308,1069,443
1357.2128000087105,50,4095,1185,448
1359.1202000388876,0,4095,1258,455
1360.1174000068568,4095,0,1133,436
1362.0448000147007,3829,0,1008,422
1363.0723000387661,2896,0,907,402
1364.1798000317067,2183,0,860,396
1366.091400035657,1222,2353,1050,416
1367.5492000184022,474,3758,1200,432
1369.0798000316136,0,4095,1279,439
1370.1138000469655,0,4095,1340,454
1371.9812000053935,0,4095,1397,474
1373.122200020589,0,4095,1447,495
1375.033100019209,48,4095,1501,525
1376.1480000102893,1254,4095,1559,550
1378.0378000228666,2307,1867,1331,531
1379.3285000137985,3215,453,1152,511
1381.1082000029273,4095,0,1023,503
1382.3934000101872,4095,0,944,492
1383.147300046403,4095,0,871,474
1385.0658000446856,4095,0,805,451
1386.0944000189193,4095,0,742,430
1387.256400019396,2800,0,681,400
1389.0463000279851,1856,1073,791,400
1390.1233000215143,4095,0,963,399
1391.1666000494733,4095,0,880,396
1393.1253000046127,4095,0,801,384
1394.2243000492454,4095,0,734,371
1395.4002000391483,4095,0,687,367
1397.0900000422262,3645,0,637,351
1398.4784000203945,2510,0,592,336
1400.0518000102602,1525,1836,787,352
1401.1485000373796,689,3259,958,369
1402.3775000241585,34,4095,1090,383
1404.1949000093155,0,4095,1174,400
1405.495700018946,0,4095,1249,417
1407.0620000129566,0,4095,1318,441
1408.4488000371493,0,4095,1382,465
1410.006100020837,886,4095,1447,496
1411.3297000294551,1952,2559,1308,493
1413.0507000372745,2910,755,1119,481
1414.096900029108,3858,0,976,470
1415.0568000040948,4095,0,902,464
1417.0156000182033,4095,0,833,449
1418.1971999933012,4095,0,772,432
1419.0220000455156,4095,0,718,414
1421.024200040847,3129,0,659,392
1422.1967000048608,3122,583,993,387
1423.3130000066012,3773,0,870,384
1425.1616999972612,4095,0,798,382
1426.3737000292167,4095,0,736,376
1427.1640999941155,4095,0,689,370
1428.2744000083767,4095,0,655,365
1430.2283000433818,4095,0,610,348
1431.7813999950886,2812,0,571,336
1432.9992000130005,1877,965,687,337
1434.133600036148,954,2800,871,358
1436.0896000289358,273,4095,1047,374
1437.1443000272848,0,4095,1133,384
1438.1463000318035,0,4095,1211,404
1440.0800000294112,0,4095,1283,427
1441.1694000009447,0,4095,1347,450
1443.0454000248574,559,4095,1415,480
1444.3437000154518,1627,3952,1399,496
1446.1269000312313,2649,1209,1177,481
1448.1614000396803,3551,30,1002,469
1449.237400025595,4095,0,923,464
1450.4565999959596,4095,0,851,451
1452.0343000185676,4095,0,787,437
1453.490900050383,4095,0,731,418
1454.8238000134006,1877,2963,1246,412
1456.1879000393674,2559,1379,1090,411
1458.096700021997,3152,511,957,400
1459.0185999986716,3895,0,848,398
1460.2341999998316,4095,0,790,399
1461.6462000412866,4095,0,737,390
1463.1456000497565,4095,0,690,381
1464.4269000273198,4095,0,646,368
1465.6701000058092,3131,0,599,352
1467.1809000428766,2191,0,607,340
1468.1411000201479,1221,2353,821,362
1470.047200040426,467,3846,999,380
1471.1416000500321,0,4095,1105,385
1473.0438000406139,0,4095,1187,403
1474.5553000248037,0,4095,1263,422
1476.1484000482596,0,4095,1328,447
1477.5345000089146,79,4095,1393,475
1479.0066000423394,1263,4095,1457,503
1480.55460001342,2318,1815,1243,490
1482.3604000266641,3217,410,1072,478
1483.7445000302978,0,4095,1529,459
1484.8972000181675,0,4095,1564,478
1486.1051000189036,0,4095,1585,496
1487.4001000425778,0,4095,1613,511
1489.145900006406,529,4095,1648,550
1490.7866000430658,1607,4095,1616,566
1492.2382000368088,2624,1248,1359,550
1493.300900037866,3527,48,1168,530
1495.0789000140503,4095,0,1071,526
1496.1268000188284,4095,0,976,503
1498.0220000143163,4095,0,898,484
1499.1240000235848,4095,0,830,463
1500.358999997843,3614,0,758,435
1501.3592000468634,2501,0,696,411
1503.206700028386,1525,1822,878,419
1505.049500032328,697,3297,1043,429
1506.5902000060305,48,4095,1166,432
1507.7807000488974,0,4095,1236,446
1508.994200034067,0,4095,1306,461
1510.093400022015,0,4095,1369,479
1512.0827000355348,0,4095,1424,498
1513.8233000179753,902,4095,1486,529
1515.0619000196457,565,3607,1605,496
1516.25620003324,128,4095,1637,506
1518.1811000220478,0,4095,1647,524
1519.5276000304148,0,4095,1654,531
1520.9775000112131,0,4095,1671,555
1522.3173000267707,0,4095,1685,574
1523.6808000481687,53,4095,1711,592
1525.028400006704,1251,4095,1737,618
1527.0254000206478,2315,1803,1486,593
1528.135500033386,3223,400,1281,576
1529.9757000175305,4095,0,1147,561
1531.0502999927849,4095,0,1056,546
1532.1243000216782,4095,0,963,526
1534.1079999925569,4095,0,887,496
1535.2176000014879,4095,0,814,465
1536.6236999980174,2791,0,742,435
1538.05850003846,1858,1008,839,432
1539.1063000424765,937,2832,1007,438
1541.117100045085,258,4095,1167,448
1542.4588000169024,4095,0,1083,431
1544.0187000203878,4095,0,976,417
1545.3268000273965,4095,0,882,402
1546.704500040505,3648,0,796,385
1548.1463000178337,2503,0,726,368
1549.4601000100374,1535,1840,905,387
1551.0622000438161,714,3264,1067,403
1552.2011000430211,53,4095,1183,413
1553.508800046984,0,4095,1259,427
1555.142400029581,0,4095,1323,446
1556.364800024312,0,4095,1380,464
1558.0305000185035,0,4095,1439,491
1559.6472000470385,911,4095,1495,525
1561.2683999934234,1979,2641,1360,510
1562.5648000277579,2943,795,1165,500
1564.1050999984145,3888,0,1013,490
1565.0620000087656,4095,0,938,479
1566.23799999943,4095,0,863,463
1568.087000050582,4095,0,799,448
1569.0614000195637,4095,0,739,427
1570.3722000471316,3123,0,684,400
1571.9837000360712,2181,5,677,385
1573.1281000189483,1231,2355,883,400
1574.1895000101067,4095,0,970,397
1576.1761000030674,4095,0,881,393
1577.6373000117019,4095,0,802,381
1579.174200014677,4095,0,735,373
1580.3618000354618,4095,0,682,359
1581.3280000002123,2800,0,630,342
1582.4114000424743,1867,929,734,351
1584.0594000183046,938,2797,915,368
1585.0727999932133,276,4095,1086,385
1587.044300045818,0,4095,1167,396
1588.279900024645,0,4095,1242,416
1590.0034999940544,0,4095,1305,435
1591.1425999947824,0,4095,1371,463
1593.1670000427403,546,4095,1434,493
1594.75760004716,1631,4018,1424,503
1596.1514000082389,2661,1215,1195,491
1597.3161000292748,3552,34,1017,478
1599.0526000387035,4095,0,939,471
1600.431300001219,4095,0,864,458
1601.5772999962792,4095,0,801,442
1602.9986999928951,4095,0,742,426
1604.0333000128157,3667,0,686,400
1605.5779000162147,2875,875,1039,399
1607.225300045684,3492,99,899,389
1608.6118000093848,4095,0,816,386
1610.185300000012,4095,0,752,379
1611.5183000219986,4095,0,704,373
1612.7833999926224,4095,0,666,368
1614.6579000051133,4095,0,624,355
1615.997700020671,3123,0,585,341
1617.3394999932498,2192,101,606,336
1618.7230000505224,1211,2413,820,352
1620.0377000495791,474,3888,996,370
1621.3311000028625,0,4095,1101,384
1622.6193000329658,0,4095,1181,400
1623.874600045383,0,4095,1261,419
1625.1053000451066,0,4095,1326,443
1626.4250000240281,67,4095,1392,469
1628.2233000383712,1264,4095,1456,501
1629.2737000039779,2324,1872,1246,489
1631.0546000022441,3214,471,1074,475
1632.107600045856,4095,0,958,467
1634.0807999949902,4095,0,882,462
1635.2583999978378,0,4095,1447,439
1636.5357000031509,0,4095,1490,465
1638.1757000344805,805,4095,1534,488
1640.0680000078864,1630,4074,1506,499
1641.8395999935456,2654,1235,1267,489
1643.0298000341281,3545,43,1087,478
1644.3440000293776,4095,0,993,473
1645.7220000447705,4095,0,912,464
1647.4898000014946,4095,0,845,447
1648.6324000288732,4095,0,783,432
1649.0445000235923,3664,0,719,407
1651.0022000293247,2512,0,657,385
1652.1746999933384,1535,1821,846,397
1654.263100004755,693,3278,1008,405
1655.690300045535,54,4095,1137,414
1656.9899000460282,0,4095,1217,428
1658.3071000059135,0,4095,1285,445
1659.7307000192814,0,4095,1347,464
1661.8196000345051,0,4095,1408,487
1663.1878000334837,903,4095,1472,511
1664.3902999931015,1973,2655,1338,508
1665.0653000106104,0,4095,1616,481
1667.046200018376,0,4095,1623,496
1668.0628000176512,0,4095,1647,511
1669.3654000409879,0,4095,1655,531
1671.1632999940775,0,4095,1679,555
1672.60950000491,80,4095,1701,577
1674.1524999961257,1266,4095,1728,603
1676.4148999936879,2334,1776,1472,579
1678.0980000039563,3239,406,1276,564
1679.763099993579,4095,0,1139,553
1680.065900029149,4095,0,1048,539
1681.0584000195377,4095,0,958,511
1683.0141000100411,4095,0,880,491
1684.0717000304721,4095,0,810,463
1685.0369000458159,2800,0,738,432
1687.112600018736,1850,1005,834,432
1688.6100000119768,937,2832,1006,436
1690.0027000228874,249,4095,1163,443
1691.4871000335552,0,4095,1233,449
1692.9774000309408,0,4095,1299,462
1694.2129000090063,3779,0,1149,442
1695.0338000315242,2863,0,1023,427
1697.0470999949612,2263,0,955,416
1698.1995000387542,1522,1880,1083,429
1700.2148000174202,701,3326,1219,443
1701.1764000053518,54,4095,1318,454
1703.1076000421308,0,4095,1373,465
1704.114500025753,0,4095,1424,481
1706.084400007967,0,4095,1470,500
1707.2884000372142,0,4095,1519,528
1709.1184000018984,915,4095,1575,556
1710.4233000427485,1990,2727,1425,547
1712.110800028313,2943,829,1225,530
1713.1165000027977,3888,0,1072,511
1714.3890000297688,4095,0,981,499
1716.098900011275,4095,0,905,485
1717.4309000256471,4095,0,835,464
1718.7533000251278,4095,0,769,442
1719.988299999386,3119,0,709,415
1721.304600010626,2176,116,716,400
1723.1983999954537,1216,2416,912,412
1724.7069000150077,4095,0,987,401
1726.3692000415176,4095,0,896,396
1728.2397000235505,4095,0,816,385
1729.6047999989241,4095,0,750,371
1730.8905000099912,4095,0,688,365
1732.1643000468612,2797,0,640,346
1733.5062000202015,1845,962,747,354
1734.8979000234976,934,2817,927,371
1736.3010999979451,272,4095,1093,387
1737.7052000374533,0,4095,1170,400
1739.150800043717,0,4095,1247,414
1740.4654000420123,0,4095,1315,438
1741.9802999938838,0,4095,1378,463
1744.1274000448175,552,4095,1443,491
1745.5863000359386,1629,3975,1424,507
1747.0260999980383,2651,1201,1199,492
1748.4483000007458,3553,23,1021,475
1749.8423000215553,4095,0,943,470
1750.6159000331536,4095,0,867,461
1751.1307999957353,4095,0,804,444
1752.377400000114,4095,0,745,425
1753.5164000000805,3679,0,688,400
1755.0968000432476,2507,0,634,378
1756.1340000247583,3792,0,928,384
1757.3523000464775,4095,0,848,384
1759.1016000369564,4095,0,777,373
1760.816199996043,4095,0,717,368
1762.1047000284307,4095,0,673,361
1763.359800039325,4095,0,633,351
1764.629200042691,3145,0,591,336
1765.911100024823,2182,74,609,334
1767.0609000488184,1217,2405,823,351
1768.338900001254,466,3906,1003,369
1770.3692000359297,0,4095,1102,382
1772.0369000453502,0,4095,1187,399
1773.576800012961,0,4095,1261,419
1775.1426000031643,0,4095,1328,444
1777.0174000179395,64,4095,1392,470
1778.4208999946713,1255,4095,1458,502
1779.78720003739,2320,1792,1239,486
1781.235900009051,3226,384,1066,474
1782.391100015957,4095,0,953,468
1783.1626000115648,4095,0,880,460
1784.4989000004716,4095,0,815,445
1785.6686000013724,4095,0,752,429
1787.3927000327967,4095,0,697,405
1788.8773000449874,2598,1354,1085,398
1790.2251000050455,3192,496,955,393
1791.574600036256,3845,0,838,384
1792.8119000280276,4095,0,775,383
1794.153599999845,4095,0,721,379
1796.0493999999017,4095,0,678,371
1797.453100036364,4095,0,640,362
1798.733000003267,3630,0,595,348
1799.153900006786,2499,0,560,329
1801.000000035856,1506,1890,765,348
1802.4842000450008,685,3328,941,365
1804.0265000308864,34,4095,1072,377
1805.6586000020616,0,4095,1155,394
1807.5629000086337,0,4095,1232,414
1808.9197000372224,0,4095,1301,432
1810.2159000118263,0,4095,1367,459
1811.6212000022642,906,4095,1431,491
1813.1806000019424,1969,2671,1305,486
1814.0204999945126,2927,816,1118,477
1815.2079000137746,3899,0,970,464
1816.1553000099957,4095,0,897,460
1818.208400043659,4095,0,830,444
1819.5946000050753,0,4095,1424,433
1821.220300043933,826,4095,1477,462
1822.6314000203274,1535,4095,1471,476
1824.369200039655,2333,1759,1267,464
1826.038500003051,3246,366,1090,458
1827.478000021074,4095,0,978,454
1829.363500000909,4095,0,901,448
1829.6568000223488,4095,0,832,433
1831.2955000437796,4095,0,771,422
1832.7195000019856,4095,0,714,401
1834.0267000021413,2800,0,656,378
1835.3957000072114,1840,926,755,380
1836.745200038422,930,2774,933,394
1838.2670000428334,247,4095,1101,404
1839.6089000161737,0,4095,1179,417
1841.1011000280268,0,4095,1251,432
1842.7360000205226,0,4095,1319,450
1843.7791000469588,0,4095,1380,470
1845.2042000135407,501,4095,1443,496
1847.0615000114776,1616,3933,1424,511
1848.6750000156462,99,4095,1622,479
1850.207900046371,0,4095,1634,493
1851.6120000276715,0,4095,1647,507
1853.1105000292882,0,4095,1659,529
1854.4881000416353,0,4095,1678,547
1855.8092000312172,0,4095,1695,574
1857.2738000075333,911,4095,1723,593
1858.6679000291042,1973,2701,1565,592
1860.0061000324786,2942,848,1344,575
1861.0324000474066,3888,0,1169,561
1863.0205999943428,4095,0,1074,545
1864.1789000248536,4095,0,981,528
1865.3148000012152,4095,0,906,497
1867.0882000005804,4095,0,831,471
1868.7995999935083,3151,0,759,442
1870.2380000031553,2183,171,765,426
1871.7142000095919,1207,2439,954,433
1873.3215000247583,464,3952,1125,444
1874.9088000040501,0,4095,1209,449
1875.7761000306346,0,4095,1280,458
1877.0424000103958,0,4095,1341,471
1878.2043000101112,2956,0,1159,437
1879.5952000073157,2316,0,1044,431
1881.1522000469267,1671,1504,1141,438
1883.012400008738,947,2799,1233,447
1884.6869000117294,263,4095,1360,464
1886.0447000479326,0,4095,1407,476
1887.2928000055254,0,4095,1456,495
1888.0710999947041,0,4095,1494,508
1890.1582999969833,0,4095,1535,533
1891.6986000258476,539,4095,1587,560
1893.0050000199117,1632,3824,1535,565
1895.0156000209972,2672,1169,1299,549
1898.738800024148,3571,5,1115,529
1899.38430004986,4095,0,1023,511
1899.6951000299305,4095,0,944,496
1900.028600008227,4095,0,868,478
1901.393000036478,4095,0,803,459
1903.3191000344232,3600,0,736,432
1904.8904000082985,2491,0,677,401
1906.3038000022061,1514,1849,863,413
1907.5553000438958,685,3289,1023,421
1908.1949000246823,4095,0,1020,413
1910.0948999985121,4095,0,925,403
1911.3226000335999,4095,0,839,393
1912.661400041543,4095,0,767,379
1913.9698999933898,3115,0,703,363
1915.7592999981716,2171,28,702,357
1917.0886000501923,1203,2378,901,372
1918.1647000368685,448,3853,1072,393
1919.3029000307433,0,4095,1168,400
1921.2372000329196,0,4095,1243,420
1922.6778000011109,0,4095,1309,437
1924.0780000109226,0,4095,1370,459
1925.4855000181124,55,4095,1429,487
1927.3458000388928,1263,4095,1490,511
1929.0365000488237,2319,1799,1270,497
1930.812500009779,3216,409,1098,490
1931.8574000499211,4095,0,977,478
1933.1694000284187,4095,0,905,467
1934.5429000095464,4095,0,833,452
1935.5250000371598,4095,0,774,434
1937.2911000391468,4095,0,714,414
1938.7002000003122,2811,0,656,389
1939.0415000380017,3418,154,956,387
1941.0850999993272,4095,0,861,385
1942.1924000489525,4095,0,787,379
1943.0977000156417,4095,0,726,371
1944.3330999929458,4095,0,684,368
1946.419700048864,4095,0,642,359
1948.169700044673,3636,0,603,342
1949.9178000260144,2501,0,561,330
1951.3950000400655,1531,1777,754,342
1952.7454000199214,694,3267,935,364
1954.5494000194594,42,4095,1072,375
1955.9464000049047,0,4095,1155,391
1957.3272000416182,0,4095,1232,410
1958.6386000155471,0,4095,1299,432
1960.1333000464365,0,4095,1367,459
1961.9611999951303,940,4095,1436,489
1963.372900034301,2003,2675,1308,487
1964.735700050369,2973,832,1121,476
1966.0419000429101,3964,0,971,466
1967.3911000136286,4095,0,898,461
1968.7768000294454,4095,0,832,446
1969.629500003066,4095,0,769,432
1970.0838000280783,4095,0,715,413
1971.4557999977842,2231,2032,1150,403
1973.2938000233844,2878,915,1013,400
1974.7727999929339,3479,151,882,390
1976.2737000128254,4095,0,802,390
1977.7474000002258,4095,0,752,387
1979.428100050427,4095,0,705,378
1981.1717999982648,4095,0,661,370
1982.5485000037588,4095,0,618,358
1983.9003999950364,2801,0,578,336
1985.4547000140883,1840,1009,697,345
1985.8707000385039,935,2803,880,363
1987.1582000050694,266,4095,1052,379
1988.20490000071,0,4095,1136,389
1990.0070000439882,0,4095,1215,409
1991.1192000145093,0,4095,1284,431
1992.3412000061944,0,4095,1351,454
1994.2352999933064,530,4095,1417,483
1996.1508000269532,1632,4031,1405,496
1997.249300009571,2661,1235,1181,484
1999.1343000438064,3566,47,1007,470
2000.4878000472672,0,4095,1515,452
2002.0760000334121,0,4095,1535,470
2003.0156000284478,0,4095,1575,488
2004.5207000221126,0,4095,1602,511
2006.445300008636,914,4095,1643,548
2008.2918000407517,1993,2593,1477,543
2009.9846000084653,2956,781,1267,531
2012.0911000412889,3920,0,1109,511
2014.0224000206217,4095,0,1016,502
2015.806000039447,4095,0,934,487
2018.1803000159562,4095,0,861,469
2019.5153999957256,4095,0,789,448
2019.8568000341766,3152,0,725,421
2020.1681000180542,2189,112,727,405
2020.6552000017837,1235,2422,927,416
2022.1257000230253,478,3959,1103,430
2023.74170004623,0,4095,1187,433
2024.790600000415,0,4095,1261,448
2025.9906999999657,0,4095,1327,461
2028.0016000033356,0,4095,1383,479
2029.0354000171646,74,4095,1445,503
2030.2366000250913,979,2790,1517,480
2032.2921000188217,491,3862,1584,496
2034.0238000499085,62,4095,1607,507
2035.6526999967173,0,4095,1617,524
2036.116600036621,0,4095,1639,535
2037.1860000304878,0,4095,1658,557
2039.1557000111789,0,4095,1680,575
2041.0443000146188,511,4095,1708,594
2043.0246000178158,1633,4095,1677,607
2044.0493000205606,2659,1261,1409,587
2045.447200012859,3558,67,1210,569
2047.4081000429578,4095,0,1106,555
2049.134300032165,4095,0,1012,538
2050.821900018491,4095,0,931,511
2052.5096000055782,4095,0,855,486
2054.2623000219464,3620,0,784,457
2056.813900009729,2505,0,720,429
2058.4704999928363,1531,1863,899,432
2058.9658000390045,700,3292,1062,442
2059.2990000150166,29,4095,1182,447
2059.689400019124,4095,0,1093,428
2060.045199992601,4095,0,983,418
2062.0363000198267,4095,0,885,402
2063.0689000245184,3152,0,799,384
2064.118300040718,2195,14,773,381
2066.1844999995083,1218,2383,974,398
2068.0252000456676,465,3856,1136,414
2069.744400039781,0,4095,1225,423
2071.4428999926895,0,4095,1289,439
2072.167900041677,0,4095,1355,458
2073.04790004855,0,4095,1409,476
2075.0428000465035,59,4095,1465,503
2076.0600000503473,1265,4095,1522,537
2078.170199994929,2325,1755,1294,511
2079.113200015854,3214,368,1111,499
2081.0530000017025,4095,0,999,493
2082.5838000164367,4095,0,920,479
2084.192900045309,4095,0,851,464
2085.797600040678,4095,0,785,448
2086.969099997077,4095,0,724,423
2087.3062000027858,2806,0,668,398
2089.146200043615,1850,950,768,399
2090.088700002525,4095,0,955,398
2091.2723999936134,4095,0,871,391
2092.9901000345126,4095,0,793,381
2094.024799996987,4095,0,727,371
2095.154300041031,4095,0,683,366
2097.163600032218,3621,0,635,347
2099.2540000006557,2505,0,592,334
2101.1536000296474,1533,1795,782,351
2102.8278000303544,704,3217,949,368
2104.5569000416435,35,4095,1088,384
2107.1231000241823,0,4095,1170,400
2108.234400046058,0,4095,1247,421
2108.628000016324,0,4095,1315,439
2108.9531000470743,0,4095,1380,464
2109.624300035648,909,4095,1445,496
2111.5394000080414,1993,2598,1309,491
2113.457700004801,2957,785,1121,481
2114.812300016638,3919,0,976,467
2115.3096000198275,4095,0,905,462
2117.1341000008397,4095,0,834,449
2118.1899000075646,4095,0,774,432
2120.0098000117578,4095,0,719,412
2122.0642999978736,3130,0,659,389
2123.919300036505,2179,3,657,377
2125.841600005515,4095,0,927,384
2128.434800019022,4095,0,847,380
2130.1054999930784,4095,0,773,371
2130.577100033406,4095,0,709,367
2130.865300016012,4095,0,667,365
2131.1753000481986,4095,0,624,347
2131.499500013888,2811,0,578,331
2133.1337000010535,1850,1088,708,339
2135.7731000171043,936,2849,887,357
2137.1611000504345,241,4095,1058,373
2137.643499998376,0,4095,1137,388
2138.0527000292204,0,4095,1217,405
2140.1262000435963,0,4095,1289,432
2142.9814000148326,0,4095,1354,451
2145.947500015609,501,4095,1421,483
2148.559399996884,1616,4095,1424,498
2150.5111000151373,2635,1283,1198,489
2151.7170000006445,3536,98,1018,471
2153.0272000236437,4095,0,937,465
2154.4673000462353,4095,0,863,455
2155.2110000047833,4095,0,797,438
2155.5999999982305,4095,0,739,423
2155.9183000354096,1872,3057,1258,415
2156.247000035364,2555,1396,1101,411
2157.4783000396565,3152,529,965,401
2159.1847999952734,3915,0,850,399
2160.4732000268996,4095,0,794,400
2161.96850000415,4095,0,741,391
2163.5232000262477,4095,0,694,383
2165.590599994175,4095,0,652,368
2167.386500048451,3141,0,605,351
2169.198200048413,2187,69,622,342
2171.6955000301823,1223,2403,833,362
2173.9030000171624,471,3888,1008,378
2176.68140004389,0,4095,1109,387
2179.836300027091,0,4095,1194,404
2182.820799993351,0,4095,1266,425
2184.1641000355594,0,4095,1331,448
2184.643800021149,117,4095,1398,474
2185.0097000133246,1282,4095,1461,506
2185.551900009159,2335,1811,1243,493
2186.0106000094675,3257,405,1072,479
2186.328300042078,0,4095,1534,460
2186.6350000491366,0,4095,1567,479
2186.9327000458725,0,4095,1587,495
2187.5026000197977,0,4095,1613,511
2189.1168000292964,503,4095,1648,551
2191.4234000141732,1623,4091,1615,563
2194.274800014682,2647,1251,1359,547
2197.3289000452496,3540,47,1166,531
2199.622900050599,4095,0,1071,524
2200.203100044746,4095,0,977,502
2200.542200007476,4095,0,899,483
2200.834900024347,4095,0,831,459
2201.1404000222683,3655,0,758,435
2202.0484000095166,2503,0,698,407
2203.804000047967,1535,1808,877,416
2206.1141000012867,702,3262,1040,429
2208.84420000948,45,4095,1165,432
2211.825800011866,0,4095,1235,442
2212.508400029037,0,4095,1301,461
2212.992800050415,0,4095,1363,474
2213.3060000487603,0,4095,1424,496
2214.2629000009038,1296,2222,1450,478
2215.7639000215568,759,3138,1499,495
2217.465399997309,313,4095,1574,503
2219.1193000180647,0,4095,1589,511
2220.7029000273906,0,4095,1607,528
2221.6925999964587,0,4095,1633,549
2222.0961000421084,0,4095,1650,563
2223.2067000004463,91,4095,1680,587
2225.1838000374846,1279,4095,1709,610
2227.030600013677,2336,1752,1456,585
2228.100100008305,3247,400,1261,570
2230.0464000436477,4095,0,1131,559
2231.072900001891,4095,0,1038,539
2232.302200049162,4095,0,946,511
2234.0809000306763,4095,0,877,492
2235.7683000154793,4095,0,800,462
2237.5941000063904,2811,0,731,433
2239.6071000257507,1854,1009,832,430
2241.7786000296474,943,2822,998,436
2243.9570000278763,258,4095,1159,446
2246.0041000158526,4095,0,1078,421
2247.7726000361145,4095,0,971,413
2249.646400043275,4095,0,880,399
2251.638300018385,3686,0,795,382
2253.2357000163756,2510,0,722,366
2255.207900016103,1527,1849,905,384
2256.9382000365295,691,3280,1065,400
2257.3961000307463,22,4095,1181,407
2257.7002000180073,0,4095,1255,422
2257.9927000333555,0,4095,1323,444
2258.2725000102073,0,4095,1377,464
2258.5738000343554,0,4095,1435,490
2259.1806999989785,890,4095,1497,511
2261.3774000201374,1970,2647,1359,511
2262.3760999995284,2938,803,1166,497
2264.077100029681,3897,0,1010,487
2265.1192000485025,4095,0,937,478
2266.066500043962,4095,0,866,461
2268.1077000452206,4095,0,795,443
2269.337700039614,4095,0,741,423
2270.927000034135,3159,0,681,400
2272.6685000234284,2188,85,688,386
2274.5781000121497,4095,0,943,390
2276.537100027781,4095,0,857,385
2278.5702000255696,4095,0,784,377
2280.561799998395,4095,0,722,368
2282.369500026107,4095,0,677,363
2284.2503000283614,4095,0,633,351
2286.1453000223264,2798,0,591,336
2287.14279999258,1840,915,699,341
2288.4136000066064,933,2785,883,360
2290.310700016562,247,4095,1058,379
2292.3345000017434,0,4095,1139,389
2294.1507000359707,0,4095,1218,407
2295.9090000367723,0,4095,1291,430
2297.6150000467896,0,4095,1358,453
2298.6320000491105,511,4095,1423,485
2298.9795000175945,1630,3981,1407,496
2299.2665000492707,2661,1232,1182,483
2299.520600005053,3559,49,1008,469
2300.502800033428,4095,0,927,464
2301.545599999372,4095,0,857,453
2301.8538000178523,4095,0,793,437
2302.139800041914,4095,0,736,421
2304.1759000043385,3648,0,680,398
2305.1429000333883,2878,871,1034,397
2307.3037000140175,3487,87,891,387
2308.4369000280276,4095,0,813,385
2309.155900031328,4095,0,752,379
2311.0312000499107,4095,0,702,371
2312.091700034216,4095,0,659,367
2313.024500035681,4095,0,624,355
2315.0181000237353,3127,0,583,337
2316.0636000102386,2151,16,592,327
2317.4879000289366,1207,2399,816,350
2319.128900009673,465,3913,993,368
2320.633399998769,0,4095,1097,379
2322.1276000258513,0,4095,1179,399
2323.5486000194214,0,4095,1255,419
2325.030100008007,0,4095,1323,441
2326.060499995947,71,4095,1390,465
2328.09200003976,1290,4095,1455,499
2329.936299996916,2357,1758,1232,482
2331.816299993079,3263,384,1063,471
2333.3267000271007,4095,0,950,464
2334.7517999936827,4095,0,880,454
2335.800700006075,4095,0,813,439
2336.832400003914,416,4095,1424,438
2338.1368000409566,1202,4095,1473,463
2340.2239000424743,1907,2934,1351,464
2342.7800000063144,2665,1263,1183,453
2344.5928000146523,3566,53,1007,447
2346.0519000072964,4095,0,929,446
2347.5774000398815,4095,0,854,435
2348.7840000307187,4095,0,791,426
2349.839000031352,4095,0,734,407
2350.651300046593,3583,0,678,389
2351.3831000309438,2481,0,627,368
2352.619900018908,1494,1821,816,382
2354.1673000436276,666,3253,979,395
2355.412000033539,5,4095,1113,403
2356.5323000075296,0,4095,1195,416
2358.2214000052772,0,4095,1265,432
2359.1931000119075,0,4095,1330,451
2361.128100019414,0,4095,1395,477
2362.1444000164047,885,4095,1457,506
2364.2013000207953,1961,2594,1321,499
2365.6109000439756,0,4095,1606,477
2367.122300027404,0,4095,1619,495
2368.597000022419,0,4095,1634,508
2369.9037000187673,0,4095,1649,528
2371.1002000491135,0,4095,1667,549
2372.3285000305623,49,4095,1694,575
2374.17429999914,1264,4095,1722,598
2375.7474000449292,2332,1761,1466,578
2377.315699995961,3226,397,1267,560
2378.676899999846,4095,0,1136,550
2380.10559999384,4095,0,1042,534
2381.4286999986507,4095,0,955,507
2382.7331000356935,4095,0,879,489
2384.1739000054076,4095,0,805,459
2385.6746000237763,2809,0,737,431
2387.091600045096,1858,1010,833,426
2388.436300039757,947,2832,1001,433
2390.138000017032,271,4095,1159,443
2391.3039000472054,0,4095,1232,448
2392.2972000436857,0,4095,1297,463
2394.181000010576,0,4095,1360,477
2395.1569000491872,2640,0,1164,432
2397.279000026174,1987,624,1163,438
2399.1773000452667,1341,2167,1233,448
2400.870700017549,690,3237,1323,459
2402.4501999956556,32,4095,1411,471
2403.8227000273764,0,4095,1455,486
2405.3343000123277,0,4095,1491,501
2406.807299994398,0,4095,1532,527
2408.2458000048064,0,4095,1577,545
2409.6930000232533,899,4095,1618,571
2411.123000027146,1991,2630,1459,562
2412.562200042885,2961,801,1258,547
2413.954999996349,3925,0,1099,530
2415.2817000285722,4095,0,1008,511
2416.5625000023283,4095,0,926,496
2417.87080001086,4095,0,855,476
2419.059100036975,4095,0,787,451
2420.3072999953292,3152,0,720,426
2421.063400048297,2185,115,723,410
2423.4031999949366,1221,2422,925,417
2425.1398000051267,4095,0,995,407
2426.6407000250183,4095,0,903,400
2427.6001999969594,4095,0,819,389
2428.342600003816,4095,0,751,376
2429.4230000232346,4095,0,693,367
2431.0526000335813,2801,0,642,348
2432.3411000077613,1846,1015,753,357
2434.194600034971,917,2839,931,374
2435.613200010266,244,4095,1095,387
2437.1572000090964,0,4095,1175,402
2438.169800036121,0,4095,1249,419
2439.427600009367,0,4095,1314,439
2441.224300011527,0,4095,1378,465
2442.6900999969803,525,4095,1441,494
2444.3126000114717,1623,4061,1430,505
2446.053000050597,2655,1232,1201,494
2447.091600042768,3554,48,1023,479
2448.3527000411414,4095,0,944,474
2450.490400020499,4095,0,871,461
2451.12360001076,4095,0,807,445
2452.1326000103727,4095,0,749,429
2454.106800025329,3682,0,688,402
2455.2281000069343,2897,875,1040,394
2457.285500015132,3526,75,896,385
2458.4639000240713,4095,0,817,382
2459.374400030356,4095,0,752,375
2461.0540000139736,4095,0,705,371
2462.374800001271,4095,0,662,367
2463.4177000261843,4095,0,624,356
2464.446300000418,3159,0,586,336
2466.1200999980792,2206,0,590,333
2467.3722000443377,1225,2354,810,348
2469.3059000419453,475,3823,985,367
2470.4913000459783,0,4095,1092,379
2472.0653000404127,0,4095,1175,396
2473.223800014239,0,4095,1250,419
2474.321100045927,0,4095,1319,439
2476.1214000172913,16,4095,1389,466
2477.3353000055067,1243,4095,1455,496
2479.2937000165693,2320,1776,1232,482
2481.1076000332832,3227,387,1061,469
2482.1877000504173,4095,0,949,464
2483.3815000019968,4095,0,879,454
2485.0998000474647,4095,0,813,439
2486.1884000129066,4095,0,751,426
2487.9966000444256,1505,4095,1395,433
2489.26639999263,2224,2123,1215,429
2491.134300013073,2851,977,1073,421
2492.3741000238806,3559,83,928,413
2493.2198000024073,4095,0,858,411
2495.1105000218377,4095,0,797,406
2496.110600011889,4095,0,741,399
2497.4698000005446,4095,0,690,386
2499.085300019942,3649,0,641,368
2500.1670000492595,2495,0,593,346
2501.38800003333,1520,1808,785,366
2503.1998000340536,679,3254,958,378
2504.305900016334,18,4095,1092,393
2506.1193000292405,0,4095,1174,403
2507.2775000007823,0,4095,1247,423
2509.0864000376314,0,4095,1317,443
2510.2190000470728,0,4095,1378,467
2512.0162999955937,893,4095,1447,496
2513.039400044363,1981,2629,1309,496
2515.2173000387847,2945,791,1123,481
2516.3828000077046,0,4095,1535,459
2518.0693000438623,0,4095,1578,477
2519.1177999950014,0,4095,1597,496
2520.333699998446,0,4095,1619,511
2522.208300011698,65,4095,1648,547
2523.307900002692,1277,4095,1682,575
2525.3481999970973,2326,1820,1436,558
2527.0598000497557,3238,400,1239,542
2528.386300022248,4095,0,1109,529
2529.1570000117645,4095,0,1015,510
2531.108100025449,4095,0,933,494
2532.221200002823,4095,0,859,473
2533.2009000121616,4095,0,785,448
2535.0500000058673,2819,0,720,422
2536.1795000499114,1870,896,812,418
2538.0540000041947,944,2789,979,427
2539.109000004828,272,4095,1146,433
2541.18360002758,0,4095,1218,442
2542.445700033568,0,4095,1286,454
2543.779400002677,0,4095,1350,471
2545.248900016304,0,4095,1408,493
2546.374600031413,1615,1473,1375,460
2548.1276000500657,995,2655,1423,473
2550.083900045138,511,3606,1488,489
2551.1720000067726,26,4095,1535,496
2552.450700022746,0,4095,1565,511
2554.2509999941103,0,4095,1591,530
2555.868300027214,0,4095,1616,550
2556.9258000468835,0,4095,1648,570
2558.654499996919,875,4095,1680,593
2560.314600006677,1958,2737,1523,585
2561.053100042045,2907,822,1311,565
2563.1104000494815,3854,0,1142,553
2564.336800016463,4095,0,1051,538
2565.4132000054233,4095,0,961,511
2567.268100043293,4095,0,885,492
2568.2719000033103,4095,0,816,469
2569.425699999556,3120,0,747,438
2571.20040000882,2175,0,721,417
2572.4247000180185,1201,2337,927,429
2574.2164000403136,450,3851,1102,437
2575.5170000484213,4095,0,1052,420
2576.076600002125,4095,0,949,411
2578.1468000495806,4095,0,860,399
2579.2149000335485,4095,0,783,384
2580.3915000287816,2802,0,718,368
2582.1483000181615,1840,723,785,371
2583.417100016959,925,2757,970,390
2585.3382000350393,251,4095,1137,403
2586.2911000149325,0,4095,1210,417
2588.1670000380836,0,4095,1280,432
2589.2510000267066,0,4095,1344,448
2590.3778000501916,0,4095,1403,473
2592.078300018329,511,4095,1462,501
2594.0908000338823,1616,4095,1465,511
2595.1555000501685,2640,1246,1227,500
2597.1182000357658,3537,14,1046,490
2598.2088000164367,4095,0,960,479
2599.0614000475034,4095,0,887,467
2601.029900019057,4095,0,820,450
2602.1900000050664,4095,0,757,432
2603.2667999970727,3569,0,697,406
2605.0073000369594,2482,0,645,384
2606.0687000281177,1521,1719,822,393
2607.182500010822,4095,0,958,395
2609.2416000319645,4095,0,869,387
2610.419800039381,4095,0,791,381
2611.613999994006,4095,0,729,369
2613.1394000258297,4095,0,681,359
2614.24550000811,3087,0,627,346
2615.2239000075497,2159,0,591,336
2617.1367000206374,1197,2235,823,354
2618.271100043785,461,3739,1000,372
2620.0254000141285,0,4095,1109,385
2621.253399993293,0,4095,1191,401
2623.0135000078008,0,4095,1264,424
2624.258900003042,0,4095,1329,444
2625.5035000503995,70,4095,1395,472
2627.2338000126183,1259,4095,1461,502
2628.98259999929,2320,1877,1249,491
2630.273400049191,3205,370,1072,478
2632.054799993057,4095,0,960,470
2633.1123000127263,4095,0,884,462
2634.2211000155658,4095,0,817,448
2635.359400010202,4095,0,759,432
2637.1158999972977,4095,0,701,408
2638.350300025195,2559,1407,1088,400
2640.0061000022106,3147,447,945,394
2641.3126999977976,3755,0,835,386
2642.316400015261,4095,0,772,383
2644.1223000292666,4095,0,722,381
2645.19820001442,4095,0,681,371
2646.3110000477172,4095,0,642,364
2648.110300011467,3415,0,597,350
2649.105300020892,2447,0,560,331
2650.655400007963,1488,1510,733,345
2652.2062000003643,688,3260,925,365
2654.0462000411935,64,4095,1065,378
2655.2609000355005,0,4095,1149,390
2656.2907000188716,0,4095,1226,411
2658.1985999946482,0,4095,1296,432
2659.040800004732,0,4095,1363,459
2661.099800025113,982,4095,1430,488
2662.156100035645,2000,3263,1357,495
2664.297300041653,2923,807,1127,477
2665.462800010573,3799,0,978,468
2666.117300046608,4095,0,907,464
2668.0274000391364,4095,0,837,448
2669.0506000304595,246,4095,1428,434
2671.143600018695,946,4095,1478,464
2673.0650000390597,1587,4095,1521,489
2674.0006000036374,2346,2147,1318,469
2676.0766000370495,3167,368,1109,463
2677.148200047668,4095,0,998,461
2678.050799993798,4095,0,919,453
2680.147400009446,4095,0,848,439
2681.039899995085,4095,0,785,429
2682.0838000276126,3728,0,720,405
2684.0210999944247,2688,0,666,381
2685.1828999933787,1797,432,719,380
2687.0417000027373,949,2834,939,400
2688.9376000035554,327,4095,1102,407
2689.9276000331156,0,4095,1177,417
2691.141700022854,0,4095,1254,432
2692.029000027105,0,4095,1318,449
2694.057300046552,0,4095,1379,469
2695.174299995415,765,4095,1444,496
2697.2663000342436,1698,4095,1502,531
2698.4221000457183,233,4095,1638,490
2700.2219000132754,0,4095,1647,499
2701.369700022042,0,4095,1652,511
2702.951600018423,0,4095,1667,532
2703.9991000201553,0,4095,1681,555
2705.230700026732,196,4095,1709,576
2707.310800033156,1098,4095,1729,601
2709.246000042185,2037,3490,1635,601
2710.4656000155956,2893,745,1353,576
2712.0338000240736,3681,0,1190,564
2713.2320000091568,4095,0,1091,547
2714.414600050077,4095,0,995,529
2716.084800020326,4095,0,914,500
2717.2111000400037,3904,0,837,472
2718.406200001482,2898,0,767,447
2720.0026000500657,2089,0,704,416
2721.057999995537,1216,2210,931,431
2723.1074000010267,560,4095,1125,444
2724.198600044474,0,4095,1200,444
2726.0302000213414,0,4095,1269,457
2727.174500003457,0,4095,1333,466
2728.1818000483327,2689,0,1157,437
2730.1120000192896,2130,0,1040,426
2731.037900026422,1535,1050,1104,432
2733.096900046803,974,2768,1223,445
2734.2535000061616,390,4095,1349,460
2736.166900023818,0,4095,1394,468
2737.429900036659,0,4095,1441,485
2739.0348000335507,0,4095,1487,500
2740.8122000051662,0,4095,1526,528
2742.235100013204,830,4095,1579,555
2743.455499992706,1723,4095,1622,578
2745.3494000365026,2631,1304,1328,548
2746.499800006859,3390,0,1130,529
2748.2363000162877,4095,0,1041,524
2749.2696000263095,4095,0,955,499
2750.411899993196,4095,0,880,476
2752.202200004831,4095,0,811,459
2753.199200029485,3198,0,742,432
2754.0042000473477,2384,0,686,407
2756.30030001048,1503,1337,825,407
2757.4133000453003,4095,0,976,400
2758.3991000428796,4095,0,885,400
2760.218200040981,4095,0,809,386
2761.2424000399187,4095,0,739,373
2762.354200007394,4007,0,688,365
2764.1188999987207,2925,0,638,350
2765.2295000152662,2115,0,592,331
2766.334200045094,1233,2204,832,358
2768.287400016561,562,3999,1023,380
2769.2856000503525,0,4095,1120,388
2771.1976999999024,0,4095,1198,403
2772.4072000128217,0,4095,1271,425
2773.6388000193983,0,4095,1337,447
2775.2015000442043,495,4095,1407,475
2777.1225000033155,1379,4095,1466,506
2778.642999997828,2343,2229,1283,496
2780.1958000054583,3135,367,1077,479
2781.2466000323184,3999,0,968,474
2783.000700001139,4095,0,895,464
2784.1425000224262,4095,0,827,447
2785.0124000106007,4095,0,765,433
2786.110200046096,3618,0,705,409
2788.0132000427693,2665,0,652,385
2789.0831000404432,3341,109,939,384
2791.0460000275634,3956,0,851,383
2792.1100000385195,4095,0,782,379
2793.0490000289865,4095,0,720,369
2794.2494000308216,4095,0,679,367
2796.1082000401802,4095,0,640,358
2797.232100041583,3309,0,596,342
2798.3225000207312,2417,0,560,327
2800.1788000110537,1488,1398,720,339
2801.302300009411,708,3283,927,364
2803.174400003627,104,4095,1062,374
2804.059500049334,0,4095,1147,393
2806.1344000161625,0,4095,1224,409
2807.134800008498,0,4095,1293,430
2809.0345000382513,0,4095,1361,458
2810.31080003595,1010,4095,1428,487
2812.178699998185,2014,3499,1369,495
2813.0747000104748,2927,826,1135,478
2815.1045000413433,3798,0,982,469
2816.024900006596,4095,0,910,461
2817.0727000106126,4095,0,841,449
2819.0375000122003,4095,0,778,434
2820.216400024947,1200,4095,1409,437
2822.163000004366,1891,3975,1387,449
2824.0812000003643,2542,1596,1187,437
2825.574600021355,3199,400,1021,430
2826.745000027586,4095,0,921,432
2828.3085000002757,4095,0,850,427
2829.3698000488803,4095,0,789,416
2830.6731000193395,4095,0,735,401
2832.0791000151075,3835,0,681,386
2833.1523000379093,2704,0,630,367
2834.3604000401683,1808,364,678,363
2836.2668000045232,944,2724,896,380
2837.4295000103302,320,4095,1072,395
2839.185799995903,0,4095,1152,402
2840.662300004624,0,4095,1228,423
2842.178500024602,0,4095,1296,438
2843.3623000164516,0,4095,1360,464
2845.0193000026047,735,4095,1426,493
2846.311400004197,1682,4095,1488,511
2848.195400030818,2644,1377,1221,496
2849.4316000142135,0,4095,1587,475
2851.0591000085697,0,4095,1607,491
2852.050200046506,0,4095,1619,507
2853.136399993673,0,4095,1641,527
2855.1911000395194,132,4095,1665,555
2857.274400012102,1082,4095,1697,577
2858.6387000395916,2041,3438,1602,581
2860.1694999961182,2912,890,1343,561
2861.2394999945536,3714,0,1168,549
2863.0665999953635,4095,0,1072,532
2864.1496000345796,4095,0,985,510
2865.352199994959,4095,0,905,493
2867.154900042806,4065,0,826,465
2868.4839000343345,2924,0,757,438
2869.7077000397258,2099,0,693,415
2871.103600016795,1213,2270,922,429
2872.466400032863,545,3888,1101,437
2874.0731000434607,0,4095,1190,441
2875.3642000374384,0,4095,1263,451
2876.677700027358,0,4095,1328,464
2878.366000019014,0,4095,1385,485
2879.189300001599,1904,44,1223,447
2881.2627000152133,1296,2004,1317,462
2883.159400022123,795,3056,1389,474
2884.503900015261,331,4095,1472,486
2885.5555000482127,0,4095,1501,496
2887.3048000386916,0,4095,1535,511
2888.331099995412,0,4095,1573,531
2890.0308000156656,0,4095,1606,554
2891.2312000175007,768,4095,1641,575
2893.1215000338852,1695,4095,1676,594
2894.0436000120826,2640,1295,1377,569
2896.3509000022896,3441,0,1170,550
2897.513500007335,4095,0,1083,541
2899.137500033248,4095,0,990,524
2900.2547000418417,4095,0,912,496
2901.1101000360213,4095,0,838,474
2902.18570001889,3250,0,768,445
2904.197000025306,2389,0,703,417
2905.3524000337347,1474,1392,847,423
2907.246600021608,710,3258,1039,432
2908.3215999999084,4095,0,1023,416
2910.1755000301637,4095,0,928,406
2911.0591000062414,4095,0,844,399
2912.2240000288,4095,0,767,381
2913.3588999975473,2957,0,706,367
2915.187700011302,2112,0,647,348
2916.287400003057,1205,2229,880,372
2918.2716000359505,511,3969,1072,389
2919.365000037942,0,4095,1159,400
2921.249600010924,0,4095,1232,416
2922.047800035216,0,4095,1300,435
2923.0378000065684,0,4095,1360,460
2925.50970002776,442,4095,1428,483
2927.34960000962,1377,4095,1488,511
2928.646700049285,2353,2134,1296,501
2930.3150000050664,3191,361,1090,485
2931.4866000204347,4095,0,977,481
2932.477700000163,4095,0,905,465
2934.30200003786,4095,0,834,451
2935.3516999981366,4095,0,773,436
2936.5708000259474,3701,0,714,411
2938.258100009989,2682,0,656,389
2939.5101999980398,3302,95,943,383
2940.81770000048,3902,0,855,385
2942.3601000453345,4095,0,784,377
2943.4192000189796,4095,0,725,370
2944.600100046955,4095,0,682,368
2946.2901999941096,4095,0,641,358
2947.292099997867,3238,0,599,340
2948.0706000467762,2384,0,560,326
2950.2977000083774,1482,1377,722,341
2951.14120002836,720,3312,929,362
2953.1470999936573,123,4095,1067,374
2954.698300047312,0,4095,1149,387
2956.0727000352927,0,4095,1229,407
2957.1774000069126,0,4095,1295,432
2958.3156000007875,64,4095,1363,458
2960.254200035706,1061,4095,1430,487
2962.0192000293173,2019,3504,1373,494
2963.272400025744,2900,785,1130,476
2965.101800044067,3712,0,981,465
2965.9999000141397,4095,0,911,462
2967.06280001672,4095,0,838,449
2969.001399993431,4095,0,778,432
2970.080200000666,4095,0,719,410
2971.143500006292,2261,2557,1194,402
2973.0188000248745,2832,943,1023,399
2974.122400046326,3334,53,880,390
2976.0946000460535,3991,0,810,387
2977.1559000364505,4095,0,757,386
2978.3400000305846,4095,0,708,379
2980.1173000014387,4095,0,663,369
2981.07420001179,3547,0,621,355
2982.2917000274174,2649,0,578,338
2984.0847000014037,1790,250,624,336
2985.2963000303134,974,2758,862,357
2987.13060002774,378,4095,1040,373
2988.2923000259325,0,4095,1121,386
2990.120400034357,0,4095,1200,403
2991.335100028664,0,4095,1275,426
2992.4179000081494,0,4095,1343,448
2994.024300016463,827,4095,1410,478
2996.0389000480063,1722,4095,1472,507
2997.5060000433587,2634,1340,1200,481
2999.053300009109,3383,0,1010,469
3000.247500021942,4095,0,938,466
3001.180800027214,0,4095,1470,442
3003.129300021101,51,4095,1510,464
3004.0612000157125,539,4095,1535,488
3006.149800028652,1134,4095,1587,511
3008.1341000040993,2034,3772,1525,528
3009.180599998217,2864,778,1251,505
3011.0686999978498,3575,0,1095,496
3011.97890000185,4095,0,1007,490
3013.113200024236,4095,0,927,474
3015.0615000166,4095,0,850,458
3016.038900008425,3723,0,784,434
3017.1859000111,2835,0,719,411
3018.200499995146,2061,0,657,386
3020.1311000273563,1206,2303,897,405
3021.999200049322,592,4095,1094,421
3023.4754999983124,48,4095,1172,425
3024.494700017385,0,4095,1246,435
3026.0516999987885,0,4095,1312,454
3027.4158000247553,0,4095,1371,471
3029.127200017683,619,4095,1436,497
3030.3553999983706,1055,2708,1501,471
3032.257400045637,640,3949,1582,495
3034.0091999969445,282,4095,1600,499
3035.070900048595,0,4095,1613,511
3036.196300003212,0,4095,1632,533
3038.1573000340723,0,4095,1649,550
3039.497999998275,144,4095,1676,571
3041.1411999957636,880,4095,1702,592
3042.4556999932975,1744,4095,1728,617
3044.052900047973,2631,1345,1423,587
3046.0143000236712,3349,0,1212,562
3047.428600024432,4095,0,1117,554
3048.4215000178665,4095,0,1015,532
3050.067200034391,4095,0,937,505
3051.086000050418,4095,0,859,482
3052.4383000447415,3189,0,784,453
3054.153800010681,2383,0,719,426
3055.4849000182003,1515,1271,848,427
3057.2680000332184,801,3264,1051,439
3058.3620000397786,4095,0,1037,419
3059.4412999926135,4095,0,935,410
3061.170700006187,4095,0,848,399
3062.217700004112,3981,0,771,382
3063.300000037998,2928,0,707,368
3065.0732000358403,2111,0,653,352
3066.336699994281,1233,2206,882,373
3068.2020999956876,561,4002,1074,395
3069.268800027203,0,4095,1160,401
3070.3252000384964,0,4095,1233,415
3072.0176000031643,0,4095,1301,435
3073.3135000336915,0,4095,1362,459
3075.3015000373125,434,4095,1426,487
3076.545600022655,1351,4095,1488,511
3078.3653000253253,2320,2287,1309,505
3080.106000008527,3150,403,1104,490
3081.281000049785,4063,0,983,478
3082.3359000496566,4095,0,910,468
3084.1177999973297,4095,0,839,454
3085.308400040958,4095,0,779,437
3086.3401000387967,3829,0,716,414
3087.1922000078484,2727,0,658,390
3089.2583000240847,1831,269,697,381
3090.2927000424825,4095,0,939,393
3092.1233000117354,4095,0,852,384
3093.1412000209093,4095,0,779,374
3094.6019000257365,4095,0,715,368
3095.6108000245877,4095,0,671,359
3097.2795000416227,3623,0,624,346
3098.266200046055,2502,0,581,329
3100.1716000027955,1515,1271,727,341
3101.2354000122286,685,3182,928,364
3103.16400002921,15,4095,1072,373
3104.3253000243567,0,4095,1153,390
3105.4115000297315,0,4095,1231,410
3107.2516000131145,0,4095,1298,432
3108.392400026787,0,4095,1363,459
3110.2223000489175,876,4095,1430,487
3111.3719000131823,1979,3344,1362,496
3113.205100002233,2958,769,1127,478
3114.4949000445195,3963,0,981,466
3115.7341999933124,4095,0,910,464
3117.1587000135332,4095,0,840,448
3118.094600038603,4095,0,780,432
3119.090699998196,4095,0,720,411
3121.2835000478663,3264,0,663,390
3122.605000040494,3193,567,983,388
3123.428800026886,3965,0,861,382
3125.4334000404924,4095,0,791,380
3126.6492000431754,4095,0,733,372
3127.9311000253074,4095,0,688,368
3129.298400017433,4095,0,649,364
3130.506100016646,4095,0,610,350
3131.1061000451446,3014,0,567,334
3133.1593000213616,1900,181,605,329
3134.0364000061527,887,2703,843,348
3136.150300037116,144,4095,1021,368
3137.289000034798,0,4095,1110,382
3139.0023000421934,0,4095,1190,400
3140.1957000489347,0,4095,1264,421
3141.2969999946654,0,4095,1333,447
3143.1257000076585,64,4095,1400,475
3145.173500000965,1535,4095,1466,500
3146.5587000129744,2705,1360,1201,483
3148.1135000358336,3813,0,1011,470
3149.1235000430606,4095,0,939,465
3150.3893000190146,4095,0,861,453
3151.3051000074483,4095,0,798,438
3153.187500021886,4095,0,738,421
3154.738900018856,1767,3991,1323,421
3156.2523000175133,2618,1535,1127,411
3157.3928000289015,3376,493,978,403
3159.1897000325844,4095,0,866,400
3160.325800010469,4095,0,809,400
3161.146100028418,4095,0,752,395
3163.1785000208765,4095,0,704,385
3163.993699999992,4095,0,656,371
3165.1790000032634,4095,0,615,356
3167.197300004773,2348,0,567,335
3168.31890004687,1124,2077,791,354
3170.203300018329,164,3710,976,372
3171.2953000096604,0,4095,1091,383
3172.2914000274613,0,4095,1172,400
3174.17990003014,0,4095,1247,417
3175.278000009712,0,4095,1315,441
3177.094900049269,0,4095,1379,467
3178.428300016094,571,4095,1447,497
3179.965900024399,2349,2149,1264,486
3181.1142000369728,3739,417,1072,474
3182.989099994302,4095,0,955,466
3184.1857000254095,0,4095,1479,445
3185.303800040856,0,4095,1513,464
3187.115500040818,0,4095,1535,489
3188.2380000315607,0,4095,1584,507
3190.2189000393264,941,4095,1629,548
3191.3975000497885,2883,1423,1351,528
3193.1320000439882,4095,55,1150,508
3194.416300044395,4095,0,1054,499
3196.036700042896,4095,0,965,491
3197.4215999944136,4095,0,886,475
3198.094699997455,4095,0,816,453
3200.0207999954,4095,0,752,429
3201.164800033439,4095,0,690,400
3202.364300028421,1584,1249,815,403
3204.2360000195913,225,3068,991,413
3205.402599996887,0,4095,1136,421
3207.073000026867,0,4095,1214,433
3208.1070000422187,0,4095,1280,446
3209.441800019704,0,4095,1344,464
3211.111000040546,0,4095,1407,487
3212.1068999986164,0,4095,1461,511
3214.2422000179067,1531,3401,1403,525
3215.473500022199,0,4095,1622,484
3217.131800018251,0,4095,1636,497
3219.174700032454,0,4095,1647,511
3220.2582000172697,0,4095,1661,532
3221.2768000317737,0,4095,1677,555
3222.2881000488997,0,4095,1699,576
3224.037900043186,0,4095,1723,599
3225.290500035044,2169,2301,1523,591
3227.135699999053,4095,483,1301,575
3228.2494000392035,4095,0,1157,560
3230.073800019454,4095,0,1065,542
3231.2232000404038,4095,0,971,524
3232.168600021396,4095,0,889,495
3233.3703000331298,4095,0,819,467
3235.135800030548,4095,0,752,438
3236.06770002516,3039,128,752,422
3238.052400003653,343,2590,954,431
3239.117500022985,0,4095,1136,438
3240.2032000245526,0,4095,1209,444
3242.1564999967813,0,4095,1281,457
3243.2305000256747,0,4095,1343,467
3245.032100006938,0,4095,1404,494
3246.28429999575,2601,863,1317,453
3248.221800022293,665,2378,1375,464
3249.8249000054784,0,3303,1439,478
3251.000499993097,0,4095,1503,487
3252.24480003817,0,4095,1535,499
3253.3364000264555,0,4095,1570,525
3255.3398000309244,0,4095,1599,539
3256.503500044346,0,4095,1627,560
3258.1428000121377,0,4095,1657,586
3259.2497000005096,1200,3810,1606,591
3261.322600010317,3675,1006,1347,571
3262.6195000484586,4095,0,1163,555
3264.1345000010915,4095,0,1071,541
3265.166800003499,4095,0,976,523
3265.9945000195876,4095,0,900,495
3267.242600035388,4095,0,826,468
3269.137100025546,4095,0,759,445
3270.088100049179,3775,0,693,416
3272.0495000248775,1098,1919,882,425
3273.2390000019222,0,3579,1067,432
3274.3005999946035,0,4095,1170,435
3276.0883000446483,0,4095,1245,448
3277.148600027431,4095,0,1129,434
3279.058600019198,4095,0,1010,423
3280.1257999963127,3920,0,903,401
3281.355400045868,1648,1242,995,409
3283.3129999926314,146,3407,1189,429
3284.41570000723,0,4095,1285,439
3286.123600031715,0,4095,1337,448
3287.304400000721,0,4095,1405,464
3289.0335000120103,0,4095,1439,480
3290.0249999947846,0,4095,1488,501
3291.3468000479043,0,4095,1531,532
3293.1548000196926,117,4095,1586,561
3295.18850002205,2629,2319,1392,547
3296.169900044333,4095,0,1136,528
3297.129300015513,4095,0,1045,511
3299.1142999962904,4095,0,958,496
3300.2669000416063,4095,0,882,481
3301.382600038778,4095,0,815,459
3303.014000004623,4095,0,751,433
3303.999700001441,3971,0,688,403
3305.0744000356644,1500,205,716,397
3307.05649999436,191,3511,1013,419
3308.232300041709,4095,0,1008,411
3310.1031000260264,4095,0,912,401
3311.10750004882,4095,0,829,391
3312.3641000129282,4095,0,755,375
3313.3521000272594,4095,0,701,364
3315.069100004621,2613,0,639,342
3316.4440999971703,1164,898,752,353
3318.221600027755,123,4063,1039,378
3319.2302000243217,0,4095,1125,387
3321.0740000358783,0,4095,1203,400
3322.286400012672,0,4095,1275,422
3323.4944000141695,0,4095,1344,446
3325.1558000338264,0,4095,1401,474
3326.2866000295617,641,4095,1470,506
3328.354600002058,2469,3018,1359,503
3329.5215000398457,3966,0,1063,481
3331.1301000067033,4095,0,976,478
3332.2711000218987,4095,0,907,467
3333.1034000148065,4095,0,836,453
3335.020700003952,4095,0,777,438
3336.1840000143275,4095,0,718,417
3337.229099997785,4095,0,660,390
3338.511300040409,2179,0,605,367
3340.3554999968037,907,2281,861,386
3341.546100040432,4095,0,958,394
3342.999000044074,4095,0,868,386
3344.154199992772,4095,0,788,375
3345.1717999996617,4095,0,722,368
3346.614000038244,4095,0,670,355
3348.1567000271752,3218,0,618,336
3349.2511000367813,1607,0,617,330
3350.951200001873,511,3088,913,359
3352.1266000461765,0,4095,1061,372
3353.2265000394545,0,4095,1144,385
3355.107700044755,0,4095,1223,403
3355.989800009411,0,4095,1294,427
3357.1254000416957,0,4095,1359,453
3359.1316000092775,0,4095,1424,483
3361.1434000195004,1886,4095,1491,511
3362.4792000046,3159,877,1170,490
3364.0491000260226,4095,0,1019,480
3365.235000033863,4095,0,941,473
3366.7764000128955,4095,0,868,461
3367.803000030108,4095,0,800,446
3369.2280999966897,4095,0,740,426
3370.213300047908,4095,0,688,400
3371.402200020384,2444,0,624,371
3373.19120002212,1144,1377,783,380
3374.460600025486,4095,0,944,397
3375.4689000197686,4095,0,859,387
3376.99950003298,4095,0,782,379
3378.080199996475,4095,0,717,368
3379.3298000236973,4095,0,666,357
3381.120100035332,4095,0,620,336
3382.090100029018,2101,0,571,320
3383.4037000196986,896,2407,832,347
3385.070700023789,16,4095,1021,368
3386.1101000220515,0,4095,1110,377
3388.1018999964,0,4095,1195,395
3389.147900044918,0,4095,1266,415
3391.0298999981023,0,4095,1332,442
3392.120300035458,0,4095,1397,469
3394.1580000100657,1456,4095,1467,502
3395.4732000129297,2770,2290,1291,497
3397.2070000017993,4077,347,1083,485
3398.358000034932,4095,0,971,475
3399.0021000499837,4095,0,896,467
3401.0266000404954,4095,0,827,450
3402.1743000485003,4095,0,763,431
3403.2604999956675,4095,0,704,407
3405.0086000352167,2849,0,641,382
3406.2296000192873,1397,793,730,379
3407.247700029984,4095,0,938,390
3409.0009000501595,4095,0,851,384
3410.266400023829,4095,0,778,370
3411.2906000227667,4095,0,713,368
3413.165800040588,4095,0,666,357
3414.4608000060543,4095,0,622,342
3415.5477000167593,2310,0,570,320
3417.1272999956273,1037,1456,729,335
3418.288000044413,105,2989,895,347
3420.051400025841,0,4095,1053,366
3421.2105000042357,0,4095,1141,382
3422.294799995143,0,4095,1218,402
3423.9943000138737,0,4095,1289,423
3425.262400007341,0,4095,1359,452
3427.1005000337027,851,4095,1431,486
3428.1988000147976,2480,2097,1253,481
3430.4404000286013,3934,655,1088,475
3431.6994000109844,4095,0,956,466
3432.6711000176147,4095,0,880,460
3434.225700038951,4095,0,815,445
3435.2814000449143,4095,0,753,431
3436.3469000090845,4095,0,699,405
3438.1644999957643,4095,0,647,384
3439.061800017953,3936,935,1021,385
3441.0583000280894,4095,603,941,387
3442.2807000228204,4095,407,867,382
3444.235100003425,4095,443,819,378
3445.4382000258192,4095,640,811,381
3447.043600026518,4095,845,803,382
3448.276600043755,4095,1269,827,378
3450.1087000244297,2640,1739,860,377
3451.2802000390366,1707,2239,913,377
3453.176800045185,907,2559,965,382
3454.0324000408873,290,2862,1023,386
3456.384400022216,0,3092,1082,400
3457.7211000141688,0,2970,1105,410
3459.237800037954,0,2744,1119,418
3460.7089000055566,90,2441,1104,426
3461.966500035487,1010,1905,1065,432
3463.082700036466,1951,1369,1004,435
3465.109500044491,2835,985,946,435
3466.1136000067927,0,2816,1307,416
3468.029200041201,0,2756,1295,427
3469.366000033915,0,2689,1278,432
3470.448200008832,0,2596,1261,438
3472.3194999969564,164,2305,1232,448
3474.0308000473306,1108,1962,1189,462
3475.2487000077963,2071,1578,1136,464
3476.997299992945,2863,1325,1087,465
3479.022600047756,3622,1139,1040,464
3480.2266000187956,4095,997,993,464
3481.992100016214,4095,1034,959,448
3483.0271000391804,4095,1137,943,445
3485.0830000359565,3793,1328,935,433
3486.1838000360876,2832,1673,944,432
3488.129800010938,2007,2025,971,423
3489.288100041449,1168,2324,1003,420
3491.128600027878,509,2559,1045,416
3492.968500009738,4095,1366,1211,432
3494.0330000245012,3831,1406,1157,432
3496.0825000307523,3489,1483,1114,430
3498.101700039115,2955,1678,1091,427
3499.0530000068247,2190,1952,1094,449
3501.0562000097707,1286,2256,1106,426
3502.0747000235133,491,2480,1126,429
3504.0205999976024,0,2675,1149,431
3505.0428000395186,0,2877,1183,437
3507.0184000069275,0,2859,1200,447
3508.085400040727,0,2679,1197,451
3509.1741000069305,0,2413,1175,455
3511.0298999934457,0,1979,1135,459
3512.169699999504,1419,1554,1086,464
3514.184000028763,2415,1204,1034,462
3516.074000042863,3184,926,976,458
3517.2171000158414,4095,699,922,451
3518.092600046657,0,2455,1259,406
3520.063200034201,245,2324,1229,421
3521.243199997116,782,2055,1187,427
3523.0866000056267,1488,1744,1136,434
3525.04920004867,2481,1313,1078,442
3527.0229000016116,3399,1050,1022,445
3528.2368000480346,4095,865,973,442
3529.3838000507094,4095,726,925,439
3531.059600005392,4095,786,894,432
3532.1051999926567,4095,950,880,429
3534.1893000295386,4095,1168,878,416
3536.0042999964207,3011,1535,891,409
3537.1610000147484,2099,1936,919,400
3539.144500042312,1235,2282,958,400
3540.2466999948956,581,2546,1001,400
3542.0915000140667,0,2800,1052,407
3543.208400020376,4095,1161,1185,421
3545.1941000064835,4095,1309,1136,419
3547.0622000284493,3205,1563,1105,417
3548.240300035104,2530,1836,1097,417
3550.222699996084,1627,2205,1114,416
3551.102700002957,830,2471,1134,419
3553.1681000138633,223,2693,1157,426
3554.221600003075,0,2875,1185,443
3556.07410002267,0,2813,1199,439
3557.084600033704,0,2704,1200,450
3558.991600002628,0,2483,1189,459
3560.043300036341,817,2115,1157,466
3562.1206000214443,1735,1750,1119,469
3563.151900016237,2596,1445,1072,468
3565.0660000392236,3255,1237,1034,466
3567.04420002643,4095,1039,981,461
3568.077700037975,4095,1040,953,453
3570.085300016217,30,2337,1254,412
3571.2493000319228,752,2127,1217,426
3573.134600010235,1370,1892,1170,432
3575.0642000348307,2106,1646,1125,436
3576.263100025244,2887,1392,1079,443
3578.354199999012,3664,1184,1035,446
3579.6622000052594,4095,1052,990,443
3581.4076000242494,4095,1065,959,437
3583.1471999990754,4095,1140,934,432
3584.2738000210375,3840,1282,922,427
3586.0653000418097,2889,1535,925,416
3587.377900024876,2062,1840,911,407
3589.12150003016,1243,2098,963,405
3590.4290000326,620,2306,991,402
3592.222200008109,14,2525,1035,406
3593.189900042489,4095,1051,1174,422
3595.290500030387,4095,1157,1118,418
3597.160500008613,3332,1342,1075,413
3598.822200030554,2665,1535,1056,410
3600.3002000506967,1803,1872,1059,412
3602.16330003459,1038,2127,1071,412
3603.3497000462376,431,2337,1088,414
3605.1188000128604,0,2538,1107,419
3606.222400034312,0,2531,1122,427
3607.287799997721,0,2474,1127,432
3609.254200011492,188,2330,1123,444
3610.4561000247486,960,2057,1104,449
3612.246100034099,1862,1739,1074,455
3614.088600035757,2734,1456,1039,457
3615.299299999606,3494,1253,995,449
3617.1519000199623,4095,1071,956,453
3618.478100048378,0,2559,1278,417
3620.403500040993,153,2435,1249,425
3621.706300007645,663,2246,1223,432
3623.3134000212885,1254,2010,1181,437
3625.1126000424847,2191,1674,1136,447
3626.3198000378907,3003,1435,1095,452
3627.9946000431664,3855,1232,1047,454
3630.016000010073,4095,1074,997,449
3631.1479000141844,4095,1071,965,450
3633.061800035648,4095,1132,944,438
3634.1743000084534,4095,1267,928,430
3636.175599996932,2961,1514,928,419
3637.4248000211082,2128,1809,944,414
3639.3571000080556,1267,2095,966,410
3640.4286000179127,624,2299,993,407
3642.134800029453,0,2542,1033,410
3643.3205000357702,4095,1280,1201,426
3645.0317000271752,3823,1403,1153,423
3647.025800019037,3109,1614,1121,419
3648.1029000133276,2508,1844,1106,419
3650.248299993109,1617,2201,1120,421
3652.0718000247143,807,2482,1142,426
3653.1916999956593,179,2703,1166,429
3655.0246000406332,0,2869,1195,435
3656.065200048033,0,2848,1215,444
3657.303500047419,0,2769,1216,454
3659.0643000090495,0,2631,1209,463
3660.297900030855,723,2287,1188,470
3662.1694000205025,1702,1916,1149,475
3664.1129000345245,2559,1617,1107,477
3665.0649000075646,3280,1409,1072,471
3667.029600008391,4095,1232,1023,467
3668.4741000062786,0,2397,1295,422
3670.0888000195846,61,2288,1266,432
3671.2989000370726,578,2128,1223,436
3673.198800010141,1167,1953,1187,443
3675.05830002483,2095,1697,1149,451
3676.2829000363126,2910,1488,1107,457
3678.1615000218153,3696,1355,1073,461
3680.0295000430197,4095,1258,1036,458
3681.203500018455,4095,1218,997,452
3683.283600024879,4095,1237,974,443
3684.5024000504054,3984,1338,954,436
3686.369500006549,2923,1535,951,430
3687.7143000019714,2064,1774,955,418
3689.326199993957,1168,1970,965,416
3690.214800008107,467,2143,983,411
3692.270700004883,0,2347,1011,414
3693.4126000269316,3696,1294,1200,417
3695.4017000389285,3339,1413,1152,413
3697.455400018953,2805,1565,1111,413
3698.690399993211,2283,1725,1087,409
3700.406900024973,1431,1987,1091,411
3702.1969000343233,657,2191,1097,414
3703.2442000345327,80,2353,1106,417
3704.3855999945663,0,2525,1127,423
3706.286800035741,0,2495,1135,432
3707.397399994079,0,2407,1139,435
3709.1737000155263,0,2291,1127,439
3710.431600047741,499,2091,1110,448
3712.23360003205,1570,1822,1088,455
3714.110900007654,2480,1574,1057,458
3715.2714999974705,3184,1399,1019,457
3717.2148000099696,4095,1199,980,451
3718.2592000463046,0,2128,1239,407
3720.290900033433,157,2035,1201,418
3721.0884999949485,631,1899,1164,422
3723.170300014317,1226,1741,1126,429
3725.1552999950945,2165,1501,1088,435
3726.361600041855,3001,1333,1046,442
3728.22879999876,3878,1198,1008,443
3729.466799995862,4095,1076,970,437
3731.2100999988616,4095,1082,942,435
3733.344800013583,4095,1122,917,429
3734.487700043246,4095,1222,903,424
3736.187600006815,3144,1411,900,412
3737.0516000082716,2282,1655,908,401
3739.1502000391483,1422,1868,918,400
3740.3270000359043,755,2036,941,395
3742.2366000246257,112,2241,965,400
3743.4478000504896,4095,1297,1174,417
3745.1826000469737,4095,1388,1126,415
3747.1760000335053,3377,1506,1088,411
3748.331600043457,2741,1637,1061,407
3750.303700042423,1873,1872,1059,407
3752.232600003481,1069,2053,1059,406
3753.1465000356548,431,2221,1071,408
3755.155900027603,0,2371,1086,410
3756.114999996498,0,2416,1099,419
3757.4063000502065,0,2399,1104,431
3759.234099998139,0,2319,1105,437
3760.3381000226364,784,2160,1104,448
3762.331300007645,1700,1959,1091,451
3764.020000002347,2608,1760,1069,455
3765.2404000400566,3386,1613,1045,458
3767.26900000358,4095,1466,1014,460
3768.3518000412732,0,2352,1268,415
3770.245600026101,0,2274,1239,418
3771.332300035283,423,2149,1209,430
3773.1618999969214,1051,2016,1182,435
3775.1566999941133,1987,1808,1153,448
3776.3545000343584,2827,1658,1119,453
3778.398800001014,3631,1518,1088,459
3779.597700049635,4095,1392,1043,459
3781.4070000313222,4095,1392,1021,451
3783.244199992623,4095,1409,999,446
3784.4385000062175,4095,1520,986,439
3786.114800022915,2967,1679,979,432
3787.3956999974325,2133,1873,982,425
3789.3055000458844,1249,2029,992,420
3791.1978000192903,579,2167,1007,415
3792.269400029909,0,2327,1023,413
3794.286300020758,4095,1430,1225,432
3795.6340000382625,4022,1488,1166,428
3797.2560000489466,3305,1613,1130,427
3798.8594000344165,2642,1750,1103,420
3800.338600005489,1776,1938,1093,418
3802.2250000503846,972,2108,1093,421
3803.3941000467166,353,2256,1100,422
3805.29089999618,0,2374,1107,426
3806.4518000464886,0,2379,1113,432
3807.591399992816,0,2352,1119,435
3809.1985000064597,0,2243,1111,442
3810.4764000163414,725,2055,1103,450
3812.2266000136733,1648,1853,1085,455
3814.33660001494,2555,1677,1063,457
3815.0830999948084,3317,1535,1039,460
3817.4659000360407,4095,1391,1008,454
3818.669800006319,0,2359,1271,416
3820.1739999931306,0,2276,1239,426
3821.352200000547,510,2146,1206,432
3823.223000043072,1125,2015,1178,438
3825.114700011909,2069,1805,1147,448
3826.4651000499725,2901,1637,1116,456
3828.1243999954313,3741,1472,1083,457
3830.1228000200354,4095,1361,1047,459
3831.0911000007764,4095,1355,1017,464
3833.1535000470467,4095,1389,997,451
3834.2311000451446,4095,1467,978,439
3836.147100024391,3120,1635,973,432
3837.396400049329,2256,1821,974,423
3839.225100004114,1392,1994,982,417
3841.0400000284426,719,2143,995,414
3842.1310000121593,63,2310,1018,413
3844.073300017044,4095,1376,1213,429
3845.372000010684,4095,1441,1158,426
3847.0027000294067,3345,1557,1119,422
3849.0268000168726,2723,1707,1091,416
3850.219300016761,1855,1903,1085,416
3852.16190002393,1049,2064,1083,418
3853.337200009264,409,2225,1088,418
3855.1390999928117,0,2352,1103,422
3856.408099993132,0,2369,1104,425
3857.428500021342,0,2347,1111,432
3859.3914000084624,0,2258,1106,439
3861.0013000434265,739,2086,1101,448
3862.2700000414625,1670,1873,1083,454
3864.176300005056,2590,1699,1063,457
3865.3872000286356,3355,1535,1040,459
3867.272400006186,4095,1415,1008,458
3869.0553000196815,0,2450,1283,415
3870.3123000450432,0,2407,1257,425
3871.4880000334233,424,2334,1237,435
3873.3867999981157,1009,2319,1225,445
3875.1829999964684,1958,2187,1213,457
3876.3438000460155,2800,2114,1200,464
3878.0264999950305,3605,1957,1173,473
3880.027700040955,4095,1840,1145,475
3881.2561000231653,4095,1810,1126,475
3883.2254000008106,4095,1814,1106,467
3885.213700006716,4095,1856,1091,463
3886.4539000205696,3021,2002,1087,454
3888.319500023499,2159,2112,1083,447
3890.1190000469796,1261,2321,1090,442
3891.28660003189,545,2435,1104,441
3893.1579000200145,4095,1558,1275,442
3894.3658000207506,4095,1634,1228,441
3896.2520000059158,4095,1666,1182,443
3898.1604000437073,3507,1846,1158,438
3899.349400016945,2549,2066,1152,439
3901.156100037042,1597,2249,1149,442
3903.071300010197,725,2419,1157,442
3904.244900040794,28,2608,1170,443
3906.0045999940485,0,2710,1185,445
3907.1593999979086,0,2673,1198,451
3908.5031000431627,0,2680,1204,463
3910.0643999991007,0,2544,1200,464
3911.2626000423916,95,2288,1182,471
3913.3352000499144,1423,2047,1163,476
3914.567200001329,2416,1838,1135,479
3916.2214000243694,3267,1605,1100,478
3917.392800038215,0,2201,1298,425
3919.268400000874,0,2167,1264,431
3920.4112000297755,0,2131,1232,436
3922.1709000412375,273,1984,1198,443
3923.637200030498,1153,1808,1166,451
3925.111900025513,2186,1577,1125,458
3927.0183000480756,3133,1373,1085,463
3928.3955999999307,4095,1214,1044,462
3930.2954000304453,4095,1104,998,458
3932.104600011371,4095,1050,961,448
3933.252700022422,4095,1056,929,435
3935.185400012415,4095,1158,912,432
3936.33310002042,4015,1361,909,423
3938.2997000357136,2455,1595,912,413
3939.446000033058,1454,1845,928,405
3941.251000040211,651,2009,943,401
3942.4325000145473,4095,1306,1172,422
3944.366200012155,4095,1328,1113,417
3946.2473000166938,3930,1350,1075,415
3947.4093000171706,3326,1462,1040,413
3949.2470000404865,2479,1655,1023,410
3951.60950004356,1535,1873,1023,407
3952.8732000035234,687,2035,1037,407
3954.2943999986164,13,2206,1046,410
3955.345500027761,0,2346,1065,412
3957.0432000327855,0,2325,1072,418
3958.1431000260636,0,2293,1074,422
3959.349100012332,0,2175,1072,431
3961.187000037171,0,1951,1057,436
3962.57269999478,1309,1714,1038,440
3964.2918000463396,2313,1517,1009,444
3966.1451000138186,3106,1351,979,445
3967.302400036715,4095,1183,947,432
3969.144300033804,0,2234,1234,402
3970.482400036417,0,2157,1200,414
3971.987600030843,262,2035,1171,420
3973.368000006303,990,1903,1142,428
3975.2660000231117,1999,1680,1108,435
3976.3767000404187,2905,1517,1079,446
3978.0600999947637,3858,1367,1044,448
3980.1666000275873,4095,1249,1006,445
3981.0938000446185,4095,1251,977,441
3983.1276000477374,4095,1277,957,437
3984.282100049313,4095,1361,944,432
3986.267600033898,3363,1558,942,419
3987.086100038141,2346,1791,945,417
3989.3444000044838,1427,1984,960,414
3991.102600004524,693,2176,978,406
3992.2733000130393,9,2351,1005,406
3994.0199000411667,4095,1351,1200,426
3995.3923000139184,4095,1424,1152,423
3997.35459999647,4030,1535,1107,421
3998.622300045099,2937,1689,1082,418
4000.433300039731,1987,1885,1075,415
4002.014500030782,1119,2080,1085,418
4003.023100027349,432,2266,1090,426
4005.2085000206716,0,2404,1104,422
4006.3950000330806,0,2418,1113,430
4007.4213000480086,0,2397,1117,435
4009.3120000092313,0,2303,1116,442
4010.021099995356,645,2100,1104,448
4012.1016000048257,1641,1891,1087,453
4014.2002000357024,2622,1679,1061,459
4015.0061000022106,3466,1501,1036,459
4017.0959000242874,4095,1333,996,458
4018.2760000461712,0,2334,1265,414
4020.021300006192,0,2251,1234,429
4021.0715000284836,114,2113,1200,432
4023.033800011035,915,1967,1170,435
4025.1342999981716,1931,1747,1137,448
4026.166800002102,2815,1575,1104,455
4028.1522000441328,3694,1414,1071,459
4029.3503000284545,4095,1275,1023,453
4031.2349000014365,4095,1263,999,449
4033.011900028214,4095,1289,976,445
4034.379100019578,4095,1381,960,437
4036.3058000220917,3175,1569,951,430
4037.491300026886,2237,1791,959,421
4039.2348000314087,1298,1987,969,416
4040.4109000228345,584,2160,985,413
4042.278000037186,0,2320,1008,407
4043.1273000431247,4095,1291,1199,425
4045.315600000322,4095,1365,1146,421
4047.197600011714,4095,1472,1103,414
4048.4288000152446,3152,1617,1072,410
4050.064300012309,2068,1879,1073,412
4052.091100020334,1165,2123,1079,416
4053.2074000220746,493,2319,1093,417
4055.0306999939494,0,2538,1119,422
4056.1584000242874,0,2634,1142,430
4057.300800050143,0,2641,1154,438
4059.184500016272,176,2559,1167,451
4060.97570003476,1113,2460,1172,459
4062.1546000475064,2265,2297,1168,471
4064.1273999935947,3651,2101,1155,475
4066.026900021825,4095,1513,1080,484
4067.0874000061303,4095,112,910,469
4068.989399995189,126,4095,1410,397
4070.149300037883,351,4095,1459,429
4071.9711999990977,884,4095,1507,461
4073.114400031045,1503,4095,1557,496
4075.0748999998905,2462,4095,1581,537
4076.973800023552,3286,687,1249,511
4078.3835000474937,4095,0,1113,511
4079.305100021884,4095,0,1023,511
4081.088000035379,4095,0,944,500
4082.1156000019982,4095,0,873,485
4083.1649000174366,3437,0,797,449
4085.024100029841,2427,0,720,416
4086.097699997481,1417,0,654,375
4087.2874000342563,451,2381,893,385
4089.135800022632,0,4095,1077,389
4090.0443000136875,0,4095,1152,384
4091.485000040848,0,4095,1216,398
4093.1780000100844,0,4095,1286,407
4094.2499000229873,0,4095,1350,441
4096.0773000260815,0,4095,1415,479
4097.048000025097,752,4095,1488,526
4099.008399993181,0,4095,1626,466
4100.332800007891,0,4095,1632,473
4101.371400000062,0,4095,1637,480
4103.237800009083,0,4095,1648,497
4104.329699999653,0,4095,1662,511
4105.63700000057,0,4095,1691,553
4107.344700023532,403,4095,1713,586
4109.204200038221,1727,3959,1664,605
4110.095900017768,2711,470,1334,582
4112.111900001764,3621,0,1199,583
4113.171000033617,4095,0,1107,578
4114.353000011761,4095,0,1010,560
4116.148400004022,4095,0,934,535
4117.119200003799,4095,0,857,502
4118.248900049366,3216,0,779,464
4120.083799993154,2246,0,704,423
4121.4068999979645,1286,1427,854,416
4123.388000007253,528,4048,1090,419
4124.619900016114,0,4095,1165,410
4126.061799994204,0,4095,1232,417
4127.202900010161,0,4095,1297,432
4128.06380004622,3118,0,1162,451
4130.078500020318,2407,0,1033,430
4131.302000023425,1747,337,1023,419
4133.197300019674,1063,2752,1197,432
4134.4727000105195,338,4095,1316,433
4136.160399997607,0,4095,1361,435
4137.040100002196,0,4095,1405,448
4139.041000045836,0,4095,1450,466
4140.081799996551,0,4095,1495,493
4142.071800015401,447,4095,1535,532
4143.1797000113875,1562,4095,1610,571
4145.209300040733,2599,1517,1330,557
4146.356500044931,3502,0,1132,546
4148.066000023391,4095,0,1053,546
4149.402000010014,4095,0,969,530
4150.476000038907,4095,0,895,508
4152.105100045446,4095,0,825,492
4153.2447000499815,4080,0,752,448
4154.155800002627,2610,0,687,409
4156.135199998971,1614,688,763,399
4157.374100002926,4095,0,967,414
4158.3298000041395,4095,0,881,411
4160.064399999101,4095,0,807,400
4161.493599996902,4095,0,741,390
4162.703300011344,4095,0,688,375
4164.355700020678,3359,0,635,353
4165.6130000483245,2295,0,583,326
4166.821000049822,1303,1869,789,338
4168.273599992972,539,4095,1013,352
4169.386100023985,0,4095,1089,353
4171.182700025383,0,4095,1171,368
4172.312500013504,0,4095,1243,389
4173.505100014154,0,4095,1309,415
4175.278000009712,0,4095,1381,448
4177.021600014996,1170,4095,1454,493
4178.341199993156,2256,2839,1331,496
4180.130399996415,3183,199,1072,483
4181.29640002735,4095,0,982,495
4182.364600012079,4095,0,912,491
4184.148500033189,4095,0,833,473
4185.19660003949,4095,0,783,459
4186.296200030483,4095,0,720,431
4188.019199995324,2989,0,656,397
4189.219499996398,1955,0,602,366
4190.361100016162,4095,0,918,394
4191.309800022282,4095,0,841,395
4193.117500049993,4095,0,770,385
4194.325200049207,4095,0,709,377
4195.281299995258,4095,0,661,369
4197.2171000088565,4095,0,619,349
4198.424700007308,2634,0,571,322
4199.711700028274,1623,656,659,323
4201.336800004356,752,3457,925,341
4202.3451999993995,64,4095,1042,342
4204.129800025839,0,4095,1123,363
4205.187300045509,0,4095,1201,374
4207.091899996158,0,4095,1270,398
4208.104000019375,0,4095,1343,432
4210.124300036114,775,4095,1417,468
4211.359500011895,1897,4095,1473,507
4213.106800045352,2878,727,1146,487
4214.397600037046,3867,0,1015,492
4215.4992000432685,4095,0,944,491
4217.443800007459,4095,0,873,479
4218.4535000124015,4095,0,807,463
4219.436100043822,4095,0,743,438
4221.109400037676,3397,0,683,406
4222.226100042462,2287,0,623,373
4223.589000001084,4095,0,923,398
4225.271700008307,4095,0,843,398
4226.329000026453,4095,0,773,389
4227.053200011142,4095,0,715,382
4228.06470002979,4095,0,672,373
4230.1737000234425,4095,0,625,358
4231.343400024343,2954,0,579,336
4232.342800009064,1958,0,546,313
4234.176800004207,1008,2832,847,336
4235.492000007071,287,4095,1005,338
4237.193300039507,0,4095,1089,346
4238.249999994878,0,4095,1168,365
4240.0434000301175,0,4095,1242,381
4241.077000042424,0,4095,1313,418
4243.215500027873,346,4095,1387,453
4244.321200007107,1511,4095,1456,496
4246.29050004296,2559,1584,1206,487
4247.469599999022,3485,0,1014,482
4249.039800022729,4095,0,944,490
4249.968999996781,4095,0,875,486
4251.277700008359,4095,0,811,464
4252.389200031757,4095,0,752,444
4254.238600027747,4095,0,688,414
4255.36850001663,2795,880,1006,388
4257.060200034175,3403,0,867,391
4257.992600032594,4095,0,805,390
4259.072899993043,4095,0,743,390
4260.990600043442,4095,0,699,388
4262.0833000401035,4095,0,661,383
4263.258900027722,4095,0,623,367
4264.4662000238895,3376,0,578,341
4266.042200033553,2297,0,535,315
4267.259100044612,1297,1887,752,327
4269.125399994664,511,4095,977,341
4270.29820001917,0,4095,1066,343
4272.075300046708,0,4095,1145,359
4273.143600032199,0,4095,1220,379
4274.381500028539,0,4095,1287,401
4276.117700035684,0,4095,1360,441
4277.308600023389,1148,4095,1435,483
4279.225500009488,2250,2899,1319,492
4281.233700050507,3167,161,1052,479
4282.195700041484,4095,0,965,490
4283.347400021739,4095,0,896,480
4285.155299992766,4095,0,830,465
4286.154700035695,4095,0,766,452
4287.4639999936335,1347,4095,1386,428
4289.375299995299,2095,3856,1346,439
4291.324999998324,2747,1091,1108,431
4292.3070000251755,3484,0,949,429
4293.397500005085,4095,0,888,434
4295.227200025693,4095,0,828,432
4296.598200045992,4095,0,766,426
4297.632800007705,4095,0,718,413
4299.174400046468,4095,0,657,384
4300.484000006691,2640,0,603,361
4301.953600021079,1629,746,697,349
4303.283100016415,750,3523,958,367
4304.2278999928385,58,4095,1071,365
4306.096000014804,0,4095,1144,369
4307.01610003598,0,4095,1221,386
4308.547599997837,0,4095,1287,408
4310.00470003346,0,4095,1360,439
4311.153000046033,713,4095,1426,482
4313.371900003403,1863,4095,1489,511
4315.182899998035,2852,737,1163,496
4316.3490000297315,3824,0,1023,497
4317.361299996264,0,4095,1498,432
4319.26050002221,0,4095,1526,452
4320.04560000496,0,4095,1561,473
4322.040200000629,0,4095,1597,503
4323.317700007465,1110,4095,1643,553
4325.151800003368,2225,2785,1486,556
4326.326200040057,3167,145,1203,542
4328.153300040867,4095,0,1106,541
4329.226000001654,4095,0,1015,534
4331.0366999940015,4095,0,937,511
4332.094200013671,4095,0,861,492
4333.225000009406,4095,0,788,460
4334.402900014538,3006,0,720,425
4336.166299995966,1982,0,656,392
4337.167899997439,1039,2753,941,401
4339.064900006633,290,4095,1093,400
4340.1124000083655,0,4095,1168,400
4342.024200013839,0,4095,1237,413
4343.123500002548,0,4095,1303,430
4344.3196000298485,0,4095,1366,451
4346.184200025164,272,4095,1433,490
4348.080100025982,798,3301,1566,475
4349.091800046153,315,4095,1611,485
4350.2351000206545,0,4095,1615,484
4352.747099997941,0,4095,1623,494
4354.020200029481,0,4095,1639,506
4355.057500011753,0,4095,1655,530
4356.226700008847,0,4095,1680,560
4358.064400032163,715,4095,1712,592
4359.2425000388175,1854,4095,1743,623
4360.997500014491,2853,773,1383,594
4362.089600006584,3817,0,1222,589
4364.056900027208,4095,0,1126,582
4365.210100018885,4095,0,1034,563
4366.211100015789,4095,0,950,538
4368.002000031993,4095,0,870,505
4369.155100022908,3451,0,789,466
4370.345200004522,2303,0,717,427
4372.0871999976225,1293,1852,907,428
4373.302199994214,497,4095,1122,431
4375.29260001611,0,4095,1189,423
4376.437600003555,4095,0,1114,451
4377.416600007564,4095,0,1003,434
4379.093900031876,4095,0,898,413
4380.311000044458,2985,0,806,387
4381.33070000913,1985,0,729,365
4383.049199997913,1022,2702,1001,385
4385.075700003654,289,4095,1152,387
4386.1090000136755,0,4095,1216,391
4387.040700006764,0,4095,1280,406
4389.2551000462845,0,4095,1342,429
4390.55140002165,0,4095,1399,454
4392.379700031597,258,4095,1465,492
4393.821200006641,1482,4095,1526,533
4395.256200048607,2551,1523,1265,511
4396.073100040667,3472,0,1074,509
4398.060100036673,4095,0,993,511
4399.154600047041,4095,0,918,498
4400.257400004193,4095,0,848,482
4402.251799998339,4095,0,785,463
4403.154700004961,4095,0,720,432
4404.291900049429,2653,0,658,394
4406.229700020049,1648,640,731,384
4407.348300039303,4095,0,947,403
4408.426400041208,4095,0,862,401
4410.054800042417,4095,0,787,391
4411.1052000080235,4095,0,723,382
4412.1174000320025,4095,0,675,374
4414.117300009821,3386,0,625,347
4415.145600039978,2305,0,576,322
4416.2514000199735,1301,1926,793,337
4418.172400037292,529,4095,1011,348
4419.414600008167,0,4095,1090,351
4421.207800041884,0,4095,1169,368
4422.307600034401,0,4095,1243,388
4423.385800037067,0,4095,1311,413
4425.2563000191,0,4095,1380,449
4427.022000018042,1121,4095,1451,491
4428.336000011768,2210,2859,1329,496
4429.968600044958,3116,204,1072,482
4431.18690000847,4095,0,977,490
4432.267100026365,4095,0,906,483
4434.108300018124,4095,0,839,469
4435.094800021034,4095,0,781,453
4436.166600033175,4095,0,711,425
4437.400399998296,2969,0,656,394
4439.276300021447,1969,0,600,365
4440.232400025707,4095,0,912,394
4441.303400031757,4095,0,838,393
4443.174000014551,4095,0,767,384
4444.207500026096,4095,0,704,369
4445.307600020897,4095,0,661,368
4447.038000042085,4095,0,617,350
4448.138100036886,2654,0,570,324
4449.286200047936,1650,730,669,323
4451.198900002055,793,3422,924,343
4452.44730002014,97,4095,1044,343
4454.13379999809,0,4095,1125,359
4455.334600002971,0,4095,1202,374
4457.155200012494,0,4095,1273,401
4458.451600046828,0,4095,1344,432
4460.054300026968,770,4095,1414,471
4461.428200011142,1870,4095,1467,503
4463.221900048666,2845,779,1152,485
4464.373800030444,3794,0,1011,487
4465.361700044014,4095,0,939,486
4467.19670004677,4095,0,865,471
4468.413800001144,4095,0,799,460
4469.402500020806,4095,0,737,433
4471.117300039623,3375,0,679,405
4472.124200023245,2312,0,622,370
4473.350700049195,3973,0,913,385
4475.279800011776,4095,0,839,390
4476.312100014184,4095,0,768,384
4477.356200048234,4095,0,710,375
4478.043900046032,4095,0,666,375
4480.178700003307,4095,0,624,353
4481.219700013753,2953,0,577,333
4482.296500005759,1973,0,535,314
4484.202700026799,1051,2697,831,335
4485.324600012973,351,4095,1005,342
4487.565700022969,0,4095,1088,351
4488.7121000210755,0,4095,1168,369
4490.264400024898,0,4095,1239,391
4491.385600005742,0,4095,1306,418
4492.964300035965,455,4095,1383,454
4494.193600025028,1524,4095,1454,496
4496.383699995931,2544,1616,1207,483
4497.5465000025,3408,0,1008,475
4499.26430004416,4095,0,939,480
4500.638200028334,4095,0,869,466
4501.066200027708,4095,0,801,455
4502.170899999328,4095,0,746,438
4504.116600030102,3938,0,686,413
4505.773600016255,2734,991,1012,383
4507.100400049239,3295,0,866,382
4508.119700010866,3947,0,800,384
4509.260200022254,4095,0,739,386
4511.006500048097,4095,0,695,383
4512.157800025307,4095,0,656,379
4513.210600009188,4095,0,619,365
4514.3676000298,3207,0,577,343
4516.026600031182,2288,0,534,320
4517.082400037907,1360,1765,739,335
4519.140599993989,639,3845,956,349
4520.267000014428,0,4095,1059,354
4522.014200047124,0,4095,1138,367
4523.458700045012,0,4095,1217,382
4524.857800046448,0,4095,1285,405
4526.3264999957755,272,4095,1359,443
4528.347300016321,1246,4095,1425,481
4529.6886000433005,2233,2683,1293,483
4531.3116000033915,3071,336,1059,473
4532.0474000182,3987,0,959,475
4533.184100000653,4095,0,886,471
4535.234400012996,4095,0,818,459
4536.231800040696,907,4095,1401,416
4538.198599999305,1431,4095,1424,440
4540.115000039805,2001,2256,1265,438
4541.303600009996,2630,1072,1127,439
4543.157700041775,3263,0,965,442
4544.23980001593,3985,0,899,449
4545.331800007261,4095,0,833,443
4546.39200004749,4095,0,774,432
4548.113099997863,3610,0,717,413
4549.385400023311,2807,0,656,378
4550.641300040297,1515,0,602,353
4552.208200038876,741,505,646,347
4553.226999996696,0,1104,688,341
4554.389900004026,0,1461,729,339
4556.216700002551,0,1827,782,347
4557.4280000291765,0,2070,827,355
4558.57630004175,0,2163,862,365
4560.14720001258,0,2109,886,371
4561.1730000237,0,2047,906,382
4562.591800000519,836,1954,924,393
4564.143900002819,2140,1793,927,402
4565.195300034247,2982,1674,922,410
4567.200499994215,4035,1491,908,411
4568.326300010085,0,3150,1290,399
4570.283900015056,111,3123,1298,418
4571.535299997777,592,3001,1301,432
4573.397000029217,1215,2865,1296,446
4575.237400014885,2210,2619,1282,460
4576.433500042185,3123,2361,1261,470
4578.237000037916,4095,2117,1225,476
4580.235100002028,4095,1712,1163,479
4581.584800034761,4095,1567,1120,470
4583.38610001374,4095,1520,1088,470
4585.148100042716,4095,1527,1059,464
4586.625900003128,3613,1593,1036,451
4588.071700010914,2426,1776,1023,443
4590.100200031884,1520,2016,1039,437
4591.278900043108,803,2222,1050,433
4593.18320004968,4095,1152,1200,432
4594.417500018608,4095,1149,1136,429
4596.256599994376,4095,1155,1079,423
4598.366999998689,4095,1168,1023,419
4599.596000043675,2812,1296,995,412
4601.24570003245,1889,1523,985,403
4602.397300011944,1055,1786,989,410
4604.213200043887,367,1982,997,404
4605.166700028349,0,2192,1013,409
4607.082100003026,0,2346,1048,414
4608.262000023387,0,2400,1069,421
4609.4880000455305,0,2448,1088,432
4611.2210000283085,602,2335,1095,439
4613.201500033028,1578,2172,1091,448
4614.453200018033,2503,1935,1075,454
4616.334600024857,3280,1747,1058,462
4617.423499992583,0,2480,1294,417
4619.14920003619,0,2455,1273,426
4620.682400010992,0,2433,1249,432
4622.2371000330895,0,2435,1237,442
4623.372000001837,901,2294,1229,455
4625.363000028301,1893,2092,1202,464
4626.753900025506,2757,1833,1167,471
4628.347899997607,3583,1654,1134,476
4630.253000010271,4095,1485,1091,474
4631.436199997552,4095,1389,1054,464
4633.369000046514,4095,1337,1011,462
4635.083600005601,4095,1323,983,450
4636.396000045352,3088,1443,967,439
4638.261999993119,2209,1617,961,431
4639.07500001369,1328,1831,967,423
4641.1613000091165,622,2000,976,417
4642.26900000358,4095,1168,1173,423
4644.341700011864,4095,1168,1114,426
4646.238400018774,4095,1169,1058,419
4647.358699992765,3751,1193,1008,413
4649.256700009573,2754,1360,986,412
4650.400900049135,1861,1589,979,406
4652.277200017124,1040,1838,990,405
4654.120600025635,379,2015,996,401
4655.470400000922,0,2256,1021,404
4656.588900019415,0,2395,1053,413
4658.38460001396,0,2421,1069,419
4659.764200041536,0,2491,1095,432
4661.26920003444,647,2371,1103,439
4662.479799997527,1595,2169,1095,451
4664.336100046057,2509,1923,1077,458
4666.004900005646,3280,1733,1057,459
4667.480500007514,4095,1516,1018,453
4669.271500024479,0,2547,1293,420
4670.139199995901,0,2659,1295,432
4671.390800038353,63,2650,1283,445
4673.304399999324,843,2648,1280,453
4675.159500038717,1879,2446,1265,469
4676.307600049768,2768,2151,1232,475
4678.328900015913,3579,1954,1200,483
4680.009600007907,4095,1565,1136,478
4681.347600009758,4095,1297,1078,469
4683.420900022611,4095,1243,1040,466
4685.434800048824,4095,1160,990,450
4686.574599996675,3038,1281,966,443
4688.3453000336885,2180,1397,947,432
4689.09669999266,1328,1791,966,423
4691.188500029966,639,2071,987,422
4692.3814000329,4095,1135,1179,431
4694.2059000139125,4095,1170,1116,431
4696.156300022267,4084,1162,1060,423
4697.423500008881,3420,1163,1008,415
4699.234700005036,2549,1263,976,410
4700.251500005834,1653,1424,959,403
4702.293300011661,827,1616,957,402
4703.35080003133,151,1763,955,400
4705.123400024604,0,1995,974,400
4706.300400022883,0,2158,995,405
4707.3670999961905,0,2229,1011,411
4709.167100023478,0,2275,1040,418
4710.341400001198,321,2285,1058,432
4712.139000010211,1409,2248,1074,443
4714.218600012828,2371,2161,1081,450
4715.319600014482,3182,2060,1079,458
4717.081500042696,4095,1850,1059,455
4718.415100011043,0,2752,1322,422
4720.1894000172615,0,2779,1317,438
4721.367500023916,122,2768,1311,449
4723.276800010353,880,2703,1300,459
4724.750499997754,1816,2394,1271,468
4726.4139000326395,2608,2149,1242,478
4728.209800028708,3370,2083,1226,486
4729.44780002581,4095,1965,1199,490
4731.356300006155,4095,1829,1161,485
4733.355000033043,4095,1765,1132,482
4735.148600011598,3839,1491,1073,469
4736.443000030704,2835,1280,1012,452
4738.0393000203185,2019,1589,1011,446
4739.35089999577,1213,1893,1019,436
4741.138600045815,610,2329,1072,442
4743.091000011191,4095,1328,1222,432
4744.37339999713,4095,1363,1168,435
4746.313800045755,4095,1119,1087,431
4747.543000034057,3638,1078,1023,422
4749.037400004454,2711,1125,983,415
4751.041200011969,1891,1349,970,411
4752.0484999986365,1107,1496,954,405
4754.092400020454,467,1746,966,402
4755.345400015358,0,2096,992,406
4756.427800050005,0,2398,1040,413
4758.12810001662,0,2559,1071,421
4759.265900007449,82,2381,1083,432
4761.121899995487,708,1815,1023,432
4762.322599999607,1558,1507,988,433
4764.021500013769,2401,1038,935,433
4765.059099998325,3154,1067,918,432
4767.11160002742,4095,1776,987,444
4768.37850001175,74,3937,1389,423
4770.186400040984,240,3792,1405,438
4772.100100002717,642,3569,1414,454
4773.251700040419,1205,3354,1419,467
4775.0874000485055,2096,2939,1393,487
4776.4508000109345,2891,2594,1360,496
4778.271900024265,3669,2275,1314,503
4780.155700049363,4095,1993,1264,506
4781.474500021432,4095,1828,1217,499
4783.349100034684,4095,1719,1175,496
4785.151900025085,4095,1679,1136,487
4786.636000033468,3114,1712,1107,475
4788.199700007681,2291,1807,1088,464
4790.076100034639,1459,1904,1077,458
4791.271499998402,4095,850,1199,434
4793.228499998804,4095,825,1119,434
4794.409300026018,4095,834,1055,430
4796.181500016246,4095,866,996,419
4797.009600035381,3605,976,960,415
4799.138700007461,2747,1111,934,409
4800.217900017742,1931,1329,922,402
4802.539500000421,1141,1521,922,400
4804.247500025667,529,1665,918,397
4805.494600033853,0,1698,913,391
4806.451800046489,0,1694,912,393
4807.476500049233,0,1714,917,399
4809.278800035827,0,1639,912,400
4810.429500008468,656,1510,907,403
4812.237100035418,1500,1356,894,407
4813.413500029128,2372,1177,870,410
4815.306700009387,3061,1066,849,411
4816.4294000016525,3938,927,831,410
4818.262800050434,4095,461,758,399
4819.596800021827,153,2224,1162,381
4821.364400035236,666,2147,1142,395
4823.19040002767,1192,2035,1119,401
4824.300300038885,1887,1901,1095,409
4825.993600010406,2691,1755,1077,422
4828.188900020905,3419,1637,1056,432
4829.269600042608,4095,1513,1023,434
4831.279400037602,4095,1477,1009,432
4832.427600049414,4095,1511,989,433
4834.3192000174895,4031,1599,976,430
4836.167600005865,3057,1763,976,425
4837.543300003745,2263,1997,991,421
4839.234600018244,1447,2210,1009,419
4840.340199996717,792,2371,1037,417
4842.249900044408,176,2542,1062,418
4844.06090003904,4095,1525,1237,432
4845.345800044015,3998,1568,1183,432
4847.213600005489,3349,1661,1143,430
4848.365800047759,2778,1773,1115,426
4850.370500003919,1959,1958,1105,428
4852.379899995867,1198,2132,1104,427
4854.028400033712,580,2302,1111,429
4855.284699995536,0,2458,1131,431
4856.339100049809,0,2493,1136,435
4858.086700027343,0,2481,1141,442
4859.292800014373,80,2422,1149,451
4861.188000009861,752,2245,1138,459
4862.2689000330865,1598,2032,1123,464
4864.0125000383705,2448,1814,1099,467
4866.017599997576,3123,1623,1071,467
4867.342800018378,3982,1444,1038,466
4869.010700029321,0,2347,1285,417
4870.323600014672,11,2311,1259,428
4872.019200003706,451,2208,1229,435
4873.348699999042,995,2096,1200,438
4875.115800008643,1887,1901,1168,451
4876.303600030951,2689,1711,1138,459
4878.191600029822,3377,1535,1103,463
4880.087900033686,4095,1407,1067,461
4881.267899996601,4095,1357,1034,459
4883.180900011212,4095,1362,1007,449
4885.063600027934,3964,1411,980,445
4886.236100050155,3024,1573,975,435
4888.095600006636,2250,1765,976,430
4889.046700031031,1427,1967,986,426
4891.089000040665,773,2128,998,421
4892.309400020167,4095,1375,1207,429
4894.337100035045,4095,1375,1149,430
4896.517899993341,4095,1398,1101,423
4897.862400044687,3621,1473,1066,418
4899.19910003664,2771,1627,1047,418
4901.132800034247,1954,1841,1045,416
4902.314500010107,1177,2023,1050,416
4904.350500029977,563,2193,1063,415
4905.945400008932,0,2352,1072,416
4907.250499993097,0,2407,1090,422
4908.293300017249,0,2405,1100,432
4910.039300040808,62,2373,1107,439
4911.3481999957,752,2215,1104,448
4913.205999997444,1599,2033,1094,453
4914.4492000341415,2447,1829,1076,458
4916.344900033437,3143,1663,1053,463
4917.3943000496365,0,2365,1286,419
4919.264300027862,0,2365,1264,425
4920.130300044548,0,2352,1239,432
4922.116500034463,240,2286,1219,442
4923.393300035968,990,2125,1200,453
4925.200099998619,1871,1937,1171,464
4927.220600016881,2667,1744,1141,469
4928.35440003546,3351,1584,1105,469
4930.276300001424,4095,1449,1072,466
4932.001300039701,4095,1379,1040,470
4933.294000045862,4095,1390,1010,457
4935.129799996503,3857,1431,986,448
4936.266900040209,2989,1585,977,438
4938.159800018184,2211,1762,978,432
4939.357600000221,1398,1961,986,423
4941.237899998669,738,2105,1000,419
4943.100300035439,4095,1374,1206,432
4944.303600001149,4095,1374,1151,434
4946.154300007038,4095,1392,1101,427
4948.086499993224,3618,1467,1068,424
4949.500999995507,2775,1610,1047,417
4951.365400047507,1959,1807,1042,417
4953.101000050083,1201,2003,1044,417
4954.228000016883,581,2169,1056,416
4956.115800014231,0,2323,1074,418
4957.249500032049,0,2384,1085,429
4958.380900032353,0,2373,1094,431
4960.285300039686,80,2352,1103,439
4961.367900017649,759,2192,1099,446
4963.508000015281,1591,1989,1088,452
4965.211700007785,2448,1796,1068,459
4966.389200009871,3159,1645,1047,459
4968.0110000190325,0,2382,1287,416
4969.10620003473,0,2381,1264,424
4970.442200021353,0,2384,1242,432
4972.166000050493,240,2297,1221,441
4974.092899996322,979,2122,1200,450
4975.320000026841,1878,1911,1170,459
4977.442400006112,2673,1719,1136,464
4979.135900037363,3363,1569,1104,467
4980.434300028719,4095,1407,1067,464
4982.232600043062,4095,1342,1023,462
4983.995100017637,4095,1360,1004,453
4985.327100032009,3897,1403,979,443
4987.2074000304565,2998,1535,967,436
4988.347000034992,2225,1712,966,430
4989.9923000484705,1415,1904,976,422
4991.3141000433825,4095,1395,1200,430
4993.249999999534,4095,1355,1138,431
4995.10390002979,4095,1355,1090,426
4996.218000014778,4095,1367,1051,428
4998.193200037349,3600,1451,1023,423
5000.044600048568,2752,1607,1008,417
5001.4641000307165,1950,1806,1008,416
5003.053000022192,1190,1992,1013,412
5004.088999994565,583,2149,1023,412
5006.100200000219,0,2311,1045,413
5007.072100008372,0,2352,1060,421
5009.051200002432,0,2350,1072,427
5010.297900007572,78,2323,1085,432
5012.055600003805,758,2165,1081,438
5013.25530000031,1581,1968,1071,447
5015.2885999996215,2431,1773,1055,449
5016.443400003482,0,2343,1286,419
5018.090800032951,0,2382,1264,427
5019.62989999447,0,2387,1243,432
5021.144300000742,0,2385,1229,435
5022.06520002801,238,2304,1217,450
5024.223800050095,988,2128,1198,461
5025.422400038224,1869,1910,1166,464
5027.277500019409,2677,1738,1135,469
5029.130100039765,3381,1581,1101,470
5030.522700049914,4095,1417,1066,470
5032.266800000798,4095,1345,1023,464
5034.135400026571,4095,1339,1001,458
5035.596700035967,3941,1376,975,449
5037.27270005038,3015,1517,966,437
5038.627100002486,2254,1690,961,432
5040.265100018587,1424,1907,973,425
5041.529900045134,4095,1403,1201,429
5043.556399992667,4095,1371,1138,431
5045.26280000573,4095,1389,1093,430
5046.389200026169,4095,1399,1053,426
5048.369200027082,3583,1473,1023,422
5050.2246000105515,2754,1632,1010,420
5051.353500050027,1952,1833,1011,418
5053.1479000346735,1183,2021,1020,416
5055.109000008088,585,2176,1038,417
5056.305000034627,0,2351,1057,418
5057.401900005061,0,2423,1075,421
5059.118600038346,0,2414,1086,431
5060.4383000172675,80,2375,1095,434
5062.271200004034,751,2225,1097,445
5063.360900036059,1582,2043,1087,452
5065.333600039594,2435,1839,1071,458
5066.413399996236,0,2351,1294,422
5068.20640002843,0,2387,1270,432
5069.156400044449,0,2397,1251,442
5071.182600047905,0,2386,1232,437
5072.249300021213,262,2327,1226,451
5074.1890000062995,998,2175,1202,464
5075.257399992552,1872,1966,1178,470
5077.3481000214815,2659,1770,1146,475
5079.237200028729,3331,1607,1111,477
5080.320300010499,4095,1436,1073,471
5082.291200000327,4095,1366,1040,465
5084.117899998091,4095,1360,1009,459
5085.708600003272,3873,1394,982,450
5087.225400027819,2982,1535,973,441
5088.4563000290655,2222,1715,974,432
5090.528400032781,1405,1922,982,427
5092.100200010464,4095,1402,1200,431
5093.760700023267,4095,1358,1141,431
5095.190300024115,4095,1359,1093,427
5096.312500012573,4095,1368,1053,422
5098.566500004381,3604,1427,1023,420
5100.283400039189,2756,1581,1008,416
5101.563800009899,1950,1786,1007,413
5103.323000017554,1182,1984,1012,413
5105.059200024698,573,2160,1023,411
5106.214600033127,0,2341,1051,415
5107.202000042889,0,2406,1069,426
5109.068100049626,0,2400,1079,421
5110.239100002218,58,2373,1091,433
5112.131000030786,734,2226,1091,440
5114.012200036086,1573,2035,1083,448
5115.368600003421,2428,1835,1065,453
5117.044700018596,0,2439,1298,418
5118.192000023555,0,2466,1281,429
5119.33160002809,0,2459,1263,434
5121.295400022063,0,2445,1244,439
5122.52630002331,295,2371,1234,450
5124.16890001623,1023,2193,1212,464
5126.015100046061,1902,1986,1186,469
5127.456700021867,2694,1794,1153,473
5129.195700050332,3393,1626,1120,478
5131.009900011122,4095,1472,1081,471
5132.016799994744,4095,1405,1050,467
5134.299700031988,4095,1407,1019,464
5135.492300032638,3929,1413,991,449
5137.26480002515,3008,1535,981,443
5138.411800027825,2242,1714,978,432
5140.198300010525,1422,1946,987,429
5142.076400050428,4095,1387,1202,432
5143.3322000084445,4095,1329,1145,432
5145.293500041589,4095,1342,1097,429
5147.0466000027955,4095,1347,1051,425
5148.291899997275,3599,1409,1022,420
5150.201600044966,2763,1559,1007,418
5152.079400024377,1959,1755,1005,414
5153.660800016951,1195,1987,1011,415
5155.105700017884,573,2132,1023,412
5156.300900038332,0,2298,1043,415
5158.06570003042,0,2355,1061,421
5159.1562000103295,0,2366,1072,429
5160.525800019968,48,2352,1086,432
5162.224400031846,733,2199,1087,441
5164.11260003224,1562,1984,1072,449
5165.286100003868,451,2331,1299,422
5167.097600002307,51,2448,1280,432
5168.277400021907,0,2512,1265,433
5170.016000047326,0,2533,1257,439
5171.133700001519,0,2493,1246,448
5172.174800012726,259,2401,1234,462
5174.090200045612,995,2218,1215,467
5176.2216000352055,1877,2030,1191,480
5177.855600020848,2682,1831,1161,479
5179.0812000399455,3367,1648,1126,481
5181.100999994669,4095,1477,1087,474
5182.323300046846,4095,1411,1055,471
5184.172000037506,4095,1399,1023,464
5185.495100042317,3899,1426,997,453
5187.216000049375,3005,1581,987,446
5188.999800011516,2226,1769,983,435
5190.129800001159,1417,1968,993,430
5191.969600040466,4095,1374,1205,429
5193.101300043054,4095,1328,1143,432
5195.056200027466,4095,1323,1095,430
5197.09299999522,4095,1333,1047,426
5198.245300038252,3603,1405,1018,421
5200.368000019807,2757,1570,1008,418
5202.134300023317,1955,1774,1006,414
5203.387800022028,1179,1968,1008,413
5205.325100047048,573,2145,1023,413
5206.280400045216,0,2307,1041,414
5208.054799993988,0,2369,1063,421
5209.2549999943,0,2377,1075,423
5211.129000002984,16,2343,1086,432
5212.252800003625,726,2173,1081,438
5214.175800036173,1569,1975,1071,448
5215.282600023784,447,2193,1283,418
5217.0559000223875,39,2310,1263,426
5218.623900029343,0,2377,1242,432
5220.366500027012,0,2401,1228,432
5221.57920000609,0,2382,1218,446
5223.100300005171,239,2311,1209,455
5224.161599995568,975,2144,1190,464
5226.238000032026,1856,1914,1162,469
5227.357900002971,2658,1726,1133,475
5229.36610004399,3344,1561,1095,476
5231.2273000134155,4095,1401,1059,471
5232.241499994416,4095,1328,1022,464
5234.321399999317,4095,1314,993,459
5235.487800033297,3879,1343,967,449
5237.240899994504,2994,1498,958,438
5239.19490003027,2219,1701,960,432
5240.254600008484,1403,1898,967,426
5242.242400010582,4095,1385,1196,429
5243.48290002672,4095,1332,1136,431
5245.374200050719,4095,1326,1085,429
5247.248200001195,4095,1334,1045,421
5248.38380003348,3633,1408,1015,419
5250.319600047078,2772,1570,1002,416
5252.1378000383265,1968,1775,1002,412
5253.487700014375,1193,1977,1008,412
5255.258799996227,579,2148,1019,411
5256.433800037485,0,2349,1046,412
5258.145600033458,0,2415,1067,426
5259.366100013722,0,2422,1077,426
5261.127000034321,57,2400,1093,433
5262.483500002418,735,2234,1090,443
5264.31749999756,1562,2035,1082,448
5265.423100034241,443,2231,1293,422
5267.0851000002585,35,2359,1271,430
5268.25690001715,0,2432,1255,433
5270.1109000481665,0,2449,1235,435
5271.274500002619,0,2434,1232,447
5273.126000014599,241,2363,1222,460
5274.218100006692,992,2187,1200,466
5276.128700003028,1877,1965,1171,473
5277.372300042771,2685,1775,1146,475
5279.305100033525,3387,1600,1104,477
5281.116400030442,4095,1424,1070,474
5282.700100040529,4095,1328,1036,465
5283.984600042459,4095,1287,1001,462
5286.010600044392,3946,1328,974,448
5287.090199999511,3007,1485,963,438
5289.156100014225,2226,1680,961,432
5290.380500024185,3524,1431,1194,426
5292.175400012638,4095,1323,1134,426
5294.324500020593,4095,1261,1077,426
5295.13650003355,4095,1249,1035,423
5297.253100026865,4095,1175,989,419
5298.104300047271,3568,1247,963,417
5300.300600007176,2752,1440,955,412
5302.018699992914,1937,1693,959,407
5303.259000007529,1173,1915,967,405
5305.07270002272,547,2096,982,403
5306.289600033779,0,2304,1011,409
5307.327300019097,0,2403,1040,413
5309.130400011782,0,2417,1057,420
5310.274200048298,16,2412,1074,430
5312.235400022473,720,2263,1077,434
5313.121200015303,1558,2083,1072,448
5315.0583000388,2412,1862,1057,449
5316.481700050645,0,2403,1293,417
5318.198800028767,0,2448,1270,426
5319.39160003094,0,2442,1253,429
5321.252900001127,0,2441,1235,433
5322.520799993072,224,2394,1232,447
5324.2573000025,975,2210,1206,459
5325.393800041638,1866,1991,1181,468
5327.336100046523,2668,1776,1147,473
5329.292500042357,3344,1535,1105,469
5330.4598000249825,4095,1306,1058,468
5332.4861000292,4095,1197,1012,464
5334.183400031179,4095,1139,976,453
5335.418500006199,3855,1097,939,445
5337.421800009906,2974,1269,923,432
5338.644900009967,2201,1382,910,418
5340.387600008398,1370,1650,918,413
5341.596500016749,4095,1419,1178,419
5343.44200004125,4095,1346,1118,419
5345.166400016751,4095,1334,1072,419
5346.568900044076,4095,1338,1023,414
5348.67940004915,3653,1391,1002,414
5350.195400009397,2782,1535,986,410
5351.18210001383,1970,1761,986,410
5353.219500044361,1185,1959,996,405
5354.240000015125,585,2128,1008,403
5356.083300022874,0,2352,1040,411
5357.367900025565,0,2476,1070,417
5358.119600045029,0,2479,1082,423
5360.310600022785,59,2482,1100,432
5362.060200015549,747,2337,1103,443
5363.183900015429,1582,2159,1101,449
5365.088200022001,2445,1925,1079,457
5366.343300032895,0,2343,1296,422
5368.077700026333,0,2415,1276,432
5369.272700045258,0,2430,1257,434
5370.312500046566,0,2427,1238,445
5372.390500037,227,2386,1232,453
5373.102100042161,966,2211,1214,464
5375.271400029305,1849,1998,1183,470
5377.154000045266,2658,1776,1151,475
5378.409800003283,3340,1589,1107,476
5380.242300045211,4095,1391,1072,474
5382.117600005586,4095,1311,1038,467
5383.269800047856,4095,1305,1003,463
5385.198300005868,3882,1326,975,449
5386.3812000490725,2982,1474,962,440
5388.017999997828,2215,1654,961,431
5390.058999997564,1395,1884,973,427
5391.228099993896,747,2086,986,419
5393.078900000546,4095,1311,1196,423
5394.336200028192,4095,1305,1134,427
5396.224600030109,4095,1315,1082,427
5398.147800005972,3582,1349,1040,417
5399.22950003529,2748,1506,1020,413
5401.188899995759,1925,1729,1014,411
5403.219300031196,1152,1898,1012,411
5404.470400011633,538,2091,1023,409
5406.20010002749,0,2302,1061,416
5407.392900029663,0,2416,1072,421
5408.475000003818,0,2423,1086,427
5410.126600007061,1,2435,1104,433
5411.053100018762,720,2288,1103,445
5413.076900003944,1558,2093,1093,452
5415.10520002339,2416,1861,1073,453
5416.37950000586,3137,1671,1050,458
5418.192100012675,0,2474,1296,419
5419.240100018214,0,2487,1277,430
5420.554300013464,0,2486,1264,433
5422.227300005034,240,2466,1247,446
5424.064600025304,978,2293,1232,459
5425.142000021879,1874,2047,1200,465
5427.121800021268,2671,1830,1167,471
5429.0082000079565,3357,1617,1129,471
5430.2183000254445,4095,1403,1082,477
5432.248199998867,4095,1316,1044,464
5433.564800012391,4095,1290,1008,460
5435.293800022919,3894,1295,976,449
5437.100200040732,2999,1458,967,441
5438.019799999893,2221,1653,961,432
5439.998500049114,1403,1875,974,426
5441.073000023607,4095,1406,1200,430
5443.170800048392,4095,1345,1137,429
5445.03630005056,4095,1319,1087,429
5446.320999995805,4095,1333,1043,421
5448.452500044368,3637,1358,1008,422
5450.454800040461,2771,1520,995,416
5451.590100012254,1979,1714,991,412
5453.21830001194,1196,1936,998,409
5454.077700036578,576,2101,1008,411
5456.069200008642,0,2315,1040,413
5457.171600020956,0,2449,1067,416
5458.366800041404,0,2463,1079,425
5460.159200010821,49,2474,1100,432
5461.2759000156075,733,2320,1104,444
5463.095500017516,1572,2128,1096,451
5465.129100019112,2430,1882,1073,458
5466.1584999994375,0,2361,1296,418
5467.256600037217,0,2435,1277,430
5469.283300044481,0,2454,1261,432
5470.429800043348,0,2449,1239,441
5472.16170001775,222,2416,1238,454
5473.332900030073,976,2246,1219,465
5475.38610000629,1861,2030,1194,471
5477.135599998292,2672,1799,1159,478
5478.281300049275,3376,1621,1122,480
5480.285700003151,4095,1408,1077,471
5482.160000014119,4095,1312,1038,464
5483.321800013073,4095,1297,1008,464
5485.032500000671,3931,1293,975,452
5486.100000038277,3015,1441,960,441
5488.219799997751,2235,1637,959,432
5490.158500033431,1399,1861,970,426
5491.404300031718,752,2074,983,421
5493.042200047057,4095,1316,1184,429
5494.100800016895,4095,1309,1136,428
5496.242800028995,4095,1317,1082,423
5498.125100042671,3607,1350,1040,417
5499.070700025186,2759,1516,1019,416
5501.155700010713,1943,1680,1008,411
5503.042099997401,1158,1897,1011,412
5504.206900019199,547,2064,1021,409
5506.053999997675,0,2270,1045,414
5507.797600002959,0,2385,1070,418
5508.054700039793,0,2427,1086,426
5510.015500010923,0,2441,1103,434
5511.069800006226,718,2288,1103,441
5513.205000024755,1556,2092,1089,449
5515.121100004762,2422,1841,1070,452
5516.0371999954805,3136,1667,1046,454
5518.094099999871,0,2442,1293,421
5518.987699993886,0,2448,1271,431
5520.100000023376,0,2446,1254,435
5522.114599996712,242,2432,1237,445
5523.225800017826,982,2274,1227,459
5525.251400016714,1875,2064,1197,466
5527.1063999971375,2691,1842,1167,473
5528.3365000505,3404,1655,1134,477
5530.229300027713,4095,1455,1088,471
5532.064400031231,4095,1345,1047,464
5533.539700030815,4095,1329,1008,461
5535.254699992947,3920,1330,981,449
5536.5109000122175,3013,1478,970,442
5538.005000038538,2240,1664,966,432
5540.03020003438,1412,1893,978,430
5541.231800045352,741,2078,990,422
5543.125100026373,4095,1339,1199,434
5544.194800022524,4095,1335,1140,433
5546.195900009479,4095,1335,1095,428
5548.084800015204,3583,1360,1050,423
5549.250500043854,2751,1523,1023,421
5551.231599994935,1938,1730,1019,415
5552.982599998359,1162,1959,1023,416
5554.109700024128,551,2128,1040,416
5556.071900005918,0,2333,1061,419
5557.104100007564,0,2454,1086,426
5558.380300004501,0,2448,1097,431
5560.284900013357,36,2455,1111,434
5561.06209999416,723,2319,1113,445
5563.03720001597,1535,2116,1103,455
5564.999299996998,2411,1865,1083,452
5566.08340004459,0,2301,1294,425
5567.357600026298,0,2364,1264,432
5568.993100023363,0,2383,1251,435
5570.442800002638,0,2383,1238,441
5572.137200040743,210,2384,1229,453
5573.3080000500195,976,2237,1215,463
5575.307600025553,1859,2018,1186,471
5577.05140003236,2673,1806,1154,479
5578.405000036582,3344,1629,1122,479
5580.262700037565,4095,1442,1079,474
5582.1020000148565,4095,1323,1040,467
5583.405600045808,4095,1331,1008,464
5585.076600022148,3920,1328,976,453
5586.577300040517,3011,1473,966,439
5588.267400045879,2240,1664,963,433
5590.142000000924,1415,1893,976,431
5591.520500020124,753,2070,986,422
5593.19670003606,4095,1359,1199,429
5594.600300013553,4095,1347,1141,429
5596.089099999517,4095,1340,1088,422
5598.077600006945,3633,1351,1045,421
5599.227300030179,2778,1507,1022,418
5601.215900038369,1950,1680,1011,413
5603.021300048567,1173,1894,1015,413
5604.2858000146225,558,2077,1039,411
5606.134000001475,0,2285,1053,419
5607.170700037386,0,2415,1072,423
5608.393500035163,0,2430,1088,431
5610.03730003722,22,2453,1104,435
5611.36360000819,722,2313,1106,443
5613.2059000083245,1569,2139,1101,453
5615.069199993741,2416,1895,1079,457
5616.243300028145,3116,1709,1058,458
5618.121300009079,0,2434,1296,423
5619.059000047855,0,2438,1273,429
5620.102000015322,0,2445,1258,435
5622.131600044668,238,2443,1243,445
5624.004900048021,976,2269,1227,459
5625.067999993917,1870,2044,1200,464
5627.214600041043,2672,1815,1165,469
5628.999100008514,3375,1651,1132,473
5630.2724000415765,4095,1462,1088,478
5632.1266000159085,4095,1347,1045,466
5633.288300014101,4095,1337,1015,461
5635.463300044648,3915,1320,980,449
5637.082800036296,3022,1453,967,439
5638.272800017148,2230,1621,962,432
5640.125600039028,1421,1831,969,429
5641.330400016159,4095,1391,1199,431
5643.258000025526,4095,1319,1136,421
5645.127499999944,4095,1305,1087,426
5646.289099997375,4095,1315,1041,423
5648.425800027326,3582,1328,1007,419
5650.037500017788,2743,1490,991,415
5651.401300041471,1939,1687,986,412
5653.112200030591,1155,1929,997,409
5654.432800016366,548,2083,1008,410
5656.074400001671,0,2305,1038,413
5657.123100012541,0,2449,1066,418
5658.165300032124,0,2465,1079,423
5660.283200035337,16,2477,1102,434
5661.446800047997,720,2341,1104,445
5663.3584999945015,1564,2155,1099,450
5665.191500040237,2418,1917,1078,454
5666.332399996463,0,2333,1294,421
5667.506700032391,0,2423,1279,431
5669.135700038169,0,2448,1261,432
5671.032700047363,0,2435,1243,443
5672.320700017735,229,2421,1239,454
5673.413100012112,975,2251,1218,464
5675.388300034683,1855,2022,1191,471
5677.152800024487,2659,1801,1157,475
5678.443200013135,3355,1600,1119,480
5680.53080001846,4095,1382,1073,475
5682.19040002441,4095,1283,1040,469
5683.307600033004,4095,1250,997,464
5685.3065000032075,3916,1231,963,448
5686.428800050635,3008,1389,950,441
5687.9929000278935,2239,1535,944,431
5689.490300021134,1407,1778,951,426
5691.265300032683,754,1973,962,416
5693.163000047207,4095,1323,1184,421
5694.256799994037,4095,1314,1129,423
5696.18970004376,4095,1319,1076,420
5698.175800032914,3651,1334,1037,416
5699.363599997014,2793,1479,1010,411
5701.277100015432,1973,1673,1005,412
5702.051000029314,1200,1889,1008,415
5704.319600015879,583,2065,1015,412
5705.567800032441,0,2275,1042,415
5707.283099996857,0,2409,1066,421
5708.403100026771,0,2429,1077,423
5710.236100014299,32,2447,1102,436
5711.368900025263,730,2309,1104,446
5713.289800041821,1570,2124,1093,451
5715.068200021051,2416,1872,1073,458
5716.302300046664,3121,1691,1051,461
5718.219300033525,0,2451,1296,421
5719.277500000317,0,2461,1273,431
5720.452800043859,0,2461,1264,437
5722.201200027484,207,2459,1249,446
5723.488300049212,958,2314,1232,461
5725.301099999342,1845,2089,1204,467
5727.272400050424,2649,1868,1171,475
5728.391900018323,3355,1699,1136,479
5730.347400007304,4095,1494,1095,473
5732.773200026713,4095,1391,1057,469
5734.558199997991,4095,1367,1023,464
5735.044400033075,3911,1335,990,455
5737.114000017755,3009,1475,976,443
5738.243300002068,2224,1641,969,433
5740.171700017527,1412,1858,976,429
5741.370000003371,743,2055,989,426
5743.251500010956,4095,1283,1193,427
5744.3557000369765,4095,1261,1134,429
5746.317600016482,4095,1265,1074,423
5748.211500002071,3602,1296,1037,419
5749.431500036735,2778,1445,1008,417
5751.094200008083,1953,1645,1003,415
5753.076500026509,1181,1872,1008,411
5754.270000034012,557,2036,1011,411
5756.320100044832,0,2256,1040,414
5757.7216000063345,0,2393,1067,419
5758.759599993937,0,2399,1074,427
5760.410999995656,16,2435,1095,434
5761.539200029802,717,2299,1101,448
5763.3545999997295,1557,2112,1091,449
5765.177900029812,2412,1872,1072,461
5766.347800032236,0,2320,1294,422
5768.085499992594,0,2406,1274,431
5769.378199998755,0,2442,1255,432
5770.152100012638,0,2431,1237,436
5772.163000016008,208,2433,1237,454
5773.412700043991,973,2284,1220,464
5775.364000000991,1867,2054,1198,477
5777.128899993841,2672,1825,1161,477
5778.3053000457585,3364,1651,1127,482
5780.2873000036925,4095,1447,1087,477
5782.099900010508,4095,1331,1044,470
5783.310700033326,4095,1296,1008,464
5785.401200002525,3923,1296,976,453
5786.239300039597,3009,1424,961,443
5788.29759999644,2246,1585,957,434
5790.215100045316,1410,1809,963,427
5791.6979000438005,761,1999,975,422
5793.17900002934,4095,1329,1194,428
5794.426700042095,4095,1338,1136,431
5796.284900046885,4095,1344,1087,428
5798.025600030087,3611,1365,1048,419
5799.525400041603,2762,1520,1023,419
5801.072200003546,1949,1734,1019,418
5803.018200036604,1189,1957,1023,416
5804.190700000618,570,2126,1039,417
5806.069500045851,0,2335,1063,418
5807.511400023941,0,2477,1085,427
5808.033900044393,0,2487,1101,432
5810.145600000396,30,2501,1120,442
5811.1801000195555,720,2371,1120,449
5813.052300014533,1563,2170,1113,458
5815.033500024583,2415,1937,1093,463
5816.197500040289,3114,1734,1072,464
5818.198900029529,0,2449,1302,421
5819.932400016114,0,2461,1282,430
5820.935400028247,0,2451,1264,438
5822.118300013244,252,2461,1254,448
5824.015000020154,982,2291,1233,462
5825.284900027327,1874,2071,1206,469
5827.170700009447,2675,1827,1168,475
5828.10010004323,3378,1643,1135,478
5830.404000007547,4095,1426,1088,475
5832.202000019606,4095,1309,1048,468
5833.971200045198,4095,1295,1010,461
5835.20440000575,3942,1264,976,452
5837.126400030684,3027,1392,960,441
5838.532600027975,2245,1587,958,432
5840.1012000394985,1439,1815,965,427
5841.365300002508,4095,1406,1194,430
5843.223700008821,4095,1347,1137,429
5845.2985000330955,4095,1334,1088,429
5846.6237999964505,4095,1347,1047,425
5848.28880004352,3613,1341,1008,421
5850.009500049055,2765,1489,991,417
5851.229900028557,1953,1699,986,414
5853.100700012874,1169,1915,996,413
5854.791400022805,560,2085,1006,412
5856.140400050208,0,2309,1036,415
5857.0858000312,0,2435,1062,422
5858.457499998622,0,2455,1077,428
5860.147100000177,24,2475,1102,433
5861.0352000105195,723,2343,1104,446
5863.12730005011,1563,2169,1099,451
5865.064800018445,2417,1929,1082,458
5866.278100002091,0,2313,1295,419
5867.404000018723,0,2405,1274,429
5869.101000018418,0,2422,1257,432
5870.208800013643,0,2429,1242,441
5872.067700023763,250,2430,1236,458
5873.16080002347,993,2253,1220,464
5875.312400050461,1878,2055,1195,476
5877.102500002366,2677,1825,1159,477
5878.174800018314,3369,1654,1127,475
5880.22049999563,4095,1459,1088,474
5882.286900014151,4095,1327,1043,467
5883.476599992719,4095,1311,1009,464
5885.266500001308,3920,1307,976,451
5886.411900050007,3013,1441,963,444
5888.028100016527,2251,1629,961,432
5890.05820004968,1427,1854,971,428
5891.292700020131,771,2054,982,423
5893.105200026184,4095,1116,1170,426
5894.286499998998,4095,1103,1107,425
5896.1929000215605,4095,1107,1050,416
5897.995000006631,3615,1133,1002,413
5899.019600008614,2773,1277,976,407
5901.180899993051,1958,1485,964,406
5902.375200006645,1195,1718,970,402
5904.110400006175,583,1911,976,402
5905.134300002828,0,2129,999,403
5906.397800019477,0,2275,1021,414
5908.134500030428,0,2303,1040,417
5909.303700027522,8,2335,1059,426
5911.143200006336,709,2223,1069,434
5912.337700021453,1535,2058,1063,445
5914.035600028001,2392,1833,1043,448
5916.008900036104,3091,1643,1020,449
5917.569300043397,0,2415,1275,415
5919.022100046277,0,2418,1261,425
5920.274600037374,0,2416,1237,431
5922.026100044604,240,2417,1229,441
5923.166399996262,971,2273,1216,454
5925.238399999216,1859,2044,1187,464
5926.486300013494,2662,1826,1153,465
5928.2065000152215,3370,1651,1120,470
5930.08360004751,4095,1441,1079,469
5931.217200006358,4095,1335,1040,464
5933.5290000308305,4095,1311,1007,464
5935.025500017218,3918,1314,976,447
5936.286000011023,3022,1445,961,438
5938.044100010302,2240,1621,958,432
5939.365400001407,1425,1838,963,427
5941.299400001299,763,2017,976,417
5943.119300005492,4095,1392,1200,430
5944.288500002585,4095,1381,1139,437
5946.193200012203,4095,1375,1091,426
5947.370800015051,3604,1384,1047,420
5949.189500010107,2768,1503,1023,418
5951.016900013201,1955,1706,1015,414
5952.820400008932,1182,1917,1019,412
5954.250200011302,560,2080,1023,412
5955.391600029543,0,2275,1050,415
5957.136900047772,0,2420,1075,425
5958.6570000392385,0,2433,1091,430
5959.860100003425,17,2448,1105,435
5961.4333000499755,727,2305,1104,447
5963.310800027102,1563,2138,1102,454
5964.450900035445,2416,1887,1078,459
5966.632399999071,3119,1693,1056,459
5968.174800043926,0,2375,1289,418
5969.354500004556,0,2395,1264,430
5970.020500011742,0,2394,1247,434
5972.062000015285,234,2397,1233,443
5973.2729000388645,962,2230,1218,458
5975.167200027499,1843,2023,1190,465
5977.049900044221,2650,1808,1157,469
5978.235200047493,3338,1616,1120,475
5980.132500000764,4095,1397,1073,469
5981.4567000139505,4095,1291,1037,465
5983.317300037015,4095,1264,998,462
5985.200800001621,3920,1231,965,448
5988.630200037733,3019,1350,945,437
5988.92870004056,2237,1520,941,431
5989.161200006492,1424,1755,946,423
5991.152100032195,761,1945,961,416
5992.375000030734,4095,1313,1182,427
5994.364200043492,4095,1293,1125,427
5996.134200016968,4095,1296,1072,421
5997.399900050368,3609,1313,1023,417
5999.32840000838,2768,1457,1008,415
6001.073600025848,1959,1654,998,412
6002.147000050172,1193,1865,1002,409
6004.201500036288,581,2058,1010,410
6005.171100026928,0,2269,1039,411
6007.1731000207365,0,2399,1061,420
6008.500600000843,0,2398,1074,422
6009.801700012758,80,2433,1098,432
6011.4625000278465,738,2318,1100,439
6013.243400026113,1577,2132,1091,451
6014.327800017782,2430,1904,1075,456
6016.181300044991,3130,1707,1053,461
6017.339700018056,0,2378,1285,418
6019.33810004266,0,2379,1263,429
6020.454100042116,0,2374,1242,432
6022.2585000447,231,2384,1232,443
6023.577000014484,970,2238,1214,456
6025.952600000892,1854,2014,1187,465
6027.340200031176,2654,1813,1155,468
6028.047900006641,3334,1646,1120,474
6030.487500014715,4095,1455,1087,469
6031.6783000016585,4095,1347,1047,465
6033.322800009046,4095,1329,1008,459
6035.12790001696,3877,1328,976,449
6036.993500019889,3005,1459,965,439
6038.157100032549,2239,1616,961,432
6039.509800029919,1412,1845,967,423
6041.087299992796,752,2034,982,421
6043.1788000278175,4095,1318,1184,428
6044.3206000491045,4095,1294,1137,432
6046.278599998914,4095,1299,1083,423
6047.439200046938,3627,1295,1039,420
6049.0053000394255,2784,1431,1008,416
6051.383200043347,1965,1629,998,412
6052.410100004636,1189,1856,1005,407
6054.421400011051,576,2017,1009,410
6055.912400013767,0,2218,1035,411
6057.234100007918,0,2353,1056,427
6058.257600001525,0,2384,1071,421
6060.163600021042,50,2407,1090,432
6061.378600017633,727,2262,1089,441
6063.204700010829,1555,2096,1087,449
6064.387699996587,2416,1859,1067,452
6066.383400000632,3115,1674,1042,453
6067.596200038679,0,2418,1287,415
6069.2401000414975,0,2427,1265,425
6070.304799999576,0,2430,1247,433
6072.1226000459865,244,2433,1239,441
6073.422799992841,976,2277,1221,455
6075.298100011423,1863,2065,1197,465
6077.1775000030175,2658,1847,1165,471
6078.405900043435,3344,1674,1130,472
6080.210600048304,4095,1471,1086,470
6082.0564000168815,4095,1344,1053,467
6083.3443000447005,4095,1327,1011,459
6085.302000050433,3885,1323,981,448
6086.378100037109,2999,1438,963,441
6088.161000050604,2228,1619,960,432
6089.339500002097,1419,1836,967,427
6091.173900000285,768,2015,979,420
6093.031500000507,4095,1345,1196,427
6094.192100048531,4095,1341,1136,431
6096.086500037927,4095,1321,1085,426
6097.9997999966145,3572,1315,1040,417
6099.181900033727,2751,1447,1010,416
6101.103599998169,1936,1651,1005,415
6102.38009999739,1168,1872,1008,411
6104.218400025275,558,2030,1013,410
6105.299100046977,0,2237,1039,414
6107.176800025627,0,2362,1062,418
6108.368800021708,0,2376,1073,425
6110.108699998818,43,2399,1094,432
6111.279100005049,722,2267,1094,445
6113.152600009926,1557,2083,1087,450
6115.255300013814,2407,1856,1069,454
6116.67410004884,3110,1675,1043,461
6118.011400045361,0,2400,1286,417
6119.425000040792,0,2421,1265,425
6120.41950004641,0,2416,1247,432
6122.2230000421405,266,2431,1238,442
6123.6706000054255,990,2285,1225,458
6125.424700032454,1888,2071,1198,464
6127.521600050386,2692,1854,1167,471
6128.634800028522,3385,1673,1130,475
6130.271000030916,4095,1462,1087,472
6132.0422000135295,4095,1339,1047,465
6133.2741000223905,4095,1308,1011,460
6135.177800024394,3919,1297,976,450
6137.005900032818,3022,1446,962,443
6138.409600011073,2243,1619,960,432
6140.080000041053,1443,1845,969,426
6141.272800043225,769,2021,978,419
6143.1084999931045,4095,1360,1197,427
6144.242500013206,4095,1345,1138,429
6146.34020003723,4095,1335,1086,420
6148.181600030512,3603,1328,1041,417
6149.358900031075,2765,1470,1013,416
6151.233500044327,1949,1687,1009,415
6153.054800000973,1178,1891,1012,414
6154.2472000001,564,2044,1019,411
6156.116900034249,0,2247,1042,414
6157.185800024308,0,2375,1065,422
6158.527299994603,0,2397,1083,427
6160.121800028719,42,2426,1099,435
6161.365600011777,717,2287,1100,445
6163.015700003598,1535,2118,1090,450
6165.059600025415,2395,1890,1074,455
6166.180000000168,0,2285,1285,419
6168.032500019763,0,2359,1266,430
6169.097900041379,0,2384,1248,432
6170.388900034595,0,2382,1229,434
6172.531999996863,242,2384,1227,448
6173.23930002749,970,2231,1210,462
6175.125600013416,1854,2029,1184,470
6177.249900007155,2655,1804,1151,474
6178.53150004521,3334,1635,1118,470
6180.239300010726,4095,1417,1072,469
6182.210200000554,4095,1298,1036,465
6183.499200036749,4095,1296,1001,459
6185.187300026882,3913,1290,971,448
6186.314299993683,3017,1421,956,437
6188.191200024448,2256,1599,959,430
6190.045600000303,1441,1829,960,423
6191.214899998158,802,2005,973,419
6193.109400046524,4095,1346,1189,429
6194.057899992913,4095,1330,1136,431
6196.06740004383,4095,1327,1085,425
6198.268700041808,3621,1342,1040,421
6199.411500012502,2767,1503,1016,417
6201.46820001537,1955,1709,1010,412
6203.160800039768,1198,1900,1012,413
6204.340199998114,576,2074,1022,411
6206.144299998414,0,2283,1045,410
6207.258800044656,0,2401,1071,420
6208.66920001572,0,2418,1083,429
6210.28350002598,42,2442,1104,434
6211.387300048955,718,2321,1104,445
6213.363200018648,1535,2150,1100,449
6215.238500037231,2401,1918,1079,455
6216.455899993889,3101,1721,1059,457
6218.171600019559,0,2413,1295,426
6219.327000027988,0,2415,1267,432
6220.060500025284,0,2416,1250,437
6222.256000037305,242,2422,1238,445
6224.038999993354,976,2274,1226,462
6225.240900006611,1856,2059,1199,466
6227.145900018513,2653,1808,1162,476
6229.011800023727,3335,1649,1129,477
6230.249300017022,4095,1449,1087,471
6232.109500037041,4095,1340,1041,468
6233.36220002966,4095,1313,1009,463
6235.224100004416,3878,1296,976,450
6237.078800040763,3006,1429,964,443
6238.215300021693,2234,1599,960,433
6240.015899995342,1415,1837,969,429
6241.093699994963,4095,1430,1200,426
6243.126899993513,4095,1349,1139,427
6245.053499995265,4095,1325,1088,425
6246.305000036955,4095,1324,1040,423
6248.178600042593,3604,1322,1008,417
6250.157700036652,2767,1470,986,415
6251.3697000104,1970,1666,984,411
6253.002700046636,1200,1883,992,407
6254.282200010493,585,2053,1002,409
6256.021100038197,0,2270,1023,411
6257.033200003207,0,2391,1050,416
6258.074400015175,0,2418,1072,422
6260.096700047143,71,2449,1090,432
6261.368500010576,733,2320,1095,441
6263.217100000475,1563,2148,1090,449
6265.078100026585,2411,1907,1071,456
6266.259600000922,0,2301,1287,422
6268.06710002711,0,2381,1267,432
6269.135100010317,0,2394,1248,432
6270.249799999874,0,2395,1231,434
6272.260900004767,210,2411,1231,458
6273.391199996695,963,2258,1215,464
6275.144100014586,1838,2032,1186,474
6277.242700045463,2627,1823,1155,477
6278.378500021063,3303,1635,1120,477
6280.322400038131,4095,1429,1076,474
6282.101500022691,4095,1306,1039,467
6283.380400040187,4095,1291,1006,458
6285.254699992947,3909,1285,975,451
6286.431899992749,3019,1419,959,439
6288.3140000049025,2255,1583,950,432
6290.13209999539,1438,1813,960,427
6291.203300002962,784,1998,973,419
6293.128100049216,4095,1329,1187,426
6294.3794000311755,4095,1314,1134,428
6296.258400019724,4095,1312,1079,425
6298.051599995233,3630,1319,1040,419
6299.086300015915,2783,1462,1012,414
6301.190600031987,1979,1666,1007,414
6303.204800002277,1207,1887,1008,414
6304.614300024696,601,2047,1013,410
6306.0112000093795,5,2249,1040,413
6307.163299992681,0,2385,1065,419
6308.279300050344,0,2413,1075,429
6310.135700041428,69,2435,1097,433
6311.2872000201605,726,2311,1101,446
6313.185900042299,1558,2138,1095,448
6315.07390004117,2407,1894,1075,455
6316.273500036914,3111,1694,1051,461
6318.035200005397,0,2402,1291,420
6319.201500038616,0,2416,1263,428
6320.747200050391,0,2427,1253,433
6322.3963000345975,254,2442,1243,443
6324.0914000198245,975,2295,1227,458
6325.225300039165,1855,2080,1200,467
6327.167400042526,2654,1852,1167,471
6329.045800026506,3343,1676,1133,477
6330.16440004576,4095,1458,1087,470
6332.144500047434,4095,1342,1047,467
6333.367700048257,4095,1323,1011,459
6335.219600005075,3891,1296,977,449
6337.046800006647,3015,1429,967,443
6338.386900024489,2239,1600,960,432
6340.015400026459,1415,1827,969,425
6341.342600004282,4095,1455,1200,430
6343.1523000472225,4095,1367,1139,429
6345.0955000007525,4095,1351,1091,429
6346.279599994887,4095,1345,1049,425
6348.020500037819,3579,1352,1011,422
6350.065700011328,2751,1489,995,417
6351.176900032442,1946,1683,988,414
6353.229700005613,1168,1886,993,410
6354.461400012951,571,2047,1007,406
6356.264400004875,0,2257,1023,413
6357.2536000283435,0,2404,1055,417
6358.462500036694,0,2423,1072,430
6360.2780000073835,64,2447,1094,434
6361.245400039479,735,2318,1097,444
6363.194000034127,1570,2153,1089,448
6365.074100031052,2419,1889,1072,455
6366.230100044049,0,2272,1284,419
6368.163500039373,0,2355,1265,428
6369.2673000041395,0,2391,1246,432
6370.348400028888,0,2384,1231,437
6372.221700032242,258,2405,1229,450
6373.296800011303,967,2252,1212,464
6375.286900030915,1857,2043,1187,469
6377.383600047324,2668,1831,1156,474
6378.768900001887,3350,1662,1122,475
6380.0855000154115,4095,1457,1081,471
6382.312900037505,4095,1353,1043,466
6383.157200005371,4095,1334,1010,464
6385.095200035721,3913,1329,981,450
6386.339700024109,3021,1456,966,441
6388.262799999211,2256,1617,960,432
6390.10070002405,1430,1851,970,425
6391.444300010335,783,2032,981,421
6393.049700011034,4095,1351,1197,432
6394.157700007781,4095,1350,1139,432
6396.216800028924,4095,1360,1083,428
6398.233300016727,3603,1357,1050,422
6399.411500024144,2761,1488,1022,420
6401.274700008798,1947,1690,1013,417
6403.085600002669,1187,1889,1014,414
6404.198500036728,569,2055,1022,415
6406.041400041431,0,2257,1046,417
6407.208400021773,0,2386,1071,426
6408.504000050016,0,2416,1084,427
6410.153500037268,58,2433,1104,434
6411.4113000105135,720,2291,1104,448
6413.206800003536,1555,2128,1098,451
6415.052700031083,2410,1891,1077,456
6416.309799998999,3106,1703,1057,459
6418.079500028398,0,2415,1294,419
6419.19179999968,0,2413,1269,428
6420.36069999449,0,2422,1253,434
6422.068100015167,247,2423,1243,446
6423.985500005074,976,2286,1227,458
6425.079300010111,1853,2083,1202,467
6427.150400006212,2661,1859,1168,471
6429.003300028853,3341,1673,1133,474
6430.179200018756,4095,1473,1091,471
6432.2941999998875,4095,1355,1052,465
6433.58770001214,4095,1317,1023,463
6435.246300010476,3898,1319,983,450
6437.087600002997,3007,1436,969,439
6438.296400010586,2230,1603,958,432
6440.152900002431,1424,1829,974,427
6441.293900017627,4095,1427,1201,431
6443.13540001167,4095,1349,1138,432
6445.106200000737,4095,1327,1088,428
6446.31130003836,4095,1317,1044,423
6448.177200043574,3628,1317,1008,423
6450.046800018754,2763,1469,991,415
6451.126600033604,1971,1666,983,413
6453.046300041024,1193,1872,989,413
6454.020600009244,582,2039,1001,409
6456.091900006868,0,2237,1023,411
6457.195400027558,0,2381,1049,417
6458.4741000435315,0,2395,1069,423
6460.353200032841,38,2417,1086,432
6461.444900021888,720,2301,1091,439
6463.247500010766,1535,2130,1086,449
6465.125200047623,2419,1894,1071,453
6466.19320003083,0,2302,1289,421
6468.148800020572,0,2374,1267,430
6469.278700009454,0,2398,1248,433
6470.229800033849,0,2406,1234,441
6472.120199992787,213,2413,1232,454
6474.063900008332,963,2255,1216,463
6475.732400023844,1842,2045,1188,470
6477.134700049646,2640,1831,1156,478
6478.304699994624,3331,1667,1125,478
6480.316000001039,4095,1472,1085,475
6482.1901000104845,4095,1362,1045,466
6483.4340999950655,4095,1360,1013,464
6485.127900028601,3906,1330,981,453
6486.17980000563,3001,1456,967,439
6488.143199996557,2240,1613,960,432
6490.136800042819,1412,1835,970,428
6491.281200025696,758,2007,978,422
6493.247300037183,4095,1363,1200,432
6494.444600015413,4095,1365,1142,432
6496.2997999973595,4095,1354,1090,429
6498.172399995383,3611,1346,1046,423
6499.3368000141345,2767,1487,1022,422
6501.393100013956,1957,1666,1010,416
6502.963300037663,1187,1867,1011,417
6504.6234000474215,573,2032,1018,414
6506.088400026783,0,2239,1041,416
6507.25110003259,0,2384,1067,422
6508.40779999271,0,2416,1081,430
6510.219699994195,48,2439,1102,439
6511.361200013198,734,2315,1104,447
6513.249400013592,1568,2157,1101,459
6515.2214000117965,2429,1915,1079,461
6516.498000011779,3135,1731,1061,463
6518.491599999834,0,2403,1295,425
6519.771600025706,0,2413,1270,431
6520.864000020083,0,2399,1253,446
6522.700200031977,208,2418,1242,447
6526.413000014145,957,2274,1223,462
6527.780700009316,1832,2075,1202,467
6528.861700033303,2635,1869,1168,475
6529.930500022601,3333,1701,1136,477
6530.706299992744,4095,1508,1093,475
6532.211500045378,4095,1386,1056,470
6533.571700041648,4095,1361,1021,464
6535.357900022063,3913,1339,989,453
6537.072300037835,3024,1472,975,443
6538.26250002021,2245,1618,967,435
6539.985900046304,1424,1834,971,430
6541.087999998126,4095,1455,1207,432
6543.1429000454955,4095,1371,1147,432
6545.087400008924,4095,1354,1097,432
6546.286900003906,4095,1371,1055,422
6548.147300025448,3655,1369,1019,424
6549.988900020253,2783,1494,999,417
6551.255900005344,1969,1678,993,413
6553.141200041864,1197,1886,995,414
6554.198400001042,577,2046,1008,410
6556.075200031046,0,2265,1035,413
6557.160100026522,0,2401,1057,419
6558.347100042738,0,2415,1072,423
6560.19920000108,37,2448,1093,434
6561.43780000275,720,2339,1102,443
6563.1009000353515,1535,2171,1099,452
6565.2158000157215,2418,1947,1082,457
6566.240800020751,0,2301,1293,422
6568.125399993733,0,2398,1274,430
6569.267600018065,0,2434,1254,434
6570.388799998909,0,2430,1242,441
6572.281800035853,218,2439,1236,454
6573.666700045578,983,2290,1226,464
6575.417999993078,1872,2096,1201,475
6577.245099993888,2682,1871,1168,479
6578.827299992554,3375,1693,1136,482
6580.306000018027,4095,1475,1090,477
6582.071300013922,4095,1356,1054,471
6583.435800042935,4095,1344,1019,464
6585.300800041296,3953,1323,985,452
6586.422100022901,3029,1456,971,445
6588.457100035157,2259,1605,963,434
6590.188000001945,1424,1830,970,427
6591.290900018066,775,2029,985,423
6593.149200023618,4095,1403,1203,432
6594.373400032055,4095,1385,1147,434
6596.361400035676,4095,1383,1097,431
6598.17519999342,3605,1378,1054,425
6599.35500001302,2765,1511,1023,418
6601.255000045057,1949,1699,1019,417
6603.136699995957,1179,1907,1023,416
6604.3019000208005,570,2066,1023,414
6606.044700019993,0,2273,1050,415
6607.4712999979965,0,2400,1074,425
6608.087700034957,0,2426,1088,430
6610.258700035047,41,2445,1104,437
6611.310700012837,739,2306,1105,445
6613.247300032526,1570,2144,1102,455
6615.213000040967,2431,1895,1081,462
6616.4827000466175,3130,1703,1059,463
6618.214500020258,0,2397,1294,417
6619.193300022744,0,2413,1273,426
6620.492100017145,0,2398,1252,433
6622.310300008394,227,2429,1242,445
6624.002700031269,962,2270,1223,458
6625.192100007553,1850,2068,1200,466
6627.268900047056,2645,1855,1167,469
6629.136400006246,3333,1689,1134,473
6630.435099999886,4095,1494,1093,471
6632.151600031648,4095,1347,1051,465
6633.533200016245,4095,1306,1011,460
6635.358500003349,3863,1290,980,448
6637.204300030135,2991,1402,961,439
6638.050500012469,2213,1575,959,431
6640.046800021082,1410,1783,961,426
6641.4274999988265,4095,1425,1199,423
6643.342600029428,4095,1345,1138,419
6645.1418999931775,4095,1323,1089,423
6646.781000017654,4095,1317,1038,419
6648.243900039233,3611,1322,1007,419
6649.5415000244975,2766,1466,989,417
6651.434800005518,1965,1666,982,413
6653.618200041819,1175,1878,991,413
6654.733600036707,574,2035,1002,407
6656.2464000307955,0,2252,1023,416
6657.304699998349,0,2395,1051,416
6658.462800027337,0,2416,1070,422
6660.254999995232,46,2450,1095,433
6661.318600003142,727,2325,1097,441
6663.329000002705,1569,2176,1093,449
6665.223000047263,2413,1922,1073,454
6666.257300006691,0,2313,1289,419
6668.128999997862,0,2389,1268,426
6669.246200006455,0,2423,1251,432
6670.432800019626,0,2428,1237,436
6672.531499993056,245,2433,1233,452
6674.332300026435,979,2268,1218,464
6675.4796000313945,1856,2078,1198,471
6677.212700014934,2658,1861,1163,477
6678.401700046379,3344,1683,1130,477
6680.043100030161,4095,1489,1089,476
6682.166900020093,4095,1353,1049,469
6683.332300046459,4095,1347,1017,463
6685.256700031459,3920,1328,981,449
6686.299900000449,3020,1456,970,443
6688.163900049403,2239,1615,961,432
6690.009300014935,1419,1857,974,429
6691.213200043421,762,2023,981,421
6693.124300043564,4095,1338,1200,432
6694.300100032706,4095,1329,1138,431
6696.307900012471,4095,1333,1089,426
6698.122100031469,3601,1326,1042,421
6699.346800043713,2758,1476,1015,418
6701.220400049351,1946,1663,1008,416
6703.2027000095695,1179,1871,1008,413
6704.340800002683,574,2037,1021,414
6706.0559000237845,0,2269,1045,417
6707.300700014457,0,2418,1072,426
6708.43340002466,0,2447,1087,431
6710.026300046593,49,2479,1106,436
6711.05979999993,731,2330,1107,446
6713.279000017792,1569,2165,1104,454
6715.057900000829,2425,1936,1088,462
6716.429800027981,3131,1744,1065,460
6718.148400017526,0,2382,1294,418
6719.328800041694,0,2387,1270,431
6720.446199993603,0,2387,1251,434
6722.280200046953,249,2421,1241,446
6724.121200037189,979,2297,1226,459
6725.308599998243,1863,2106,1204,465
6727.272200048901,2675,1878,1169,473
6729.122499993537,3375,1694,1137,478
6730.355000006966,4095,1501,1089,474
6732.107300020289,4095,1387,1057,466
6733.483200019691,4095,1363,1023,463
6735.4345000348985,3920,1341,990,453
6737.212800013367,3013,1472,976,446
6738.418799999636,2226,1649,972,435
6740.4591999948025,1410,1874,979,430
6741.025600000285,4095,1451,1203,432
6743.279500049539,4095,1391,1150,432
6745.249300030991,4095,1357,1098,431
6746.357200026978,4095,1357,1052,426
6748.2047000085,3605,1346,1014,423
6750.176800007466,2762,1478,995,421
6751.2878000270575,1941,1660,990,416
6753.170900046825,1155,1866,994,414
6754.409899993334,558,2037,1006,415
6756.334800040349,0,2239,1023,417
6757.443400041666,0,2380,1054,421
6758.483300043736,0,2407,1072,429
6760.157700045966,48,2411,1088,433
6761.474900005851,737,2270,1091,443
6763.340300007258,1575,2094,1083,451
6765.356000047177,2425,1873,1067,457
6766.561500029638,0,2293,1285,421
6768.278600007761,0,2385,1267,431
6769.557100022212,0,2416,1250,432
6770.6358000286855,0,2421,1233,437
6772.329300001729,239,2463,1235,455
6773.429799999576,981,2311,1226,466
6775.3098999965005,1869,2111,1201,475
6777.206300001126,2685,1887,1168,479
6778.42079999391,3375,1712,1135,482
6780.318700009957,4095,1514,1095,478
6782.226700044703,4095,1387,1055,470
6783.495600044262,4095,1382,1023,464
6785.548800020479,3889,1360,991,459
6787.019700044766,2996,1474,976,446
6788.155600021128,2215,1634,970,434
6790.06460000528,1385,1835,976,431
6791.178600047715,737,2000,985,427
6793.393700034358,4095,1348,1200,431
6794.757099996787,4095,1344,1139,425
6796.165000007022,4095,1342,1089,425
6798.185900028329,3583,1311,1043,418
6799.458299996331,2758,1449,1014,417
6801.133800006937,1945,1632,1007,413
6803.108200023416,1168,1842,1008,416
6804.165400040802,558,1997,1011,413
6806.045200035442,0,2209,1038,413
6807.269100041594,0,2346,1057,419
6808.353600034025,0,2358,1072,427
6810.247300018091,22,2392,1090,434
6811.494700028561,720,2282,1095,443
6813.354400044773,1559,2118,1090,453
6815.074300044216,2422,1907,1074,458
6816.410200030077,3127,1726,1053,459
6818.247799994424,0,2448,1294,422
6819.111599994358,0,2467,1277,432
6820.111600041855,0,2465,1261,437
6822.3593000439,235,2473,1250,447
6824.211200000718,975,2338,1232,464
6825.397500011604,1872,2133,1214,469
6827.200700005051,2677,1907,1179,477
6829.1466000373475,3373,1749,1150,479
6830.26630000677,4095,1535,1104,478
6832.23800000269,4095,1425,1070,470
6833.532900025602,4095,1407,1039,464
6835.3019000496715,3875,1369,1003,457
6837.119000032544,2995,1487,981,444
6838.277400005609,2210,1641,977,435
6840.436100028455,1392,1857,981,432
6841.892600001302,4095,1456,1211,436
6843.256000021938,4095,1372,1151,434
6845.130400033668,4095,1346,1101,433
6846.290800021961,4095,1354,1054,432
6848.197700048331,3617,1333,1017,427
6850.076300033834,2768,1450,995,421
6851.184000028297,1936,1647,990,415
6853.067200048827,1157,1845,993,418
6854.275000048801,547,1988,996,413
6856.083800026681,0,2194,1018,414
6857.1359000052325,0,2334,1042,420
6858.344700012822,0,2382,1065,424
6860.139399999753,24,2403,1084,434
6861.384799994994,721,2304,1090,443
6863.343500008341,1567,2149,1087,449
6865.2746000443585,2427,1923,1072,457
6866.029100026935,0,2311,1291,418
6867.402300005779,0,2410,1271,430
6869.149000034668,0,2439,1253,432
6870.316200016532,0,2448,1242,442
6872.149300004821,255,2448,1238,455
6874.030600010883,1001,2311,1227,465
6875.232300022617,1889,2128,1203,471
6877.131000044756,2690,1911,1172,478
6878.184200031683,3379,1732,1139,482
6880.132200021762,4095,1535,1103,480
6882.03480001539,4095,1427,1067,474
6883.432900009211,4095,1402,1038,465
6885.148600034881,3920,1360,998,458
6887.015400046948,3008,1475,978,447
6888.203700014856,2237,1620,972,437
6890.293000033125,1406,1819,976,431
6891.427099995781,754,2003,988,429
6893.230400048196,4095,1362,1200,435
6894.685700011905,4095,1349,1146,434
6896.0499000386335,4095,1345,1093,429
6898.127100022975,3583,1341,1048,421
6899.174700025469,2742,1461,1021,419
6901.220300002024,1921,1642,1009,415
6903.109500010032,1153,1846,1008,415
6904.402500018477,550,2000,1014,412
6906.084600021131,0,2219,1040,415
6907.145100005437,0,2354,1063,427
6908.333100029267,0,2387,1078,429
6910.146000038367,6,2422,1098,437
6911.278300045524,721,2299,1101,448
6913.174799992703,1567,2148,1098,457
6915.065800014418,2421,1925,1079,458
6916.424700000789,3125,1741,1060,462
6918.238800019026,0,2429,1296,425
6919.269700010773,0,2432,1275,431
6920.4976000473835,0,2434,1255,435
6922.372400003951,231,2448,1243,448
6924.190499994438,977,2307,1232,461
6925.290400045924,1853,2103,1203,467
6927.4096000008285,2652,1873,1172,475
6929.05370000517,3339,1711,1143,480
6930.388800043147,4095,1511,1103,479
6932.226300006732,4095,1405,1065,470
6933.589300024323,4095,1382,1037,467
6935.410400037654,3871,1352,998,455
6937.191000033636,2987,1465,977,446
6938.284000032581,2201,1611,969,438
6940.364800044335,1389,1823,975,431
6941.76780001726,4095,1457,1209,433
6943.30899999477,4095,1392,1151,432
6945.102800033055,4095,1367,1101,430
6946.406600007322,4095,1360,1057,431
6948.179800005164,3616,1360,1022,429
6950.068600010127,2762,1494,1004,419
6951.2925000162795,1957,1680,995,417
6953.277900000103,1183,1885,1003,415
6954.213100019842,587,2055,1008,413
6956.25770004699,0,2240,1034,415
6957.418600039091,0,2368,1055,426
6958.868200017605,0,2384,1071,427
6960.187699995004,64,2406,1090,438
6962.116700015031,737,2304,1095,446
6963.401500019245,1579,2147,1091,455
6965.339899994433,2448,1936,1078,459
6966.455899993889,0,2266,1291,423
6968.202300020494,0,2358,1267,432
6969.318500021473,0,2384,1248,433
6970.4803000204265,0,2381,1232,439
6972.347600036301,228,2399,1232,455
6974.338300002273,980,2277,1215,469
6975.835499993991,1861,2069,1196,473
6977.390000014566,2670,1856,1164,477
6979.164900025353,3374,1706,1135,479
6980.399399995804,4095,1511,1091,477
6982.250800007023,4095,1392,1054,471
6983.50540001411,4095,1382,1021,465
6985.48590001883,3890,1342,987,454
6987.092400027905,2995,1454,974,446
6988.330000021961,2226,1586,960,432
6990.204700035974,1387,1783,965,427
6991.629800002556,4095,1467,1205,432
6993.383000022732,4095,1397,1150,432
6995.276700006798,4095,1376,1098,429
6996.428400045261,4095,1361,1053,423
6998.071300040465,3616,1358,1015,426
7000.173700042069,2757,1474,997,419
7001.420800050255,1946,1650,987,415
7003.234800009523,1163,1843,991,413
7004.28540003486,561,2007,999,411
7006.050100026187,0,2196,1019,413
7007.429300050717,0,2319,1040,418
7008.9185000397265,0,2327,1057,426
7010.255200031679,62,2355,1074,432
7011.540000035893,749,2253,1082,443
7013.36830004584,1586,2111,1079,450
7015.118100040127,2435,1887,1066,457
7016.375800012611,3134,1745,1047,454
7018.295600020792,0,2415,1287,419
7019.111200002953,0,2423,1267,432
7020.080400048755,0,2432,1251,432
7022.530500020366,223,2448,1243,447
7024.078799993731,974,2307,1231,461
7025.422400038224,1858,2112,1206,469
7027.438900026027,2664,1906,1174,475
7029.116399993654,3358,1739,1139,478
7030.210700002499,4095,1535,1104,478
7032.162100018468,4095,1431,1067,471
7033.211500034668,4095,1422,1039,466
7035.2905000327155,3885,1406,1006,455
7037.127999996301,3006,1523,991,448
7038.716100039892,2222,1677,979,438
7040.066600020509,1415,1852,986,432
7041.643400036264,4095,1521,1226,435
7043.46070002066,4095,1446,1162,437
7045.237800048199,4095,1426,1111,433
7046.246600046288,4095,1424,1072,432
7048.337500018533,3600,1410,1040,430
7050.318700028583,2761,1535,1013,429
7051.505400042515,1959,1725,1009,421
7053.017600032035,1189,1922,1011,417
7055.01260003075,574,2074,1020,418
7056.200899998657,0,2242,1041,421
7057.061400031671,0,2374,1064,426
7059.101100021508,0,2398,1075,429
7060.051900043618,66,2430,1099,439
7062.052600027528,738,2324,1103,448
7063.179499993566,1582,2170,1102,456
7065.186600026209,2426,1939,1087,461
7066.3678999990225,0,2293,1295,430
7068.092300032731,0,2365,1274,431
7069.090800010599,0,2384,1255,435
7071.075100044254,0,2382,1234,447
7072.2145000472665,226,2397,1234,455
7074.221600021701,986,2268,1222,466
7075.462100037839,1863,2078,1199,475
7077.200900006574,2667,1870,1168,480
7079.086900048424,3355,1709,1136,482
7080.30900004087,4095,1511,1094,479
7082.220100041013,4095,1394,1058,474
7083.98690004833,4095,1388,1023,465
7085.1465000305325,3888,1361,992,454
7087.105200043879,2992,1488,976,447
7088.309200014919,2231,1643,974,438
7090.307600039523,1409,1841,976,432
7091.962700011209,4095,1456,1211,434
7093.393700022716,4095,1386,1150,432
7095.206100028008,4095,1374,1103,432
7097.0324000227265,4095,1375,1059,430
7098.370700026862,3571,1376,1022,426
7100.191800040193,2736,1520,1007,422
7101.177300035488,1932,1693,998,417
7103.888500016183,1153,1879,1002,415
7105.268100043759,544,2041,1008,411
7106.293000048026,0,2231,1023,410
7107.260900025722,0,2363,1057,422
7109.023700002581,0,2382,1071,429
7110.409600019921,26,2427,1090,434
7112.144400016405,724,2331,1101,445
7113.3055000100285,1557,2174,1095,453
7115.225100016687,2405,1965,1081,453
7116.335600032471,0,2272,1295,421
7118.135800003074,0,2351,1267,431
7119.270300026983,0,2381,1251,432
7121.0887000197545,0,2384,1232,439
7122.231200046372,259,2411,1231,453
7124.154700024519,993,2276,1219,464
7125.181000039447,1871,2095,1199,469
7127.380700025242,2676,1888,1168,479
7129.188199993223,3351,1723,1136,477
7130.511299998034,4095,1520,1096,478
7132.301100005861,4095,1414,1050,467
7134.422900038771,4095,1386,1023,457
7135.622500034515,3888,1375,993,457
7137.302900024224,2992,1487,977,446
7138.4657000307925,2227,1633,970,436
7140.058999997564,1403,1827,976,432
7142.047800007276,4095,1485,1221,433
7143.2564000133425,4095,1425,1153,435
7145.168000017293,4095,1413,1105,432
7146.380999998655,4095,1398,1065,431
7148.380300030112,3537,1402,1034,429
7150.246700039133,2715,1522,1008,426
7151.442800008226,1917,1695,1001,419
7153.421800001524,1152,1887,1006,418
7155.231500044465,556,2032,1009,420
7156.266300007701,0,2230,1035,417
7157.508600037545,0,2359,1058,423
7159.232300007716,0,2377,1072,429
7160.375900042709,80,2410,1090,435
7162.189900001977,735,2286,1097,446
7164.082400035113,1570,2116,1090,454
7165.202300006058,2412,1903,1072,458
7166.686100012157,0,2251,1290,423
7168.341000040527,0,2320,1264,427
7169.078400009312,0,2345,1241,439
7171.1552000488155,0,2341,1225,438
7172.177900036331,274,2357,1223,450
7174.158700043336,1003,2218,1207,463
7176.105800026562,1872,2034,1185,473
7177.25700000301,2659,1830,1152,476
7179.027000034694,3329,1674,1124,478
7181.01260002004,4095,1489,1086,477
7182.165400008671,4095,1385,1049,471
7184.208800026681,4095,1360,1015,464
7185.196500038728,3849,1342,981,453
7187.234100012574,2966,1476,970,444
7189.038700016681,2217,1611,961,435
7190.239300020039,1407,1818,971,430
7192.373400030192,4095,1519,1216,432
7193.59630002873,4095,1436,1151,432
7195.414800022263,4095,1409,1104,432
7197.213700041175,4095,1405,1063,432
7198.635500040837,3539,1394,1023,426
7200.425500050187,2737,1535,1009,421
7202.194400015287,1952,1712,1003,418
7203.161000041291,1195,1919,1008,416
7205.284200026654,592,2071,1019,416
7206.328800006304,10,2271,1041,417
7208.19620002294,0,2402,1067,423
7209.346799994819,0,2409,1077,427
7211.110300035216,93,2443,1100,437
7212.349400040694,746,2352,1107,447
7214.246500050649,1568,2195,1104,454
7215.286499995273,467,2075,1282,420
7217.146700015292,70,2215,1261,428
7218.281000037678,0,2323,1239,433
7220.049800002016,0,2384,1232,432
7221.176400023978,0,2412,1226,449
7222.988200024702,283,2434,1230,459
7224.334400030784,1009,2288,1215,465
7226.343700021971,1877,2114,1195,479
7227.40720002912,2652,1906,1165,482
7229.361000005156,3334,1743,1136,483
7231.107700034045,4095,1535,1099,479
7232.461600040551,4095,1429,1060,473
7234.393400023691,4095,1393,1023,465
7236.142600013409,3833,1378,995,455
7237.35500004841,2962,1491,977,443
7239.204300043639,2194,1645,973,433
7240.789200004656,3499,1635,1226,433
7242.331600049511,4095,1507,1168,438
7244.356100040022,4095,1406,1109,439
7245.719700003974,4095,1354,1067,432
7247.079900000244,4095,1344,1035,432
7249.098800006323,3522,1347,998,427
7250.182999996468,2735,1458,978,422
7252.2011999972165,1926,1648,975,417
7253.358000016306,1168,1837,977,413
7255.2446000045165,565,1975,985,409
7256.005000032019,0,2176,1008,411
7258.029400021769,0,2309,1038,417
7259.096900001168,0,2331,1047,421
7260.266099998262,84,2374,1072,431
7262.1904000407085,735,2256,1078,443
7264.189400011674,1561,2114,1075,447
7265.474100015126,2411,1890,1063,453
7267.103800026234,0,2311,1286,418
7268.132500001229,0,2387,1267,432
7269.359100027941,0,2423,1251,432
7271.144800004549,0,2426,1236,442
7272.450000047684,282,2451,1237,455
7274.167000025045,996,2330,1228,465
7276.0775000206195,1876,2123,1202,475
7277.595000050496,2670,1935,1173,480
7278.990800026804,3345,1772,1146,483
7281.137600017246,4095,1591,1108,480
7282.324600033462,4095,1470,1072,475
7284.2243000050075,4095,1441,1043,465
7286.242000001948,3871,1392,1007,458
7287.5254999962635,2991,1505,989,449
7289.17740000179,2224,1647,977,436
7290.418200020213,1423,1838,983,432
7292.251900013071,4095,1511,1221,432
7293.339300027583,4095,1439,1167,435
7295.344400044996,4095,1411,1110,433
7297.21960000461,4095,1412,1071,432
7298.411299998406,3568,1409,1040,429
7300.317400018685,2747,1535,1014,425
7302.2126000141725,1947,1703,1008,418
7303.4727000049315,1181,1897,1008,415
7305.433000030462,582,2032,1015,414
7306.625800032634,5,2230,1040,419
7308.033300039824,0,2356,1058,421
7309.1639000340365,0,2381,1074,430
7311.17640004959,100,2416,1099,434
7312.397100031376,752,2307,1101,447
7314.28049999522,1574,2160,1099,454
7315.447600034531,445,2032,1275,418
7317.289000027813,51,2172,1253,427
7318.388600018807,0,2286,1233,431
7320.205299998634,0,2351,1225,433
7321.311800042167,0,2350,1211,445
7323.060900031123,274,2384,1216,458
7324.0868000430055,998,2266,1205,467
7326.19789999444,1875,2096,1186,478
7327.388200035784,2679,1898,1157,478
7329.365700017661,3373,1734,1129,483
7331.262000021525,4095,1535,1090,478
7332.351200049743,4095,1435,1054,473
7334.3201000243425,4095,1401,1023,464
7336.224300030153,3858,1367,989,455
7337.3950000386685,2989,1471,973,443
7339.054000040051,2209,1601,964,434
7340.173900010996,3499,1709,1231,433
7342.333700042218,4095,1567,1173,432
7344.188500021119,4095,1461,1115,433
7345.386500004679,4095,1423,1082,432
7347.4077000282705,4095,1419,1045,433
7349.249200022314,3534,1418,1011,431
7350.390700041316,2719,1555,1013,425
7352.220500004478,1922,1727,992,421
7353.320599999279,1177,1921,999,417
7355.100300046615,575,2086,1008,417
7356.529300042894,0,2275,1036,419
7358.2607000134885,0,2383,1058,421
7359.253600006923,0,2415,1075,429
7361.1897000228055,114,2445,1095,437
7362.3656000127085,768,2333,1102,448
7364.223400014453,1600,2192,1103,452
7366.123300045729,481,2112,1285,426
7367.293999996036,77,2250,1264,432
7368.404400011059,0,2359,1247,433
7370.165600033943,0,2405,1232,440
7371.0603000363335,0,2416,1227,453
7373.137700022198,287,2437,1231,463
7374.416900041979,1020,2306,1198,468
7376.477700017858,1883,2112,1199,481
7378.288500010967,2659,1923,1168,483
7379.5143000315875,3329,1746,1138,482
7381.42400002107,4095,1535,1100,482
7383.200700045563,4095,1431,1063,478
7384.343900019303,4095,1411,1035,470
7386.196000035852,3791,1391,1003,464
7387.089000025298,2958,1494,983,448
7389.326400007121,2199,1634,973,437
7391.242100042291,3502,1690,1232,433
7392.341100028716,4095,1559,1168,434
7394.283700035885,4095,1458,1120,436
7396.166999998968,4095,1407,1079,433
7397.346900019329,4095,1399,1049,432
7399.229700036813,3527,1391,1010,430
7401.073999993969,2720,1506,993,425
7402.05870004138,1922,1671,986,421
7404.217300005257,1170,1860,991,415
7405.267200025264,574,1994,995,415
7406.487700005528,1,2174,1014,414
7408.169200003613,0,2323,1039,419
7409.249100019224,0,2358,1059,426
7411.159300012514,112,2382,1081,432
7412.485200038645,768,2273,1087,446
7414.387400029227,1594,2119,1083,450
7416.17340000812,464,2043,1269,421
7417.083900014404,67,2183,1247,427
7418.147300020792,0,2291,1229,428
7420.225100009702,0,2359,1221,433
7421.389200026169,0,2366,1213,445
7423.158100049477,279,2382,1211,455
7424.428700003773,993,2248,1200,464
7426.380900025833,1858,2092,1184,475
7428.163300035521,2637,1873,1154,479
7429.424600035418,3287,1719,1123,483
7431.241300015245,4095,1535,1088,476
7433.208300033584,4095,1424,1052,471
7434.445100021549,4095,1407,1023,464
7436.37770001078,3781,1389,991,461
7437.616100010928,2957,1503,977,445
7439.087000035215,2203,1629,970,434
7441.1840999964625,3489,1733,1232,432
7442.608300014399,4095,1590,1177,434
7444.469700043555,4095,1506,1127,435
7446.106200048234,4095,1479,1088,433
7447.385400009807,4095,1456,1055,436
7448.988799995277,3520,1447,1023,431
7451.181700045709,2723,1566,1007,426
7452.403600036632,1937,1730,999,419
7454.092400032096,1185,1907,1005,415
7455.2957999985665,589,2032,1008,417
7457.212200039066,20,2251,1037,448
7458.384600002319,0,2384,1061,423
7460.061600024346,0,2418,1077,427
7461.1990000121295,133,2448,1101,435
7463.087300013285,777,2348,1104,446
7464.213200029917,1593,2176,1103,449
7466.10270004021,463,2061,1281,424
7467.329300008714,65,2179,1255,427
7469.107000040822,0,2285,1233,432
7470.46899999259,0,2351,1224,437
7471.6430000262335,0,2355,1216,448
7473.251200048253,269,2370,1216,457
7474.954200035427,990,2243,1201,466
7476.238400035072,1866,2058,1179,477
7478.234500042163,2640,1843,1150,479
7479.955599992536,3318,1684,1121,480
7481.078300043009,4095,1494,1085,479
7483.160400006454,4095,1376,1046,471
7485.005900030956,4095,1345,1012,463
7486.216200049967,3801,1330,979,454
7488.138200016692,2977,1432,961,443
7489.274299994577,2206,1590,960,432
7491.194600006565,3472,1677,1221,432
7493.055600032676,4095,1530,1168,432
7494.1309000132605,4095,1434,1110,433
7496.034600015264,4095,1390,1071,432
7497.361300047487,4095,1392,1040,432
7499.270200030878,3517,1395,1008,429
7501.06910004979,2729,1520,989,423
7502.423900004942,1937,1691,984,418
7504.166600003373,1191,1875,991,416
7505.260800011456,586,2026,998,413
7507.212400028948,18,2230,1019,416
7508.235300017986,0,2382,1047,422
7509.472400008235,0,2407,1069,431
7511.384100012947,115,2445,1088,435
7513.106200029142,757,2351,1100,445
7514.342300011776,1583,2202,1099,455
7516.163100022823,478,2063,1279,425
7517.26829999825,81,2179,1254,431
7519.10420000786,0,2288,1232,431
7520.216600038111,0,2339,1221,436
7521.356600045692,0,2357,1214,458
7523.2909000478685,307,2377,1217,457
7525.084900029469,1023,2256,1201,466
7526.477000035811,1892,2067,1182,475
7528.398700000253,2674,1859,1152,478
7530.375200032722,3340,1681,1119,482
7532.139400020242,4095,1509,1079,475
7533.390800002962,4095,1402,1050,469
7535.252000030596,4095,1397,1020,465
7536.555900005624,3797,1376,989,455
7538.096300035249,2949,1490,976,447
7539.338700007647,2827,1911,1246,432
7541.088400001172,3247,1786,1200,437
7543.295600044075,3810,1678,1156,437
7544.465000042692,4095,1535,1106,436
7546.195100003388,4095,1456,1075,439
7548.148600035347,4095,1424,1043,438
7549.204100039788,3495,1421,1010,432
7551.172800012864,2719,1535,992,426
7552.218900003936,1930,1723,991,422
7554.202900035307,1177,1914,998,418
7556.041100004222,591,2055,1005,416
7557.265200011898,11,2262,1034,418
