timestamp_ms,emg1_raw,emg2_raw,fsr1,fsr2
1.6894000000320375,4095,3291,1693,1166
2.643599989823997,1245,4095,1729,1119
3.2562999986112118,145,4095,1728,1076
3.806399996392429,0,4095,1734,1049
4.3676000204868615,0,4095,1744,1040
4.92189999204129,0,4095,1753,1035
5.482200009282678,0,4095,1765,1037
6.464599980972707,0,4095,1779,1042
7.036699971649796,0,1801,1502,992
7.57539999904111,744,443,1286,944
8.091699972283095,2749,0,1130,895
8.599599997978657,4095,0,1015,840
9.072699991520494,4095,0,919,784
9.54900000942871,4095,0,836,727
10.06300002336502,4095,0,757,675
10.590400022920221,4095,0,691,623
11.19360001757741,4095,1200,816,601
12.327399977948517,4095,2905,999,607
12.947199982590973,1962,4095,1163,620
13.53150000795722,207,4095,1239,633
14.054199971724302,4095,0,1040,675
14.54940001713112,4095,0,912,639
15.049299981910735,4095,0,811,599
15.546599985100329,4095,0,720,561
16.114800004288554,4095,1968,914,573
16.7850999860093,3978,3403,1088,591
17.74500001920387,1373,4095,1201,603
17.93480000924319,0,4095,1280,627
18.066300021018833,0,4095,1351,656
18.19709996925667,0,4095,1408,689
18.327999976463616,0,4095,1462,723
18.452299991622567,0,4095,1514,759
18.57939996989444,0,2597,1359,755
18.704499991144985,0,811,1142,736
18.824299972038716,2236,0,976,707
18.942599999718368,4095,0,885,675
19.063099985942245,4095,0,803,638
19.1810000105761,4095,0,733,600
19.299799983855337,4095,0,671,561
19.41810001153499,4095,0,618,526
19.550099968910217,4095,336,657,498
19.697399984579533,4095,2501,871,511
19.81630001682788,4095,0,972,613
19.94069997454062,4095,0,860,592
20.46839997638017,4095,0,769,562
21.060700004454702,4095,0,694,532
22.00769999762997,4095,0,637,497
23.25839997502044,4095,0,583,468
23.91320001333952,4095,1314,731,473
24.530199996661395,4095,2948,917,496
25.14290000544861,1933,4095,1086,526
25.73120000306517,190,4095,1171,553
26.268000015988946,0,4095,1259,586
26.85969998128712,0,4095,1328,624
27.389900002162904,0,4095,1392,659
27.92359999148175,0,4095,1449,703
28.68370001669973,0,4073,1430,726
29.252399981487542,0,1245,1177,708
29.801399970892817,1578,68,987,687
30.30919999582693,3366,0,892,658
30.808200011961162,4095,0,804,627
31.345099967438728,4095,0,733,592
31.886400014627725,4095,0,671,560
32.41019998677075,4095,0,619,511
32.94479998294264,4095,0,571,480
33.59269996872172,4095,2016,791,492
33.722300024237484,3921,0,956,607
33.834500005468726,4095,0,848,587
33.95979997003451,4095,0,756,558
34.08890002174303,4095,0,685,530
34.204899973701686,4095,0,625,496
34.32249999605119,4095,0,578,466
34.44909997051582,4095,226,611,455
34.58949999185279,4095,2465,831,470
34.738300018943846,2702,3985,1019,497
34.897000005003065,754,4095,1125,528
35.02319997642189,0,4095,1211,560
35.47429997706786,0,4095,1290,596
36.060200014617294,0,4095,1355,637
36.61070001544431,0,4095,1419,677
37.26070001721382,0,4095,1472,719
38.55009999824688,0,1735,1228,705
39.233500021509826,815,397,1039,686
39.84159999527037,2795,0,909,661
40.37519998382777,4095,0,822,635
40.88799998862669,4095,0,749,597
41.41130001517013,4095,0,685,564
41.98440001346171,4095,0,627,528
42.67930000787601,4095,0,578,487
42.87810000823811,1424,141,966,592
43.026299972552806,2667,0,855,578
43.1891999905929,4095,0,774,560
43.49349997937679,4095,0,702,530
43.64980000536889,4095,0,642,502
43.771900003775954,4095,0,597,480
43.89209998771548,4095,0,556,450
44.014299986884,4095,0,511,429
44.18259998783469,4095,2011,747,445
44.33569998946041,3900,3425,934,469
44.49369997018948,1331,4095,1073,496
44.63149997172877,0,4095,1164,533
44.7705999831669,0,4095,1247,574
44.928999966941774,0,4095,1319,609
45.525899971835315,0,4095,1383,655
46.11819999990985,0,4095,1441,694
46.76120000658557,0,2538,1290,694
47.314199968241155,0,785,1084,682
47.85139998421073,2256,0,923,656
48.388299997895956,4095,0,840,631
48.92969998763874,4095,0,759,597
49.68070000177249,4095,0,696,568
50.29899999499321,4095,0,639,530
50.83279998507351,4095,0,589,490
51.49209999945015,4095,430,645,471
52.045300020836294,2647,0,944,592
52.588799968361855,4095,0,845,575
53.120500000659376,4095,0,756,550
53.65139996865764,4095,0,684,525
54.20720000984147,4095,0,627,496
54.753499978687614,4095,0,581,465
55.27459998847917,4095,0,539,438
55.885399982798845,4095,1233,685,445
56.51259998558089,4095,2903,880,464
57.50819999957457,1839,4095,1054,496
58.36159997852519,123,4095,1142,528
59.00090001523495,0,4095,1231,563
59.6897000214085,0,4095,1299,600
60.79499999759719,0,4095,1369,644
61.48179998854175,0,4095,1425,686
62.060599972028285,0,3831,1393,704
62.6250000204891,0,1203,1152,688
63.19339998299256,1601,35,962,667
63.783699995838106,3409,0,867,646
64.44629997713491,4095,0,785,618
65.00930001493543,4095,0,718,578
65.13980001909658,4095,0,656,544
65.27030002325773,4095,0,603,502
65.38659997750074,0,911,1055,611
65.51789998775348,1401,145,902,592
65.63640001695603,2617,0,805,573
65.75489998795092,4095,0,729,549
65.87220000801608,4095,0,671,528
65.99600001936778,4095,0,622,497
66.13420002395287,4095,0,576,467
66.2540000048466,4095,0,537,443
66.38689996907488,4095,362,592,432
66.7379000224173,4095,2523,813,455
67.38829996902496,2629,4075,1005,483
67.99920002231374,715,4095,1107,508
68.58929997542873,0,4095,1198,549
69.14460001280531,0,4095,1276,587
69.70160000491887,0,4095,1341,624
70.27730002300814,0,4095,1406,668
70.83709997823462,0,4095,1462,706
71.41640002373606,0,1707,1213,689
72.03380001010373,880,384,1022,670
73.27920000534505,2831,0,899,650
73.95940000424162,4095,0,816,623
74.4999999878928,4095,0,738,587
75.03279997035861,4095,0,674,557
75.56399999884889,4095,0,621,511
76.13210001727566,0,1380,1103,611
76.69479999458417,495,505,955,597
77.23639998584986,2044,0,823,576
77.76620000367984,3466,0,752,558
78.31189996795729,4095,0,691,538
78.9620999712497,4095,0,635,505
80.41840000078082,4095,0,592,478
80.6072999839671,4095,0,551,450
80.75979998102412,4095,0,510,426
80.90900001116097,4095,2002,742,445
81.06579998275265,3611,3408,929,467
81.23289997456595,1231,4095,1072,495
81.37719996739179,0,4095,1162,533
81.53660001698881,0,4095,1247,571
81.67889999458566,0,4095,1315,608
81.81459998013452,0,4095,1383,650
82.2261999710463,0,4095,1443,691
82.841900002677,0,2394,1271,692
83.42999999877065,0,750,1074,678
84.01559997582808,2256,0,917,656
84.57659999839962,4095,0,837,627
85.17159998882562,4095,0,755,595
85.7380999950692,4095,0,691,562
86.2972000031732,4095,0,635,528
86.86179999494925,4095,0,589,485
87.45990000898018,569,444,996,599
88.05079996818677,2111,0,865,583
88.71500001987442,3243,0,783,562
89.42969999043271,4095,0,709,539
90.04759998060763,4095,0,655,511
90.65289999125525,4095,0,607,486
91.26120002474636,4095,0,562,459
91.88730001915246,4095,0,527,432
92.57089998573065,4095,1309,679,439
93.27890002168715,4095,2946,877,462
94.03209999436513,1854,4095,1046,490
94.74969998700544,115,4095,1136,511
95.2386999852024,0,4095,1225,560
95.37499997531995,0,4095,1298,595
95.5252000130713,0,4095,1365,640
95.66190000623465,0,4095,1425,683
95.79449996817857,0,3847,1392,702
95.93389998190105,0,1216,1152,686
96.07620001770556,1643,65,966,663
96.3307999772951,3456,0,870,646
96.65069996844977,4095,0,785,614
96.78690001601353,4095,0,719,577
96.93130000960082,4095,0,657,545
97.54499996779487,0,2843,1259,637
98.19280001102015,0,1319,1089,624
98.83299999637529,690,524,950,603
99.4590999907814,2302,0,822,581
100.09399999398738,4095,0,753,567
100.6799999740906,4095,0,689,541
101.26779996789992,4095,0,637,510
101.83290002169088,4095,0,588,478
102.41619998123497,4095,0,547,453
103.070100012701,4095,637,630,444
103.96789998048916,4095,2629,838,466
104.7769999713637,2519,4095,1037,493
105.4648999706842,663,4095,1125,523
106.09189997194335,0,4095,1214,558
106.69809998944402,0,4095,1289,592
107.32249997090548,0,4095,1357,631
107.96130000380799,0,4095,1415,675
108.5501000052318,0,4095,1471,714
109.15350000141189,0,1743,1223,699
109.78629998862743,951,411,1039,681
110.3374999947846,2866,0,909,657
110.89339997852221,4095,0,823,627
111.49430001387373,4095,0,745,594
112.07749997265637,0,4095,1423,659
112.69759997958317,0,4095,1468,689
113.30710002221167,0,2630,1306,679
113.90539997955784,0,1072,1119,662
114.48450002353638,1699,0,940,643
115.05059996852651,3509,0,851,624
115.72589998831972,4095,0,773,594
116.80650000926107,4095,0,707,564
117.46139999013394,4095,0,651,529
118.0739999981597,4095,0,595,495
118.7505999696441,4095,0,557,462
119.50919998344034,4095,2021,782,477
120.21399999503046,3499,3413,962,496
120.90769998030737,1200,4095,1099,526
121.55209999764338,0,4095,1186,555
122.16670002089813,0,4095,1266,590
122.8475000243634,0,4095,1335,625
123.46839997917414,0,4095,1398,665
124.09040000056848,0,4095,1456,703
124.68989996705204,0,2346,1279,702
125.24530000519007,0,734,1083,683
125.80290000187233,2288,0,927,659
126.4954999787733,4095,0,839,633
126.9785999902524,4095,0,762,597
127.10909999441355,4095,0,695,565
127.28600000264123,0,4095,1424,658
127.42749997414649,0,2718,1279,656
127.55679996917024,0,1301,1109,637
127.69140000455081,962,375,958,619
127.81799997901544,2877,0,846,605
127.94199999189004,4095,0,768,583
128.07390000671148,4095,0,703,557
128.19939997280017,4095,0,649,528
128.3248999970965,4095,0,595,486
128.46919998992234,4095,0,554,455
128.91829997533932,4095,1504,722,464
129.5479999971576,4095,3057,913,483
130.05959999281913,1808,4095,1073,506
130.51079999422655,86,4095,1162,539
131.10679999226704,0,4095,1245,575
131.70670002000406,0,4095,1317,612
132.29979999596253,0,4095,1383,653
132.88869999814779,0,4095,1440,690
133.4779000026174,0,3745,1395,713
134.07239998923615,0,1152,1152,691
134.65000002179295,1705,0,961,672
135.23189997067675,3531,0,875,650
135.80529997125268,4095,0,789,618
136.6416999953799,0,4095,1414,653
137.41869997465983,0,4095,1459,683
138.07739998446777,0,4095,1497,705
138.83989996975288,0,2332,1303,689
139.4830999779515,26,708,1101,682
140.02579997759312,2320,0,943,657
140.54890000261366,4095,0,854,637
140.99699998041615,4095,0,775,606
141.50859997607768,4095,0,704,570
142.08889997098595,4095,0,645,535
142.6592000061646,4095,0,593,494
143.25399999506772,4095,511,657,480
143.86920002289116,4095,2559,862,496
144.52410000376403,2480,4095,1059,526
145.12300002388656,642,4095,1151,545
145.6309999921359,0,4095,1232,576
146.13770000869408,0,4095,1306,612
146.6383999795653,0,4095,1370,649
147.39280001958832,0,4095,1429,687
148.0157999903895,0,4095,1485,723
148.54720002040267,0,1666,1230,705
149.29169998504221,1011,361,1041,686
149.82059999601915,0,4095,1434,677
150.3227999783121,0,4095,1471,694
150.6214999826625,0,4095,1503,710
150.87369998218492,0,4095,1535,733
151.12850000150502,0,4095,1574,771
151.37249999679625,0,3453,1484,784
151.6200000187382,0,1099,1233,762
151.8762999912724,1742,0,1040,733
152.11570000974461,3539,0,942,704
152.50540000852197,4095,0,848,663
152.98680000705644,4095,0,769,624
153.521100000944,4095,0,704,582
153.93670002231374,4095,0,642,543
154.3437999789603,4095,0,592,502
154.8215000075288,4095,2075,816,511
155.28900001663715,3351,3475,999,532
155.83990002050996,1157,4095,1130,551
156.3128000125289,0,4095,1213,576
156.7425000248477,0,4095,1293,609
157.17099996982142,0,4095,1358,645
157.5907000224106,0,4095,1418,682
157.98149997135624,0,4095,1473,721
158.3857000223361,0,2349,1294,715
158.62030000425875,841,4095,1452,686
158.7701999815181,0,4095,1477,702
158.91389996977523,0,4095,1506,715
159.05419999035075,0,4095,1533,735
159.1900999774225,0,4095,1567,767
159.3266999698244,0,4095,1599,798
159.46860000258312,0,4095,1629,827
159.61019997484982,0,1616,1344,803
159.75980000803247,974,336,1141,771
159.90460000466555,2869,0,1005,739
160.1852999883704,4095,0,908,703
160.52209999179468,4095,0,819,657
160.9102999791503,4095,0,748,618
161.3387999823317,4095,0,681,575
161.70910000801086,4095,0,624,531
162.1086000232026,4095,1488,784,528
162.47769998153672,4095,3024,962,544
162.85650001373142,1731,4095,1119,558
163.20599999744445,26,4095,1201,579
163.52669999469072,0,4095,1280,607
163.79760002018884,0,4095,1347,641
164.06819998519495,0,4095,1408,678
164.36830000020564,4095,1994,1242,656
164.70449999906123,4095,2951,1303,662
165.04539997549728,2559,4069,1387,673
165.3643000172451,1163,4095,1423,682
165.64459999790415,0,4095,1456,704
165.9469999722205,0,4095,1495,733
166.29439999815077,0,4095,1533,759
166.61100002238527,0,4095,1575,787
166.88819997943938,0,4095,1603,819
167.16140002245083,0,2348,1406,807
167.45419998187572,117,707,1191,778
167.741900018882,2375,0,1021,744
168.01480000140145,4095,0,922,707
168.26599999330938,4095,0,837,668
168.53179997997358,4095,0,756,624
168.66740002296865,4095,0,691,581
168.8074999838136,4095,0,636,538
168.96789998281747,4095,607,703,511
169.12819998105988,4095,2637,903,531
169.29539997363463,2387,4095,1095,552
169.4292000029236,4095,0,987,625
169.58719998365268,4095,0,874,598
169.74619997199625,4095,0,775,567
169.89849996753037,4095,0,694,534
170.04779999842867,4095,0,634,496
170.2190000214614,4095,1482,785,498
170.38889997638762,4095,3010,962,526
170.63880001660436,1722,4095,1122,545
170.88829999556765,34,4095,1202,569
171.1191000067629,0,4095,1280,601
171.38810001779348,0,4095,1345,634
171.60449997754768,0,4095,1408,671
171.76479997579008,0,4095,1461,711
171.91799997817725,0,3359,1387,722
172.05920000560582,0,1086,1152,703
172.19379998277873,1809,0,967,681
172.32730000978336,3629,0,880,655
172.46390000218526,4095,0,795,623
172.64930001692846,4095,0,723,587
172.86150000290945,4095,0,664,550
173.06920001283288,4095,0,610,506
173.26569999568164,4095,0,575,475
173.48579998360947,4095,2158,805,487
173.69779996806756,3277,3550,985,508
173.89279999770224,4095,0,957,603
174.0851000067778,4095,0,848,581
174.30399998556823,4095,0,755,550
174.66489999787882,4095,0,679,511
174.85529999248683,4095,0,622,483
175.05010002059862,4095,607,687,475
175.26669998187572,4095,2643,890,494
175.4788999678567,2391,4095,1077,523
175.68190000019968,586,4095,1162,544
175.86840002331883,0,4095,1245,576
176.05960002401844,0,4095,1315,611
176.25099996803328,0,4095,1377,649
176.43829999724403,0,4095,1438,689
176.59019998973235,0,4095,1488,723
176.73800000920892,0,1628,1231,707
176.90169997513294,1076,345,1042,688
177.0513000083156,2944,0,915,663
177.18860000604764,4095,0,830,632
177.32419999083504,4095,0,753,597
177.46939999051392,4095,0,687,565
177.61389998486266,4095,0,629,527
177.7567999670282,4095,0,579,482
177.91339999530464,4095,1527,750,486
178.05129999760538,3309,0,946,592
178.18829999305308,4095,0,843,576
178.32990002352744,4095,0,752,546
178.49389999173582,4095,0,683,525
178.64890000782907,4095,0,626,491
178.83460002485663,4095,0,576,463
179.07750001177192,4095,0,533,434
179.25569997169077,4095,2099,768,455
179.42980001680553,3358,3479,951,480
179.6131000155583,1127,4095,1088,501
179.77290000999346,0,4095,1173,537
179.9345000181347,0,4095,1258,576
180.0962999695912,0,4095,1328,611
180.2571999724023,0,4095,1392,653
180.4260999779217,0,4095,1450,694
180.58360001305118,0,2175,1253,689
180.7437000097707,147,624,1059,674
180.89050002163276,2392,0,912,653
181.03889998747036,4095,0,830,625
181.18539999704808,4095,0,751,592
181.3337000203319,4095,0,687,559
181.487699970603,4095,0,629,511
181.6367999999784,4095,0,578,480
181.790100003127,723,455,991,590
181.95459997514263,2210,0,859,574
182.094199990388,3363,0,779,554
182.23450001096353,4095,0,703,529
182.37250001402572,4095,0,646,499
182.51000001328066,4095,0,597,478
182.6459000003524,4095,0,554,448
182.78219999046996,4095,0,511,422
182.94389999937266,4095,1535,694,433
183.09880001470447,4095,3082,887,457
183.25900001218542,1661,4095,1047,483
183.44799999613315,0,4095,1136,511
183.68329998338595,0,4095,1224,558
183.8411000207998,0,4095,1296,592
183.98610001895577,0,4095,1363,630
184.1298000072129,0,4095,1423,677
184.2803999898024,0,3415,1358,693
184.43339999066666,0,1072,1119,677
184.5754999667406,1842,0,939,655
184.713099966757,3696,0,851,635
184.85899997176602,4095,0,771,599
185.00280001899227,4095,0,705,566
185.14189997222275,4095,0,643,531
185.2843000087887,4095,0,592,494
185.42980001075193,4095,0,562,464
185.5702999746427,2299,0,930,577
185.7136000180617,3515,0,832,560
185.86530000902712,4095,0,749,540
186.02299998747185,4095,0,675,510
186.1664999742061,4095,0,624,485
186.31710001500323,4095,0,575,461
186.46499997703359,4095,0,534,432
186.62170000607148,4095,583,613,428
186.78749998798594,4095,2623,822,449
186.95820000721142,2366,4095,1014,478
187.12449999293312,545,4095,1110,501
187.2744999709539,0,4095,1200,544
187.43049999466166,0,4095,1278,585
187.58839997462928,0,4095,1343,624
187.74540000595152,0,4095,1405,661
187.89890001062304,0,4095,1462,701
188.0469999741763,0,1594,1201,688
188.20879998384044,1139,321,1010,663
188.35369998123497,2974,0,894,642
188.5121000232175,4095,0,811,616
188.66340001113713,4095,0,732,581
188.81229998078197,4095,0,670,548
188.95969999721274,4095,0,613,506
189.11600002320483,4095,0,566,471
189.26519999513403,1628,11,935,580
189.40749997273088,2802,0,836,565
189.54980000853539,4095,0,752,545
189.6903999731876,4095,0,684,511
189.8319000029005,4095,0,627,493
189.97259996831417,4095,0,580,468
190.11179998051375,4095,0,541,438
190.25250000413507,4095,0,511,417
190.42200001422316,4095,2167,752,440
190.61260001035407,2885,3572,941,463
190.92189997900277,990,4095,1072,489
191.0745999775827,0,4095,1164,528
191.2237000069581,0,4095,1243,562
191.39549997635186,0,4095,1318,603
191.54319999506697,0,4095,1379,646
191.69459998374805,0,4095,1438,688
191.84370001312345,0,2166,1243,685
192.0045000151731,278,633,1051,663
192.14880000799894,2480,0,902,642
192.29139998788014,4095,0,822,619
192.43310001911595,4095,0,745,585
192.58049997733906,4095,0,679,554
192.7251999732107,4095,0,622,509
192.8693000227213,4095,0,576,477
193.02399997832254,971,419,981,583
193.18020000355318,2377,0,850,563
193.32820002455264,3602,0,770,547
193.4816999710165,4095,0,695,525
193.6248000129126,4095,0,640,496
193.7684000004083,4095,0,592,471
193.91149998409674,4095,0,556,445
194.05549997463822,4095,0,510,419
194.21559997135773,4095,1584,696,432
194.3815000122413,3493,3092,883,455
194.5591999683529,1383,4095,1043,479
194.71959996735677,0,4095,1137,511
194.86940000206232,0,4095,1226,557
195.0187999755144,0,4095,1296,592
195.1697000185959,0,4095,1360,631
195.34310000017285,0,4095,1424,675
195.50029997481033,0,3312,1346,689
195.65130001865327,0,1085,1121,674
195.79969998449087,2033,0,940,655
195.94629999483004,4027,0,850,629
196.12889998825267,4095,0,770,598
196.27630000468343,4095,0,702,566
196.435299993027,4095,0,644,528
196.57680002273992,4095,0,592,493
196.71970000490546,4095,0,574,464
196.86099997488782,2591,0,929,579
197.00129999546334,3994,0,832,563
197.14200001908466,4095,0,747,539
197.2871000180021,4095,0,675,508
197.43020000169054,4095,0,624,486
197.58069998351857,4095,0,576,463
197.72230001399294,4095,0,530,432
197.87679996807128,4095,675,622,431
198.03809997392818,4095,2659,827,449
198.20829998934641,1712,4095,1017,475
198.37479997659102,223,4095,1111,501
198.52550001814961,0,4095,1201,545
198.6748999916017,0,4095,1279,579
198.82629998028278,0,4095,1344,624
198.97530000889674,0,4095,1405,663
199.1219000192359,0,4095,1456,699
199.26959997974336,0,1488,1187,686
199.42590000573546,1566,238,999,660
199.56619996810332,3333,0,888,644
199.7055999818258,4095,0,803,614
199.84640000620857,4095,0,726,576
199.98849998228252,4095,0,665,545
200.12880000285804,4095,0,613,502
200.2762000192888,4095,0,563,466
200.41910000145435,2057,0,934,579
200.55940002202988,3229,0,837,565
200.72279998566955,4095,0,752,542
200.87230001809075,4095,0,684,511
201.02169999154285,4095,0,627,490
201.18340000044554,4095,0,582,464
201.3326999731362,4095,0,543,437
201.47700002416968,4095,0,527,419
201.64340001065284,4095,2201,757,435
201.8289999687113,2061,3617,944,463
202.01060001272708,674,4095,1073,489
202.18389999354258,0,4095,1168,528
202.3545000120066,0,4095,1247,565
202.51099998131394,0,4095,1323,606
202.66930002253503,0,4095,1383,645
202.83319998998195,0,4095,1441,688
202.98810000531375,0,2188,1247,685
203.14729999518022,963,642,1059,665
203.2988999853842,2891,0,909,645
203.45789997372776,4095,0,819,623
203.60549999168143,4095,0,745,588
203.76740000210702,4095,0,683,555
203.9263999904506,4095,0,624,511
204.08840000163764,4095,0,576,478
204.25060001434758,4095,869,678,469
204.40139999845996,3511,0,935,573
204.54659999813884,4095,0,829,557
204.69240000238642,4095,0,740,529
204.836199991405,4095,0,668,498
204.9805999849923,4095,0,615,479
205.129100009799,4095,0,569,451
205.27659996878356,4095,0,528,423
205.4515000199899,4095,1642,715,435
205.61689999885857,2307,3119,894,460
205.80830000108108,1009,4095,1057,486
205.9624000103213,0,4095,1147,511
206.11600001575425,0,4095,1232,560
206.26940001966432,0,4095,1302,594
206.4259999897331,0,4095,1370,634
206.5809000050649,0,4095,1425,673
206.74009999493137,0,3127,1329,687
206.90509997075424,259,994,1111,672
207.0757999899797,2483,0,931,646
207.24249997874722,4095,0,847,624
207.43120001861826,4095,0,765,592
207.58659997954965,4095,0,695,558
207.7397999819368,4095,0,640,526
207.88900001207367,4095,0,590,482
208.04160000989214,4095,0,561,458
208.19869998376817,2961,0,926,576
208.3507999777794,4095,0,827,560
208.50239996798337,4095,0,740,538
208.65129999583587,4095,0,669,503
208.7951999856159,4095,0,620,484
208.94420001422986,4095,0,573,454
209.09040002152324,4095,0,530,431
209.25289997830987,4095,726,624,430
209.42919998196885,2593,2672,819,446
209.60649999324232,1334,4095,1015,474
209.770200017374,35,4095,1114,501
209.93030001409352,0,4095,1201,543
210.09140001842752,0,4095,1279,581
210.2487999945879,0,4095,1343,623
210.4412000044249,0,4095,1407,662
210.59769997373223,0,4095,1450,695
210.76129999710247,0,1475,1187,686
210.93100000871345,2154,254,1002,662
211.087099974975,4095,0,887,642
211.2403999781236,4095,0,798,609
211.38920000521466,4095,0,722,576
211.5404999931343,4095,0,662,541
211.69769996777177,4095,0,607,497
211.8499000207521,4095,0,560,464
212.0275999768637,2559,0,930,575
212.32400002190843,3994,0,833,560
212.48589997412637,4095,0,749,537
212.63530000578612,4095,0,675,505
212.79620000859722,4095,0,624,483
212.95730001293123,4095,0,577,461
213.10419996734709,4095,0,535,435
213.25690002413467,4095,0,525,415
213.4321000194177,2881,2224,751,432
213.6060000048019,1535,3638,941,460
213.7720999890007,410,4095,1072,485
213.92770000966266,0,4095,1163,528
214.08549998886883,0,4095,1246,562
214.2504000221379,0,4095,1315,599
214.40980001352727,0,4095,1381,643
214.57620000001043,0,4095,1435,687
214.7339999792166,0,2091,1232,679
214.91270000115037,1687,603,1050,665
215.0653999997303,3499,0,902,641
215.22559999721125,4095,0,816,614
215.37649998208508,4095,0,735,581
215.52690002135932,4095,0,675,549
215.6719000195153,4095,0,620,506
215.81979998154566,4095,0,570,471
215.99070000229403,4095,870,669,464
216.14739997312427,4095,0,931,583
216.29930002382025,4095,0,827,563
216.45389997866005,4095,0,739,539
216.60619997419417,4095,0,666,503
216.75550000509247,4095,0,612,481
216.9051999808289,4095,0,570,454
217.06240001367405,4095,0,528,427
217.2341999830678,3303,1676,709,434
217.4030999885872,1701,3137,894,459
217.5717999925837,704,4095,1057,489
217.7318999893032,0,4095,1148,526
217.90470002451912,0,4095,1232,560
218.06340001057833,0,4095,1305,595
218.2234000065364,0,4095,1367,640
218.37939997203648,0,4095,1425,679
218.53469999041408,0,3002,1319,687
218.7192999990657,1136,952,1105,670
218.87949999654666,3014,0,930,647
219.0351000172086,4095,0,841,624
219.18860002188012,4095,0,762,591
219.34650000184774,4095,0,690,558
219.50359997572377,4095,0,636,511
219.6568999788724,4095,0,585,483
219.84620002331212,4095,0,576,462
220.05459998035803,3728,0,927,580
220.2745999675244,4095,0,825,562
220.42799997143447,4095,0,738,535
220.60940001392737,4095,0,669,506
220.77569999964908,4095,0,614,483
220.9395000245422,4095,0,569,457
221.09499998623505,4095,0,528,431
221.27099998760968,4085,846,629,426
221.44350002054125,1900,2710,823,444
221.6164999990724,986,4095,1015,474
221.7790000140667,0,4095,1111,503
221.94020001916215,0,4095,1201,544
222.09689998999238,0,4095,1280,581
222.2559999790974,0,4095,1346,622
222.41470002336428,0,4095,1407,658
222.58449997752905,0,4095,1441,693
222.75660000741482,622,1457,1187,686
222.92789997300133,2683,245,1001,663
223.07970002293587,4095,0,883,641
223.2318000169471,4095,0,797,609
223.4098999761045,4095,0,722,576
223.7003999762237,4095,0,660,541
223.85979996761307,4095,0,607,496
224.01459998218343,4095,0,560,464
224.18229997856542,3149,0,929,577
224.33910000836477,4095,0,832,562
224.50309997657314,4095,0,749,538
224.66399997938424,4095,0,673,508
224.82140001375228,4095,0,623,486
224.97619997011498,4095,0,576,459
225.12850002385676,4095,0,534,432
225.28329998021945,4095,0,531,415
225.45819997321814,2112,2288,755,432
225.63760000048205,1152,3742,950,462
225.81229999195784,218,4095,1077,487
225.9788999799639,0,4095,1168,527
226.14440001780167,0,4095,1247,565
226.3142999727279,0,4095,1318,602
226.47940000751987,0,4095,1380,646
226.64120001718402,0,4095,1439,688
226.80870001204312,82,2117,1242,688
226.9947999739088,2347,609,1057,667
227.1521000075154,4095,0,905,642
227.30909998062998,4095,0,816,615
227.46460000053048,4095,0,737,593
227.6218999759294,4095,0,675,551
227.78830002062023,4095,0,619,508
227.9471000074409,4095,0,570,470
228.1201999867335,2769,358,976,582
228.27869997126982,4095,0,848,565
228.4444000106305,4095,0,761,542
228.61410002224147,4095,0,688,511
228.77769998740405,4095,0,634,495
228.98169996915385,4095,0,589,466
229.14140002103522,4095,0,545,439
229.29869999643415,4095,0,503,416
229.47620000923052,2336,1766,704,425
229.65260001365095,1287,3205,889,450
229.83189998194575,463,4095,1046,477
229.99899997375906,0,4095,1143,511
230.16350000398234,0,4095,1227,556
230.33120000036433,0,4095,1296,591
230.49340001307428,0,4095,1361,633
230.66110000945628,0,4095,1424,673
230.85270001320168,0,3003,1319,687
231.03680001804605,1903,974,1109,671
231.1966000124812,3757,0,930,650
231.3529999810271,4095,0,837,623
231.51020001387224,4095,0,755,592
231.66849999688566,4095,0,689,560
231.84010002296418,4095,0,633,511
231.99890000978485,4095,0,583,483
232.1780999773182,2386,686,1013,591
232.34569997293875,3648,0,861,571
232.51180001534522,4095,0,773,549
232.66769998008385,4095,0,697,527
232.8243000083603,4095,0,642,497
232.9838000005111,4095,0,594,476
233.1399999675341,4095,0,555,448
233.31099998904392,4095,0,511,420
233.50719996960834,2742,729,602,413
233.68369997479022,1497,2689,811,435
233.8525999803096,691,4095,1008,465
234.01740001281723,0,4095,1105,496
234.18480000691488,0,4095,1198,539
234.3434999929741,0,4095,1271,576
234.5064000110142,0,4095,1342,615
234.66660000849515,0,4095,1399,659
234.82630000216886,0,4095,1419,688
235.01260002376512,1575,1361,1170,679
235.17840000567958,3359,163,978,656
235.34110002219677,4095,0,869,631
235.50780001096427,4095,0,784,602
235.66760000539944,4095,0,717,569
235.8323999796994,4095,0,653,534
236.00360000273213,0,3275,1279,624
236.20270000537857,1445,1520,1109,615
236.38219997519627,2666,645,965,595
236.54090001946315,4095,0,827,575
236.70860001584515,4095,0,752,560
236.87650001375005,4095,0,687,532
237.04629996791482,4095,0,630,498
237.21809999551624,4095,0,583,471
237.37699998309836,4095,0,542,444
237.55439999513328,3109,26,550,423
237.73390002315864,1712,2342,768,438
237.91419999906793,843,3797,965,465
238.08370000915602,45,4095,1087,494
238.24869998497888,0,4095,1179,533
238.44679998001084,0,4095,1259,569
238.61780000152066,0,4095,1326,607
238.79540001507849,0,4095,1391,647
238.9610999962315,0,4095,1442,686
239.15719997603446,1045,1979,1235,682
239.33690000558272,2935,528,1045,663
239.5179999875836,4095,0,898,640
239.68499997863546,4095,0,812,608
239.87719998694956,0,4095,1390,634
240.08159997174516,0,4095,1434,657
240.44989998219535,0,4095,1472,683
240.62669998966157,0,4095,1471,701
240.82549999002367,1902,1347,1217,692
241.02570000104606,3801,148,1019,675
241.1883000168018,4095,0,901,653
241.38020002283156,4095,0,812,621
241.54319998342544,4095,0,736,583
241.70100002083927,4095,0,672,549
241.85469996882603,4095,0,618,506
242.0142000191845,3696,0,563,467
242.19259998062626,1975,1781,752,475
242.38329997751862,1015,3222,937,494
242.56879999302328,267,4095,1088,511
242.74590000277385,0,4095,1178,550
242.92410002090037,0,4095,1261,583
243.09499998344108,0,4095,1328,615
243.27639996772632,0,4095,1389,656
243.45459998585284,0,4095,1445,691
243.63649997394532,464,2873,1329,704
243.8265000237152,2559,934,1123,688
243.99609997635707,0,4095,1421,659
244.164899981115,0,4095,1456,679
244.3597000092268,0,4095,1486,693
244.5379999699071,0,4095,1516,716
244.70919999293983,0,4095,1557,752
244.880500016734,0,4095,1590,786
245.07689999882132,1485,1997,1360,779
245.258399983868,3269,561,1157,750
245.47620001249015,4095,0,990,720
245.80169998807833,4095,0,889,682
245.97170000197366,4095,0,806,640
246.1388999945484,4095,0,731,598
246.31349998526275,4095,0,667,558
246.48139998316765,4095,0,611,510
246.66569998953491,2242,976,706,497
246.8527000164613,1193,2773,895,507
247.0377999707125,416,4095,1083,531
247.21399997361004,0,4095,1173,559
247.38989997422323,0,4095,1255,590
247.56569997407496,0,4095,1326,623
247.73860001005232,0,4095,1389,656
247.93120002141222,0,4095,1441,692
248.1248999829404,1045,3026,1338,660
248.31719999201596,511,4095,1424,675
248.5045000212267,27,4095,1455,686
248.68760001845658,0,4095,1483,699
248.8576999749057,0,4095,1517,727
249.02909999946132,0,4095,1535,754
249.19770000269637,0,4095,1582,783
249.37199999112636,0,4095,1610,814
249.55539999064058,1009,2784,1461,811
249.73619997035712,2894,882,1233,784
249.90360002266243,4095,0,1043,747
250.0612000003457,4095,0,933,707
250.21939998259768,4095,0,843,666
250.38209999911487,4095,0,764,624
250.54380000801757,4095,0,695,579
250.7078999769874,4095,0,640,539
250.87360001634806,2559,0,624,499
251.05149997398257,1467,2327,838,506
251.23970001004636,640,3773,1023,529
251.44829996861517,0,4095,1142,553
251.621300005354,0,4095,1231,578
251.78769999183714,4095,0,975,615
251.9853999838233,4095,0,857,584
252.15010001556948,3123,0,753,545
252.3337000166066,2113,1138,839,539
252.52560002263635,1114,2858,1003,551
252.7072000084445,357,4095,1170,574
252.87690002005547,0,4095,1249,593
253.04510002024472,0,4095,1317,624
253.21190000977367,0,4095,1378,655
253.37990000844002,0,4095,1431,688
253.54760000482202,0,4095,1483,720
253.73210001271218,548,4095,1497,751
253.9219000027515,2517,1352,1235,732
254.10979997832328,4095,166,1040,704
254.2742000077851,4095,0,914,673
254.44900000002235,4095,0,829,640
254.61309996899217,4095,0,750,601
254.77569998474792,4095,0,686,562
254.94239997351542,4095,0,627,525
255.1054999930784,2893,0,571,477
255.2865999750793,1727,1797,759,479
255.4608000209555,803,3233,944,496
255.62549999449402,4095,0,944,592
255.78700000187382,4095,0,837,571
255.94790000468493,4095,0,747,543
256.1106000212021,4095,0,670,505
256.27569999778643,4095,0,609,475
256.4502999885008,2429,101,613,455
256.6647999919951,1356,2359,818,469
256.94569997722283,535,3817,1008,493
257.11649999720976,0,4095,1125,525
257.2877000202425,0,4095,1211,558
257.45470001129434,0,4095,1287,592
257.62659998144954,0,4095,1349,625
257.7931999694556,0,4095,1411,666
257.98210001084954,112,4095,1467,707
258.1703999894671,2147,1891,1251,700
258.35419999202713,3909,490,1056,682
258.5160000016913,4095,0,911,652
258.67910002125427,4095,0,818,623
258.8435999932699,4095,0,741,589
259.07139998162165,4095,0,675,553
259.29870002437383,4095,0,621,509
259.4678999739699,3365,0,566,471
259.6466999966651,4095,254,965,581
259.81099996715784,4095,0,841,562
259.9744999897666,4095,0,753,539
260.1390000199899,4095,0,684,511
260.3055000072345,4095,0,627,489
260.47249999828637,4095,0,581,463
260.6474999920465,4095,0,539,434
260.8195000211708,2707,0,490,405
261.00970001425594,1618,1755,690,419
261.19210000615567,718,3216,881,446
261.3827000022866,5,4095,1041,471
261.56720001017675,0,4095,1137,507
261.77360001020133,0,4095,1223,549
262.19049998326227,0,4095,1296,586
262.37830001628026,0,4095,1360,627
262.60189997265115,0,4095,1423,671
262.80660001793876,1763,2736,1298,681
263.0216999677941,3306,869,1089,667
263.1971000228077,4095,0,913,641
263.3854000014253,4095,0,823,615
263.56310001574457,4095,0,746,579
263.7671999982558,4095,0,679,551
263.9426999958232,4095,0,623,510
264.12489998620003,3790,0,570,471
264.32780001778156,3468,658,1005,582
264.50549997389317,4095,0,851,562
264.68610001029447,4095,0,765,543
264.91129997884855,4095,0,690,511
265.1115999906324,4095,0,637,491
265.4531999723986,4095,0,591,466
265.6309999874793,4095,0,545,438
265.79999999376014,3066,0,497,412
266.00709999911487,1937,1040,624,410
266.2030999781564,947,2813,823,432
266.4043999975547,222,4095,1010,464
266.584699973464,0,4095,1111,496
266.7613999801688,0,4095,1200,537
266.9404000043869,0,4095,1276,575
267.13290001498535,0,4095,1343,614
267.31799996923655,0,4095,1403,656
267.5192999886349,1417,4095,1415,688
267.7228000247851,2871,1316,1166,678
267.9196000099182,3984,144,971,653
268.16380000673234,4095,0,860,626
268.3491000207141,4095,0,778,596
268.59110000077635,4095,0,704,562
268.7741999980062,4095,0,645,528
268.9842999679968,1883,3139,1264,617
269.19329998781905,2745,1455,1095,608
269.38650000374764,3424,598,949,590
269.5722000207752,4095,0,815,565
269.749499973841,4095,0,736,547
269.9228000128642,4095,0,675,511
270.1812000013888,4095,0,622,493
270.3955000033602,4095,0,576,464
270.574799971655,3630,0,528,432
270.75510000577196,2263,49,541,415
270.95119998557493,1230,2352,761,432
271.21989999432117,414,3774,954,462
271.4488999918103,0,4095,1077,485
271.6878000064753,0,4095,1170,529
271.9072999898344,0,4095,1251,566
272.1146999974735,0,4095,1323,599
272.3296000040136,0,4095,1383,642
272.55709999008104,1040,4095,1448,688
272.7840999723412,2454,1872,1227,682
273.0462999898009,3479,492,1037,660
273.25919998111203,0,4095,1397,640
273.5535000101663,0,4095,1439,658
273.792699968908,0,4095,1472,676
273.9918999723159,0,4095,1503,704
274.1999999852851,0,4095,1535,742
274.4099000119604,1669,4095,1535,767
274.6186999720521,2781,1360,1271,742
274.83279997250065,3849,162,1070,711
275.01959999790415,4095,0,941,679
275.19760001450777,4095,0,845,643
275.38110001478344,4095,0,762,602
275.5644000135362,4095,0,695,564
275.74620000086725,4095,0,631,526
275.93679999699816,2559,0,576,477
276.1459000175819,1520,1855,770,483
276.3562999898568,635,3259,947,499
276.5464999829419,0,4095,1101,528
276.73639997374266,0,4095,1191,557
276.92999999271706,0,4095,1269,587
277.13990001939237,0,4095,1337,623
277.33379998244345,0,4095,1397,657
277.5275000021793,687,4095,1458,701
277.72600000025705,464,3557,1379,658
277.9136999743059,0,4095,1435,671
278.0945000122301,0,4095,1463,682
278.2813999801874,0,4095,1490,699
278.5312000196427,0,4095,1521,725
278.74350000638515,0,4095,1535,753
278.9344000048004,0,4095,1587,785
279.35929998056963,1237,4095,1626,817
279.6161000151187,2386,1887,1377,799
279.8147000139579,3376,498,1166,768
280.05150001263246,4095,0,1006,732
280.29740002239123,4095,0,903,694
280.5431999731809,4095,0,816,653
280.79489996889606,4095,0,741,610
281.0542000224814,4095,0,675,563
281.325799995102,2889,0,611,511
281.6276000230573,1840,1195,735,505
281.9098000181839,869,2886,917,511
282.2162000229582,153,4095,1098,540
282.49770001275465,0,4095,1185,560
282.76570001617074,0,4095,1265,592
283.0148999928497,4095,0,967,611
283.38069998426363,2974,0,848,579
283.6103999870829,2259,0,783,551
283.811200002674,1462,1856,917,550
284.00699998019263,591,3261,1079,566
284.2014000052586,0,4095,1205,583
284.3874999671243,0,4095,1280,607
284.5721999765374,0,4095,1344,639
284.75609997985885,0,4095,1399,659
284.9452000227757,0,4095,1453,695
285.13929998734966,816,4095,1506,731
285.3478000033647,2017,2752,1367,731
285.54529999382794,3021,901,1154,709
285.73429997777566,4095,0,965,678
285.9251999761909,4095,0,871,646
286.1548999790102,4095,0,785,611
286.3870000001043,4095,0,714,576
286.6099000093527,4095,0,653,535
286.8350999779068,3248,0,592,495
287.0794999762438,2137,161,610,464
287.33269998338073,1115,2384,816,477
287.5779999885708,326,3861,1007,499
287.7997999894433,4095,0,944,591
288.01859996747226,4095,0,833,565
288.2460000109859,4095,0,743,539
288.4693000232801,4095,0,667,497
288.6816000100225,2867,0,600,464
288.9169999980368,1822,1219,723,464
289.1605999902822,854,2864,902,481
289.40479998709634,139,4095,1081,506
289.69409997807816,0,4095,1171,539
289.9788999930024,0,4095,1251,575
290.2618999942206,0,4095,1318,607
290.5155000044033,0,4095,1381,643
290.7577999867499,352,4095,1441,686
291.15309996996075,1648,3970,1421,709
291.38199996668845,2727,1255,1178,691
291.6115999687463,3745,80,976,667
291.82480002054945,4095,0,875,641
292.01440000906587,4095,0,786,607
292.20269998768345,4095,0,715,573
292.3919999739155,4095,0,656,535
292.5837999791838,4074,0,598,494
292.7815999719314,2502,0,547,454
293.0179999675602,4026,0,922,571
293.23750000912696,4095,0,821,557
293.4497999958694,4095,0,735,528
293.6523999669589,4095,0,665,499
293.8878000131808,4095,0,614,477
294.10589998587966,4095,0,567,451
294.35390001162887,3270,0,526,425
294.59679999854416,2149,27,511,402
294.83989998698235,1127,2352,755,425
295.06159998709336,337,3796,951,453
295.2778000035323,0,4095,1078,483
295.5064999987371,0,4095,1169,523
295.7219000090845,0,4095,1253,560
295.91659997822717,0,4095,1322,599
296.1272000102326,0,4095,1387,642
296.42989998683333,1251,4095,1453,687
296.6457000002265,2384,1823,1222,678
296.8564999755472,3386,462,1023,656
297.0414999872446,4095,0,889,631
297.23419999936596,4095,0,800,603
297.41940001258627,4095,0,723,573
297.6249000057578,4095,0,662,537
297.81369998818263,4095,0,609,496
298.02909999853,2653,1431,1102,594
298.23239997494966,3300,597,951,582
298.4234999748878,4076,0,813,559
298.6093999934383,4095,0,733,534
298.7977999728173,4095,0,670,509
298.9936000085436,4095,0,619,486
299.18789997464046,4095,0,575,461
299.3712999741547,3953,0,530,432
299.5502999983728,2495,0,484,400
299.74819999188185,1460,1885,701,416
299.9415000085719,595,3249,883,441
300.131700001657,0,4095,1041,468
300.3259999677539,0,4095,1138,502
300.5121999885887,0,4095,1222,546
300.7129000034183,0,4095,1294,582
300.90029997518286,0,4095,1359,624
301.09869997249916,831,4095,1424,670
301.3339000171982,2034,2605,1283,677
301.53779999818653,3062,839,1082,661
301.71500000869855,4095,0,908,637
301.8985000089742,4095,0,818,610
302.08649998530746,4095,0,737,576
302.27230000309646,4095,0,674,546
302.4903999757953,1088,4095,1392,629
302.70840000594035,1892,3115,1295,631
302.9155000112951,2609,1461,1121,619
303.1131000025198,3376,461,958,597
303.300199972,4095,0,832,582
303.47689997870475,4095,0,752,560
303.65770001662895,4095,0,686,531
303.87689999770373,4095,0,626,497
304.06950000906363,4095,0,577,465
304.2540000169538,2806,0,528,432
304.4691999675706,1780,1141,656,432
304.73009997513145,824,2845,848,448
304.9860000028275,110,4095,1037,477
305.1940000150353,0,4095,1133,508
305.39260001387447,0,4095,1216,546
305.6104999850504,0,4095,1287,586
305.80219998955727,0,4095,1354,624
306.01559998467565,353,4095,1418,662
306.2513999757357,1649,3793,1383,689
306.49390001781285,2736,1212,1148,673
306.7563999793492,0,4095,1406,641
307.0272000040859,0,4095,1442,661
307.2676999727264,0,4095,1473,678
307.4676999822259,0,4095,1500,698
307.6702000107616,0,4095,1535,731
307.9007000196725,838,4095,1583,769
308.13099996885285,2022,2457,1398,768
308.35589999333024,3040,788,1183,745
308.55760001577437,4095,0,1001,711
308.7519999826327,4095,0,896,677
308.96340002072975,4095,0,812,638
309.17459999909624,4095,0,733,599
309.38479996984825,4095,0,669,560
309.59489999804646,3202,0,610,508
309.8092000000179,2113,154,624,483
310.0185000221245,1089,2421,833,493
310.22719998145476,319,3878,1021,511
310.4254999780096,0,4095,1136,537
310.62140001449734,0,4095,1221,566
310.81080000149086,0,4095,1295,597
311.01040000794455,0,4095,1359,630
311.21939996955916,1878,970,1101,622
311.4350999821909,1187,2352,1168,624
311.6444000042975,627,3239,1251,630
311.8790999869816,97,4095,1344,641
312.1542999870144,0,4095,1393,662
312.34659999608994,0,4095,1437,688
312.5366999884136,0,4095,1478,715
312.7247000229545,0,4095,1519,743
312.9314999678172,365,4095,1567,775
313.14510002266616,1665,3987,1523,789
313.3657000144012,2739,1271,1267,768
313.5701999999583,3773,110,1067,733
313.75849997857586,4095,0,944,699
313.9454000047408,4095,0,848,659
314.1403999761678,4095,0,769,621
314.33449999894947,4095,0,700,578
314.5270000095479,3928,0,637,534
314.72299998858944,2459,0,581,486
314.9756999919191,1434,1929,784,493
315.17459999304265,571,3309,960,506
315.3599000070244,4095,0,946,592
315.54629997117445,4095,0,838,568
315.7333999988623,4095,0,747,542
315.9192000166513,4095,0,671,503
316.11529999645427,3186,0,606,471
316.31989998277277,2097,278,629,455
316.52589997975156,1088,2469,834,467
316.729000012856,314,3994,1023,496
316.92429998656735,0,4095,1135,525
317.11549998726696,0,4095,1217,558
317.3182000173256,0,4095,1293,591
317.5148000009358,0,4095,1355,625
317.7121999906376,0,4095,1415,665
317.94979999540374,1280,4095,1476,707
318.1617999798618,2407,1757,1235,694
318.36510001448914,3390,407,1040,674
318.55530000757426,4095,0,901,645
318.74119996791705,4095,0,814,614
318.9264999818988,4095,0,734,578
319.1122999996878,4095,0,670,547
319.30069997906685,4095,0,616,502
319.48850001208484,2816,0,560,465
319.68810001853853,3611,240,957,575
319.8753999895416,4095,0,837,560
320.0656999833882,4095,0,750,534
320.2586999977939,4095,0,681,507
320.44999999925494,4095,0,624,483
320.6404999946244,4095,0,578,461
320.8306999877095,3881,0,534,431
321.0199999739416,2450,0,488,403
321.23100000899285,1409,1968,711,419
321.4313000207767,543,3358,902,444
321.6293000150472,0,4095,1051,470
321.82209996972233,0,4095,1147,507
322.03280000248924,0,4095,1229,550
322.2323000081815,0,4095,1298,589
322.4258999689482,0,4095,1363,625
322.6336999796331,843,4095,1428,672
322.84699997399,2044,2517,1278,676
323.0862999917008,3066,790,1075,659
323.2877000118606,4095,0,909,637
323.48879997152835,4095,0,818,609
323.7698000157252,4095,0,738,576
323.9701999700628,4095,0,673,543
324.1651999996975,4095,0,621,502
324.3576000095345,3152,0,562,465
324.5665999711491,3248,613,992,575
324.75969998631626,4033,0,848,557
324.94339998811483,4095,0,757,534
325.13680000556633,4095,0,687,503
325.32740000169724,4095,0,629,483
325.5199000122957,4095,0,583,463
325.7105000084266,4095,0,539,434
325.91060001868755,2791,0,495,404
326.1316000134684,1750,1282,644,413
326.35210000444204,791,2900,835,432
326.5621999744326,94,4095,1014,462
326.7628999892622,0,4095,1117,493
326.9610999850556,0,4095,1202,535
327.15480000479147,0,4095,1279,574
327.3526999983005,0,4095,1344,613
327.5605000089854,389,4095,1408,655
327.77360000181943,1684,3862,1382,682
327.98890001140535,2753,1232,1146,668
328.18770001176745,3769,71,949,643
328.40900000883266,4095,0,848,621
328.60940002137795,4095,0,766,590
328.91330000711605,4095,0,694,557
329.1315999813378,807,4095,1392,628
329.3478999985382,1645,3991,1367,642
329.563400009647,2369,1838,1182,630
329.76930000586435,3088,784,1023,612
329.9552000244148,4095,0,864,593
330.1508000004105,4095,0,783,576
330.37029998376966,4095,0,708,546
330.5594999692403,4095,0,649,511
330.7500000228174,4095,0,595,480
330.9513999847695,3193,0,545,447
331.1604000045918,2101,331,589,432
331.38440002221614,1083,2495,800,447
331.5908000222407,319,3999,990,474
331.79199998266995,0,4095,1103,499
331.99799997964874,0,4095,1194,539
332.2092000162229,0,4095,1269,576
332.4144000071101,0,4095,1335,611
332.6155999675393,0,4095,1397,655
332.83859997754917,1279,4095,1458,693
333.05570000084117,2432,1776,1225,686
333.2554000080563,0,4095,1415,652
333.4508999832906,0,4095,1447,668
333.6488999775611,0,4095,1479,682
333.84259999729693,0,4095,1505,702
334.06069996999577,0,4095,1535,736
334.2795000062324,379,4095,1581,769
334.49639996979386,1680,3919,1531,785
334.71079997252673,2742,1239,1274,766
334.91450001019984,3751,83,1067,729
335.11330001056194,4095,0,945,695
335.31429996946827,4095,0,848,656
335.50849999301136,4095,0,768,617
335.6974999769591,4095,0,699,576
335.89230000507087,3765,0,635,533
336.0930000199005,2423,0,576,485
336.3076000241563,1383,2019,790,490
336.51629998348653,525,3417,972,511
336.713399970904,0,4095,1111,534
336.9288999820128,0,4095,1200,563
337.13120000902563,0,4095,1278,592
337.335099990014,0,4095,1342,624
337.54229999613017,0,4095,1402,657
337.77839998947456,1177,2371,1247,636
338.0034000147134,605,3257,1312,645
338.2185000227764,154,4095,1394,656
338.41570001095533,0,4095,1429,666
338.6132000014186,0,4095,1467,692
338.81569997174665,0,4095,1502,720
339.0131000196561,0,4095,1535,749
339.2229999881238,0,4095,1575,781
339.44979996886104,1318,4095,1613,810
339.6704000188038,2448,1682,1345,786
339.89379997365177,3419,386,1136,754
340.12090001488104,4095,0,990,720
340.32630000729114,4095,0,887,683
340.53340001264587,4095,0,802,639
340.7565000234172,4095,0,727,597
340.9543000161648,4095,0,662,557
341.1818000022322,2794,0,599,505
341.4007999817841,1744,1202,726,496
341.6113000130281,810,2883,909,502
341.9281999813393,80,4095,1087,529
342.1647999784909,4095,0,957,597
342.3723999876529,4095,0,847,573
342.57629996864125,4095,0,752,541
342.80919999582693,3761,0,667,501
343.01319997757673,2405,0,601,469
343.2417999720201,1380,2007,808,481
343.45559997018427,528,3389,982,499
343.660100013949,0,4095,1121,528
343.8610999728553,0,4095,1206,558
344.06430000672117,0,4095,1281,590
344.27090000826865,0,4095,1345,624
344.47650000220165,0,4095,1407,658
344.69200001331046,901,4095,1463,701
344.92110001156107,2097,2439,1297,703
345.17280000727624,3095,760,1097,685
345.38359998259693,4095,0,929,655
345.59230000013486,4095,0,837,624
345.8014000207186,4095,0,754,587
346.020299999509,4095,0,688,558
346.2159999762662,4095,0,629,511
346.49730002274737,3184,0,576,473
346.7848000000231,2093,389,623,457
347.0435999915935,1077,2529,826,467
347.28260000701994,4095,0,921,571
347.5632999907248,4095,0,816,553
347.8449999820441,4095,0,726,525
348.0732999742031,4095,0,655,493
348.3223000075668,4095,0,597,464
348.5497999936342,2762,0,544,432
348.78659999230877,1717,1319,688,434
349.01890001492575,762,2937,875,455
349.3384000030346,59,4095,1050,481
349.5606000069529,0,4095,1145,511
349.78699998464435,0,4095,1227,555
350.00659996876493,0,4095,1296,589
350.2096000011079,0,4095,1360,624
350.4522999865003,403,4095,1424,669
350.6821999908425,1692,3714,1389,691
350.92439997242764,2768,1186,1150,675
351.12910001771525,3782,50,954,647
351.3383999816142,4095,0,853,623
351.5455999877304,4095,0,768,591
351.7417999682948,4095,0,703,555
351.95380001096055,4095,0,641,511
352.14999999152496,3782,0,585,480
352.36219997750595,2410,0,534,448
352.5618999847211,4095,0,910,564
352.7579000219703,4095,0,814,550
352.953499997966,4095,0,725,526
353.1490999739617,4095,0,656,493
353.36050001205876,4095,0,606,469
353.55830000480637,4095,0,561,445
353.752099967096,3150,0,511,418
353.95939997397363,2062,359,567,403
354.20659999363124,1062,2483,775,426
354.44329999154434,283,3970,970,454
354.64769997633994,0,4095,1085,481
354.85309996875003,0,4095,1175,524
355.05860002012923,0,4095,1255,560
355.27419997379184,0,4095,1323,598
355.4782000137493,0,4095,1387,640
355.756199976895,1328,4095,1450,684
356.0594000155106,2448,1671,1202,672
356.39139998238534,3427,400,1008,652
356.7595999920741,4095,0,879,627
357.0574999903329,4095,0,790,593
357.5313999899663,4095,0,718,564
357.8210999839939,4095,0,655,531
358.02179999882355,4095,0,596,491
358.25390001991764,2724,1314,1073,579
358.47259999718517,3386,485,926,562
358.68359997402877,4095,0,797,542
358.89679996762425,4095,0,718,511
359.11139997188,4095,0,656,496
359.32729998603463,4095,0,603,471
359.56130002159625,4095,0,560,448
359.77390001062304,3717,0,511,423
359.98349997680634,2391,0,473,394
360.2178000146523,1349,2000,704,411
360.44349998701364,511,3381,893,435
360.7489999849349,0,4095,1040,465
361.12259997753426,0,4095,1136,496
361.52279999805614,0,4095,1218,545
361.9736999971792,0,4095,1293,579
362.4415000085719,0,4095,1359,622
362.85450001014397,887,4095,1423,666
363.3059000130743,2102,2410,1262,669
363.54009999195114,3111,764,1066,656
363.7349000200629,4095,0,896,630
363.93400002270937,4095,0,810,602
364.13329996867105,4095,0,729,571
364.3299000104889,4095,0,668,537
364.823299983982,1167,4095,1386,624
365.304599981755,1967,2746,1254,623
365.7897000084631,2669,1319,1093,609
366.24940001638606,3421,369,932,589
366.6949999751523,4095,0,813,574
367.1341000008397,4095,0,737,551
367.5994999939576,4095,0,671,527
368.0756000103429,4095,0,618,491
368.52540000109,4095,0,569,458
368.88309998903424,2751,0,511,427
369.26770000718534,1710,1360,672,429
369.72409998998046,765,2935,858,448
370.30319997575134,62,4095,1038,474
370.871499995701,0,4095,1134,505
371.44010001793504,0,4095,1217,546
371.6982000041753,0,4095,1291,581
371.93660001503304,0,4095,1354,621
372.248400002718,464,4095,1418,661
372.5239000050351,1735,3675,1374,688
372.7733999839984,2797,1197,1143,673
372.9734999942593,0,4095,1406,643
373.17380000604317,0,4095,1442,658
373.3735000132583,0,4095,1474,679
373.574799974449,0,4095,1502,693
373.78680001711473,0,4095,1534,730
374.49909996939823,914,4095,1583,770
375.33569999504834,2112,2288,1381,765
376.18650001240894,3115,710,1167,739
376.9406999927014,4095,0,991,706
377.60599999455735,4095,0,891,672
378.30250000115484,4095,0,804,633
378.9534000097774,4095,0,729,592
379.5972000225447,4095,0,663,552
380.23960002465174,3068,0,603,497
380.94110001111403,2026,319,638,479
382.1198000223376,1013,2501,845,490
382.8427999978885,253,4004,1037,511
383.5596999851987,0,4095,1139,537
384.20239998959005,0,4095,1222,566
384.82490001479164,0,4095,1295,598
385.49969997256994,0,4095,1358,630
386.22899999609217,1803,1090,1109,619
386.93410000996664,1120,2390,1171,622
387.59429997298867,577,3264,1253,625
388.2556000025943,41,4095,1345,638
388.8844000175595,0,4095,1392,656
389.47160000680014,0,4095,1439,687
390.0571999838576,0,4095,1475,714
390.30430000275373,0,4095,1518,741
390.52919996902347,483,4095,1563,773
390.7564000110142,1758,3536,1488,784
390.98239998565987,2813,1143,1242,758
391.188699984923,3867,0,1039,723
391.3928999681957,4095,0,926,689
391.7380999773741,4095,0,835,653
392.2995000029914,4095,0,754,611
392.73710001725703,4095,0,689,572
392.9525999701582,3717,0,624,527
393.19909998448566,2374,0,574,483
393.4315000078641,1344,2032,784,485
393.6649999814108,496,3387,961,499
393.87460000580177,4095,0,935,588
394.0765999723226,4095,0,830,560
394.28080001380295,4095,0,738,530
394.49610002338886,4095,0,661,496
394.6914999978617,3089,0,597,464
394.9111999827437,2025,417,640,450
395.1697999727912,1023,2512,838,464
395.39169997442514,256,4039,1023,492
395.6469999975525,0,4095,1135,511
396.020199987106,0,4095,1217,553
396.3930999743752,0,4095,1289,590
396.8489000108093,0,4095,1351,624
397.321299999021,0,4095,1414,662
397.8320999885909,1347,4095,1472,699
398.4624000149779,2479,1579,1216,689
399.1278000175953,3458,317,1017,663
399.58650001790375,4095,0,893,640
400.04410000983626,4095,0,802,608
400.5248000030406,4095,0,723,575
400.8348999777809,4095,0,663,539
401.12589998170733,4095,0,607,496
401.43410000018775,2725,0,557,459
401.7339000129141,1698,1383,703,457
401.93779999390244,4095,0,913,566
402.13760000187904,4095,0,815,545
402.3410999798216,4095,0,725,511
402.54330000607297,4095,0,656,490
402.7521999669261,4095,0,605,466
403.0722000170499,3611,0,556,437
403.48969999467954,2366,0,503,407
403.9440000196919,1333,2043,734,429
404.3651000247337,493,3401,917,451
404.7541000181809,0,4095,1066,476
405.051400011871,0,4095,1156,511
405.2990999771282,0,4095,1237,556
405.58510000118986,0,4095,1294,591
405.99330002442,0,4095,1371,628
406.4362000208348,940,4095,1435,672
406.8847000016831,2145,2317,1263,674
407.31769998092204,3133,714,1069,656
407.6756999711506,4095,0,906,633
407.93539996957406,4095,0,816,606
408.15059997839853,4095,0,736,574
408.4790999768302,4095,0,673,540
408.6844999692403,4095,0,619,497
408.8888000114821,3086,0,562,463
409.1383999912068,3325,479,976,572
409.3575999722816,4095,0,837,558
409.57359998719767,4095,0,752,531
409.7842000192031,4095,0,681,503
410.1362000219524,4095,0,627,481
410.50040000118315,4095,0,582,459
410.85490002296865,4095,0,539,432
411.206700024195,2719,0,493,402
411.59049997804686,1682,1444,659,407
412.0011000195518,745,2995,849,432
412.38429996883497,32,4095,1023,463
412.8089000005275,0,4095,1122,495
413.37349999230355,0,4095,1210,534
413.7213000212796,0,4095,1281,574
414.0715000103228,0,4095,1346,613
414.444399997592,498,4095,1411,656
414.8313999758102,1777,3509,1359,677
415.2098000049591,2841,1114,1127,662
415.54489999543875,3907,0,933,639
415.86810001172125,4095,0,838,611
416.2443000241183,4095,0,756,582
416.5806000237353,4095,0,688,550
416.91550001269206,4095,0,630,510
417.28880000300705,2021,2657,1207,598
417.6492000115104,2736,1259,1053,591
417.9825999890454,3379,453,910,570
418.3128000004217,4095,0,784,550
418.5624999809079,4095,0,715,528
418.7685999786481,4095,0,656,499
418.9864000072703,4095,0,603,478
419.1910999943502,4095,0,560,448
419.39449997153133,3053,0,509,418
419.60839997045696,2006,622,592,410
419.83069997513667,1010,2592,794,431
420.04820000147447,246,4095,993,460
420.258299971465,0,4095,1101,485
420.4804999753833,0,4095,1186,528
420.70580000290647,0,4095,1263,563
420.92120001325384,0,4095,1328,599
421.1399999912828,0,4095,1392,643
421.37619998538867,1360,4095,1456,686
421.6065999935381,2473,1654,1206,674
421.83000000659376,3455,342,1008,653
422.0392999704927,0,4095,1392,624
422.25459998007864,0,4095,1429,647
422.47170000337064,0,4095,1463,663
422.68329998478293,0,4095,1500,689
422.90930001763627,482,4095,1535,731
423.18769998382777,1775,3345,1456,747
423.43959998106584,2826,1095,1216,726
423.70990000199527,3865,0,1008,695
423.9275999716483,4095,0,907,662
424.135799985379,4095,0,816,627
424.3510999949649,4095,0,740,592
424.5634999824688,4095,0,674,551
424.8098999960348,3611,0,615,504
425.0605999841355,2352,0,568,466
425.3522999933921,1330,2096,783,477
425.621600006707,491,3472,963,495
425.8657000027597,0,4095,1102,511
426.0784999933094,0,4095,1191,549
426.3007999979891,0,4095,1266,580
426.51959997601807,0,4095,1333,615
426.7344999825582,0,4095,1393,654
426.9693000242114,979,4095,1456,693
427.1966000087559,335,3709,1382,647
427.40909999702126,0,4095,1434,661
427.6423999690451,0,4095,1462,672
427.8706000186503,0,4095,1489,691
428.08769998373464,0,4095,1520,720
428.3313999767415,0,4095,1535,751
428.6543999915011,0,4095,1585,779
428.8951000198722,1374,4095,1618,810
429.1333999717608,2506,1524,1335,784
429.36499998904765,3490,286,1125,752
429.5782999834046,4095,0,983,719
429.7933999914676,4095,0,885,678
430.0129999755882,4095,0,798,635
430.2299999981187,4095,0,723,592
430.4849000182003,4095,0,657,551
430.70630001602694,2668,0,599,498
430.95810001250356,1649,1501,753,495
431.197699974291,725,3014,930,507
431.44509999547154,16,4095,1098,531
431.67560000438243,0,4095,1186,559
431.9115999969654,0,4095,1265,587
432.1221999707632,3737,0,960,602
432.32760002138093,2747,0,839,569
432.5611999956891,2075,229,821,547
432.79300001449883,1297,2079,944,547
433.0226000165567,476,3416,1101,564
433.23789996793494,0,4095,1217,584
433.4515000227839,0,4095,1290,607
433.666099968832,0,4095,1350,634
433.88889997731894,0,4095,1405,663
434.10299997776747,0,4095,1457,701
434.32790000224486,972,4095,1510,735
434.5595000195317,2162,2229,1318,725
434.78850001702085,3152,666,1112,704
434.9944000132382,4095,0,949,674
435.2018000208773,4095,0,851,641
435.4079000186175,4095,0,771,605
435.6147000216879,4095,0,703,570
435.83490001037717,4095,0,641,529
436.08439998934045,3029,0,583,482
436.3112999708392,1985,511,640,464
436.54640001477674,991,2555,838,474
436.7915000184439,238,4095,1035,498
437.00600002193823,4095,0,938,586
437.21930001629516,4095,0,830,560
437.4411000171676,4095,0,737,530
437.6572999753989,4095,0,656,495
437.87339999107644,2669,0,592,461
438.1186999962665,1627,1459,744,463
438.34799999604,713,2963,912,477
438.56729997787625,1,4095,1082,503
438.8004000065848,0,4095,1171,535
439.01889998232946,0,4095,1249,570
439.2385999672115,0,4095,1317,600
439.46039996808395,0,4095,1379,640
439.6975999698043,543,4095,1440,679
439.93689998751506,1792,3047,1341,690
440.17060002079234,2830,976,1123,675
440.43580000288785,3871,0,935,647
440.7927999855019,4095,0,843,624
441.02029997156933,4095,0,762,592
441.30910001695156,4095,0,693,557
441.5826000040397,4095,0,637,511
441.80749997030944,3653,0,582,479
442.02040001982823,2344,0,530,445
442.25490000098944,1329,2093,756,456
442.46819999534637,4095,0,905,555
442.6880999817513,4095,0,803,532
442.9013999761082,4095,0,717,503
443.11769999330863,4095,0,647,478
443.3444999740459,4095,0,592,454
443.56129999505356,3032,0,543,426
443.8018000219017,1985,559,607,416
444.03110002167523,976,2593,810,434
444.3025999935344,229,4095,1004,464
444.5275000180118,0,4095,1106,493
444.74910001736134,0,4095,1197,530
444.970500015188,0,4095,1269,569
445.3034999896772,0,4095,1334,605
445.5881000030786,0,4095,1397,646
445.83480001892895,1392,4095,1458,688
446.0780000081286,2519,1614,1209,677
446.3271999848075,3498,359,1013,656
446.5523000108078,4095,0,884,629
446.7890000087209,4095,0,795,597
447.01309996889904,4095,0,720,569
447.24319997476414,4095,0,658,533
447.4723999737762,4095,0,603,491
448.3004999929108,2659,0,549,454
449.37370001571253,3814,112,932,561
451.37819997034967,4095,0,821,545
452.25650002248585,4095,0,736,511
453.3170000067912,4095,0,667,494
455.2630999824032,4095,0,613,473
456.25739998649806,4095,0,570,448
457.3410999728367,3566,0,526,421
458.3567000227049,2315,0,496,398
460.3215999668464,1307,2133,721,413
461.31380001315847,464,3502,911,439
463.3190999738872,0,4095,1053,467
464.3299999879673,0,4095,1149,501
466.2339999922551,0,4095,1231,545
467.32100000372157,0,4095,1298,582
468.32699998049065,0,4095,1363,624
470.2967000193894,990,4095,1427,669
472.2812999971211,2182,2177,1242,666
473.4317999682389,3178,640,1046,653
474.5800999808125,4095,0,893,624
476.4032000093721,4095,0,805,598
477.64589998405427,4095,0,727,567
478.71469997335225,4095,0,666,534
480.40519998176023,4095,0,610,494
481.51040001539513,2429,1647,1102,583
483.341199986171,3091,717,955,570
484.43989997031167,3815,0,807,545
485.3964999783784,4095,0,729,528
487.2845999780111,4095,0,667,501
488.2823000079952,4095,0,615,478
489.51909999595955,4095,0,571,456
491.49929999839514,4095,0,528,429
492.49370000325143,2665,0,480,400
493.3294000220485,1616,1461,655,403
495.57139998069033,708,2977,838,431
496.6224000090733,0,4095,1011,458
498.33079997915775,0,4095,1116,490
499.4795999955386,0,4095,1200,530
501.3016000157222,0,4095,1274,566
502.327999973204,0,4095,1341,609
503.652699990198,561,4095,1407,651
505.47430000733584,1823,3191,1328,667
507.23579997429624,2874,1061,1109,656
508.28000000910833,3943,0,914,629
509.6161999972537,4095,0,829,606
511.3442000001669,4095,0,749,577
512.4227000051178,0,4095,1363,609
514.3678999738768,400,4095,1419,639
515.7836999860592,1285,4095,1465,666
517.2960999771021,2192,2256,1270,656
519.2539999843575,3167,701,1072,642
520.3286000178196,4095,0,912,624
521.6035000048578,4095,0,821,597
522.437000006903,4095,0,741,569
524.4961999705993,4095,0,675,537
525.3360000206158,4095,0,616,496
526.3103999895975,2992,0,561,460
528.3293999964371,1953,687,637,448
529.3364999815822,961,2624,831,457
531.3003999763168,214,4095,1022,486
532.3179999832064,0,4095,1123,511
534.3290999880992,0,4095,1209,546
535.2752999751829,0,4095,1281,578
536.3595000235364,0,4095,1344,618
538.298900006339,16,4095,1408,656
540.3091000043787,1419,4095,1454,690
541.2659000139683,2527,1490,1199,678
543.2045999914408,0,4095,1408,640
544.255200016778,0,4095,1442,656
545.6633999710903,0,4095,1474,672
547.4758999771439,0,4095,1503,690
548.3557999832556,0,4095,1535,727
550.2950000227429,576,4095,1581,763
551.44199996721,1839,3069,1457,770
553.4792999969795,2898,1002,1223,751
554.5705999829806,3973,0,1021,717
556.294500012882,4095,0,915,680
557.4148999876343,4095,0,827,640
558.7013000040315,4095,0,751,602
559.8898999742232,4095,0,683,561
561.6069000097923,3528,0,620,511
562.8911000094377,2311,0,583,477
564.242499996908,1273,2193,802,486
565.3387000202201,454,3571,981,499
567.3039999674074,0,4095,1115,528
568.426100013312,0,4095,1200,556
569.4238999858499,0,4095,1275,590
571.3626000215299,0,4095,1344,620
572.4850000115111,2094,311,1023,603
574.5531999855302,1381,2010,1108,606
576.3191999867558,779,2903,1181,607
577.5536000146531,228,4095,1302,624
578.6844000103883,0,4095,1357,641
580.2815000060946,0,4095,1406,666
581.3127000001259,0,4095,1451,689
583.3071999950334,0,4095,1491,720
584.4771999982186,33,4095,1533,750
586.61120000761,1424,4095,1570,779
587.9081999883056,2524,1513,1295,756
589.4827999873087,3504,271,1089,731
590.6154999975115,4095,0,958,694
591.8893999769352,4095,0,858,656
593.5125999967568,4095,0,774,618
594.82170001138,4095,0,705,576
595.7082000095397,4095,0,640,533
597.2894000005908,2640,0,582,486
598.4682000125758,1611,1571,748,482
600.3641000133939,691,3071,926,496
601.4920999878086,4095,0,935,583
602.5911999749951,4095,0,831,560
604.3627000181004,4095,0,738,532
605.4430999793112,4095,0,663,496
606.5722000203095,3567,0,598,464
608.3266999921761,2311,0,579,441
609.6247999812476,1294,2229,791,451
611.3834999850951,465,3640,975,477
612.5131999724545,0,4095,1104,499
613.5582000133581,0,4095,1190,537
615.40219996823,0,4095,1264,571
617.0933999819681,0,4095,1328,606
618.3368000201881,0,4095,1392,643
619.5424000034109,1080,4095,1455,686
621.2880000239238,2240,2113,1254,683
622.4449999863282,3222,587,1057,661
624.4755000225268,4095,0,902,638
625.5201000021771,4095,0,816,607
626.8160999752581,4095,0,735,571
628.7388000055216,4095,0,671,539
630.0723999738693,4095,0,613,497
631.2603999977,2988,0,560,461
632.3408000171185,1942,511,623,446
633.4097000071779,4095,0,898,546
634.6719000139274,4095,0,799,529
636.471799982246,4095,0,715,501
637.2476000105962,4095,0,650,478
638.3735999697819,4095,0,593,457
640.3183999937028,4095,0,549,429
641.384000016842,2649,0,496,400
642.5663999980316,1601,1559,674,407
644.3857999984175,697,3050,861,432
645.5858999979682,0,4095,1023,461
647.371299972292,0,4095,1125,495
648.9678000216372,0,4095,1211,533
650.0359000056051,0,4095,1282,572
651.4322999864817,0,4095,1345,611
652.2591999964789,625,4095,1409,653
654.4475000118837,1856,3152,1328,667
656.4450999721885,2893,1040,1106,656
657.3582999990322,3952,0,918,627
658.2958999788389,4095,0,828,603
660.3368999785744,4095,0,749,573
661.427500017453,4095,0,679,540
662.4946999945678,4095,0,624,501
664.4073000061326,3509,0,571,464
665.7906000036746,2282,0,557,438
667.0511999982409,4095,0,895,547
667.9751999909058,4095,0,797,530
669.2853000131436,4095,0,714,499
670.5175000242889,4095,0,646,480
671.7147000017576,4095,0,597,458
673.4810000052676,4095,0,551,432
674.6243999805301,2990,0,499,403
675.7356000016443,1931,705,592,400
677.4544999934733,951,2629,789,418
678.6716000060551,198,4095,989,449
680.4084000177681,0,4095,1094,479
681.5489999717101,0,4095,1180,511
683.2649999996647,0,4095,1258,558
684.2851999681443,0,4095,1326,593
685.4606000124477,77,4095,1391,640
687.5019000144675,1467,4095,1423,672
689.5543999853544,2559,1422,1168,657
690.8645000075921,3565,213,976,640
691.9211000204086,4095,0,858,613
693.481799971778,4095,0,773,586
694.6291999774985,4095,0,703,553
695.7290999707766,4095,0,642,524
697.3818999831565,4095,0,586,477
699.367200024426,2804,1149,1042,569
700.4957000026479,3467,347,895,555
701.5167999779806,4095,0,778,531
702.5436999974772,4095,0,701,508
704.3513999669813,4095,0,642,487
705.4461999796331,4095,0,593,464
706.4989000209607,4095,0,553,439
708.3220999920741,3472,0,502,411
709.4109000172466,2266,0,492,391
711.256799986586,1241,2222,722,407
712.4491999857128,425,3602,912,434
713.6062000063248,0,4095,1049,464
715.3785999980755,0,4095,1143,497
716.4927999838255,0,4095,1229,542
718.2758999988437,0,4095,1295,579
719.5887999841943,0,4095,1360,620
721.3174999924377,1074,4095,1424,663
722.2822000039741,2225,2128,1232,660
724.3166000116616,3201,635,1040,643
725.4233999992721,4095,0,885,623
726.5924999956042,4095,0,795,592
728.3594000036828,4095,0,720,561
729.4473000220023,0,4095,1362,607
731.3109000097029,959,4095,1418,639
732.9977999906987,1763,3359,1331,641
734.3285999959335,2590,1424,1141,627
735.4484999668784,3568,223,955,611
737.353099975735,4095,0,841,592
738.4242999833077,4095,0,757,567
739.5613999688067,4095,0,688,538
741.2836999865249,4095,0,630,501
742.4446999793872,4095,0,577,466
743.7722000177018,2622,0,528,432
745.4443000024185,1591,1566,695,436
746.6929000220262,688,3043,880,455
748.2646999997087,0,4095,1046,481
749.6430000173859,0,4095,1139,510
750.7855999865569,0,4095,1220,547
752.3511999752373,0,4095,1294,582
753.8248000200838,0,4095,1357,623
755.4227000218816,626,4095,1419,661
756.6877999925055,1884,3053,1324,675
758.3195000188425,2929,1008,1105,656
759.3649000045843,0,4095,1391,624
761.3911000080407,0,4095,1427,645
762.5042999861762,0,4095,1459,661
764.3755999743007,0,4095,1488,678
765.5522999702953,0,4095,1525,719
767.3206999897957,1072,4095,1571,754
768.5645999736153,2235,2075,1349,745
770.2550999820232,3211,609,1141,720
771.5700999833643,4095,0,975,688
773.3334000222385,4095,0,878,656
774.9676000094041,4095,0,787,618
776.285599975381,4095,0,717,577
777.4156000232324,4095,0,653,540
778.5465000197291,2940,0,592,489
779.3393000029027,1915,793,674,474
781.4179999986663,917,2674,862,485
782.7902999706566,199,4095,1056,508
784.3564000213519,0,4095,1149,535
785.4508999735117,0,4095,1231,563
786.810300021898,0,4095,1298,594
788.5127000045031,0,4095,1360,630
789.6372000104748,1701,1366,1131,607
791.5052999742329,1040,2547,1194,615
793.4391999733634,508,3440,1277,623
794.6197999990545,0,4095,1354,635
795.7517000031658,0,4095,1399,656
797.4098999984562,0,4095,1443,683
798.3902000123635,0,4095,1479,707
800.2547000069171,0,4095,1520,737
801.393800007645,659,4095,1567,768
803.4136000205763,1879,3055,1447,773
804.6566999983042,2915,1003,1216,752
806.3928000046872,4006,0,1013,717
807.5273999711499,4095,0,912,681
808.5904999752529,4095,0,821,640
810.3365999995731,4095,0,745,598
811.4201999851502,4095,0,677,560
812.5646999687888,3444,0,617,511
814.3039999995381,2257,0,592,479
815.6518000178039,1243,2238,805,483
817.3820999800228,427,3641,988,499
818.4486000100151,4095,0,932,576
819.6353000239469,4095,0,825,557
821.4673000038601,4095,0,736,528
822.8031999897212,4095,0,659,492
824.0518000093289,2937,0,593,459
825.4746000166051,1889,875,685,453
826.9481000024825,902,2706,867,465
828.5157000063919,172,4095,1059,493
829.748300020583,0,4095,1149,525
830.4903999669477,0,4095,1231,559
832.3502999846824,0,4095,1298,590
833.5994000080973,0,4095,1361,624
835.4452999774367,137,4095,1422,662
836.3789999857545,1496,4095,1459,695
838.7499999953434,2589,1483,1201,686
840.4884000192396,3583,242,1007,656
841.863400011789,4095,0,883,635
843.0715000140481,4095,0,798,601
844.3983999895863,4095,0,720,567
845.2978999703191,4095,0,656,532
846.3420000043698,4095,0,598,490
847.3396999761462,2608,0,547,452
849.3002000031993,1584,1703,728,455
850.4566000192426,4095,0,904,560
852.3329999879934,4095,0,803,540
853.4816000028513,4095,0,715,505
854.5608000131324,4095,0,647,482
856.3882000162266,4095,0,592,459
857.7094000065699,3444,0,543,430
858.8297999813221,2255,0,528,406
860.4354999843054,1233,2233,748,423
861.3080999930389,426,3631,936,448
863.2813000003807,0,4095,1071,474
864.2891999916174,0,4095,1161,507
865.6055000028573,0,4095,1237,551
867.3907999764197,0,4095,1306,583
868.4996999800205,0,4095,1370,626
870.3571999794804,1088,4095,1433,669
871.6614000150003,2254,2034,1232,663
873.3101999969222,3229,579,1040,649
874.3018999812193,4095,0,888,623
876.3419999741018,4095,0,798,593
877.4112000246532,4095,0,720,560
878.4202000242658,4095,0,656,529
880.2999000181444,4095,0,603,489
881.5007000230253,2917,0,549,451
883.243800024502,3524,270,935,554
884.3837999738753,4095,0,816,539
885.3537999675609,4095,0,731,510
886.5527000161819,4095,0,659,485
888.2670999737456,4095,0,611,466
889.5933000021614,4095,0,564,443
890.7337000127882,4095,0,511,417
891.8478999985382,2590,0,475,387
893.296999973245,1535,1614,661,400
894.3157999892719,649,3065,848,423
896.3537000236101,0,4095,1014,451
897.6063000154682,0,4095,1115,483
899.5161000057124,0,4095,1200,528
900.8150000008754,0,4095,1273,562
902.1821999922395,0,4095,1341,603
903.3903999952599,688,4095,1405,646
905.359199969098,1909,2907,1297,658
906.4290999667719,2943,958,1087,646
907.7276000170968,4016,0,903,623
909.3093000119552,4095,0,815,597
910.3596999775618,4095,0,735,563
911.7282999795862,4095,0,667,534
913.4261999861337,4095,0,611,496
914.6968999993987,2160,2269,1151,582
916.4420000161044,2846,1067,1001,573
917.4846999812871,3494,282,856,550
919.3949999753386,4095,0,753,530
920.4581999802031,4095,0,688,510
921.5262000216171,4095,0,633,486
923.3761000214145,4095,0,583,461
924.5362000074238,4095,0,541,433
925.4998000105843,2928,0,492,402
927.4293999769725,1877,848,600,400
928.7130999728106,911,2715,800,419
930.3531000041403,165,4095,991,448
931.4777000108734,0,4095,1094,478
932.572000019718,0,4095,1182,511
934.3682000180706,0,4095,1259,558
935.492999968119,0,4095,1325,594
937.409000005573,175,4095,1391,640
938.5884000221267,1534,4095,1424,675
940.7357000163756,2633,1464,1174,659
942.4912999966182,3639,253,977,639
943.7385000055656,4095,0,863,615
944.9039999744855,0,4095,1364,609
946.6201000032015,0,4095,1410,636
947.8876999928616,0,4095,1451,656
949.495900014881,707,4095,1491,685
950.7537999888882,1917,2934,1374,699
952.7114999946207,2951,943,1150,684
953.9109999896027,4016,0,958,656
955.336700018961,4095,0,859,627
956.4184999908321,4095,0,773,594
957.6023999834433,4095,0,704,560
958.7716999812983,4095,0,641,525
960.4285000241362,3429,0,581,478
961.7100000032224,2240,0,563,450
963.4292999980971,1207,2275,784,461
964.6069000009447,402,3662,965,480
965.8170000184327,0,4095,1092,499
967.5606000237167,0,4095,1180,537
969.0098999999464,0,4095,1259,567
970.3422000166029,0,4095,1325,603
971.5387999895029,0,4095,1390,643
973.4024999779649,1159,4095,1449,687
974.7704999754205,2301,1920,1233,676
976.4578000176698,0,4095,1399,633
977.7809000224806,0,4095,1435,653
978.8892000215128,0,4095,1467,666
980.4390000062995,0,4095,1492,687
982.2253999882378,0,4095,1525,720
983.4524000179954,166,4095,1566,752
984.7773999790661,1534,4095,1558,777
986.7151000071317,2640,1346,1281,753
988.2261999882758,3613,165,1076,720
989.3167999689467,4095,0,947,690
990.3604999999516,4095,0,850,653
992.262199986726,4095,0,770,612
993.5022999998182,4095,0,698,571
994.8536999872886,4095,0,633,528
995.9515000227839,2559,0,576,479
997.4507999722846,1514,1693,752,480
998.7066999892704,635,3119,927,493
1000.5090999766253,0,4095,1088,511
1001.82780000614,0,4095,1174,545
1003.2831999706104,0,4095,1254,572
1004.2952999938279,0,4095,1321,605
1005.4420999949798,2297,0,957,591
1007.4482000200078,1598,1641,1050,590
1009.2351000057533,948,2687,1127,590
1010.5382999754511,403,3755,1234,597
1011.8050000164658,0,4095,1311,619
1013.3721000165679,0,4095,1366,640
1014.6162000019103,0,4095,1417,668
1016.3138000061736,0,4095,1458,697
1017.40080001764,0,4095,1504,725
1019.2845999845304,1142,4095,1555,765
1020.5596999730915,2297,2027,1331,749
1022.3029999760911,3279,578,1126,721
1023.3081000042148,4095,0,963,688
1024.6018000179902,4095,0,868,656
1026.5520999673754,4095,0,784,615
1027.7475999901071,4095,0,709,576
1028.8284000125714,4095,0,649,533
1030.536599981133,2914,0,589,488
1031.8604999920353,1872,962,689,474
1033.2546000136063,898,2761,876,485
1034.3207999831066,182,4095,1063,509
1036.269899981562,4095,0,941,581
1037.3526000184938,4095,0,831,560
1038.4556999779306,4095,0,737,528
1039.446400012821,4095,0,656,487
1041.3503000163473,2557,0,592,455
1042.439299984835,1517,1785,772,463
1044.3889999878593,640,3170,944,477
1045.5249000224285,0,4095,1095,502
1047.2937999875285,0,4095,1183,538
1048.6945000011474,0,4095,1263,567
1049.337700009346,0,4095,1327,599
1051.3085999991745,0,4095,1387,640
1052.4763999856077,688,4095,1445,681
1054.4550999766216,1945,2896,1329,688
1055.6644999887794,2973,915,1113,673
1057.3419000138529,4061,0,931,644
1058.5008999914862,4095,0,839,617
1059.811000013724,4095,0,756,583
1061.4955999772064,4095,0,688,553
1062.6956999767572,4095,0,630,510
1063.871000020299,3386,0,576,470
1065.5127000063658,2224,6,576,447
1066.873800009489,1204,2304,786,457
1068.012700008694,4095,0,901,554
1069.4782999926247,4095,0,799,530
1070.7047000178136,4095,0,715,500
1071.3360999943689,4095,0,641,477
1073.3053999720141,4095,0,589,450
1074.3889000150375,2926,0,533,421
1075.7438999717124,1882,942,640,419
1077.5037999846973,894,2757,830,435
1079.213700024411,171,4095,1019,464
1080.2796999923885,0,4095,1117,493
1081.3122999970801,0,4095,1200,531
1083.3364999853075,0,4095,1271,566
1084.658399980981,0,4095,1339,604
1086.241799988784,240,4095,1402,644
1087.5515000079758,1571,4095,1417,676
1089.2920999904163,2651,1381,1168,660
1090.3263000072911,3648,188,971,639
1092.2733999905176,4095,0,861,615
1093.319799983874,4095,0,774,586
1094.3968999781646,4095,0,702,553
1096.2113999994472,4095,0,641,511
1097.3069000174291,4095,0,589,476
1099.2800000240095,2879,1062,1023,568
1100.689799990505,3559,264,877,549
1102.0577999879606,4095,0,768,528
1103.3407999784686,4095,0,691,502
1104.5679000089876,4095,0,635,483
1106.0920999734662,4095,0,589,461
1107.3118000058457,4095,0,545,434
1108.4780999808572,3305,0,498,405
1109.29519997444,2192,4,505,390
1111.2532999832183,1170,2289,731,405
1112.2870999970473,373,3701,919,433
1114.3465000204742,0,4095,1055,464
1115.8027999917977,0,4095,1145,495
1116.2894999724813,0,4095,1225,537
1118.2897000107914,0,4095,1294,576
1119.5642999955453,0,4095,1360,618
1121.346200001426,1149,4095,1424,659
1122.7369999978691,2319,1872,1201,653
1124.4680000236258,3302,498,1009,635
1125.6214000168256,4095,0,871,611
1127.240800007712,4095,0,784,585
1128.3166999928653,4095,0,709,553
1129.3262999970466,26,4095,1356,597
1131.3126999884844,1035,4095,1411,630
1133.2924999878742,1823,3152,1310,629
1134.3152999761514,2647,1349,1129,619
1136.299700010568,3632,179,938,602
1137.4995000078343,4095,0,829,585
1138.324500003364,4095,0,747,561
1140.2126000029966,4095,0,678,528
1141.294899978675,4095,0,623,493
1142.591000010725,4029,0,569,458
1144.2357000196353,2534,0,511,424
1145.5459999851882,1489,1823,716,432
1147.3629000247456,631,3203,895,451
1148.6513999989256,0,4095,1050,479
1149.87869997276,0,4095,1142,505
1151.3820000109263,0,4095,1226,546
1152.5474999798462,0,4095,1295,578
1154.2569000157528,0,4095,1357,622
1155.3105000057258,752,4095,1418,659
1157.3817000025883,1978,2766,1295,670
1158.363799971994,0,4095,1391,629
1160.3318999987096,0,4095,1424,645
1161.275599966757,0,4095,1457,659
1162.607999984175,0,4095,1487,683
1164.4506999873556,0,4095,1518,711
1166.230299975723,0,4095,1535,745
1167.3481999896467,1169,4095,1595,781
1168.3180999825709,2323,1836,1343,762
1170.4411000246182,3284,464,1133,734
1171.5620000031777,4095,0,977,700
1173.2987000141293,4095,0,879,663
1174.3921000161208,4095,0,792,623
1175.6153000169434,4095,0,719,580
1176.3118000235409,4095,0,653,542
1178.4379999735393,2876,0,592,492
1179.715699981898,1825,982,692,477
1181.3415000215173,856,2768,880,487
1182.3922999901697,125,4095,1066,508
1184.2964999959804,0,4095,1155,535
1185.4140000068583,0,4095,1233,565
1186.7308000219055,0,4095,1301,594
1188.4044000180438,0,4095,1366,630
1190.2333999751136,1655,1531,1140,607
1191.4398000226356,976,2647,1203,611
1193.359499971848,464,3556,1286,621
1194.4290000246838,0,4095,1358,631
1195.636500022374,0,4095,1405,656
1197.434699977748,0,4095,1446,681
1199.3048000149429,0,4095,1486,707
1200.5063999677077,0,4095,1520,736
1201.6796999960206,759,4095,1569,768
1203.4418999683112,1983,2775,1421,767
1204.612699977588,3011,899,1197,743
1206.265099986922,4095,0,1006,706
1207.412799994927,4095,0,903,672
1208.588299981784,4095,0,815,635
1210.3257999988273,4095,0,735,592
1211.694500001613,4095,0,671,556
1212.6846999744885,3339,0,608,502
1214.2702999990433,2194,112,613,477
1215.557700023055,1179,2349,816,480
1217.368500016164,384,3779,999,502
1218.6750000109896,4095,0,926,570
1219.8323999764398,4095,0,819,546
1221.2178999907337,4095,0,726,511
1222.3318999749608,4095,0,654,481
1223.4034999855794,2864,0,585,450
1225.363700010348,1827,1052,691,448
1226.3821000233293,871,2786,876,464
1228.579799993895,138,4095,1056,488
1229.3216999969445,0,4095,1149,511
1231.3174000009894,0,4095,1230,555
1232.3669000179507,0,4095,1296,586
1233.4191999980249,0,4095,1360,621
1235.6148000108078,220,4095,1421,659
1237.2514000162482,1584,4095,1424,688
1238.3678000187501,2666,1330,1171,673
1240.2576999738812,3675,135,974,647
1241.4801999693736,4095,0,864,624
1242.713299987372,4095,0,780,592
1244.3220000131987,4095,0,705,560
1245.2852000133134,4095,0,646,511
1246.3591999839991,4063,0,587,480
1248.294299992267,2519,0,535,441
1249.7125000227243,1485,1804,725,448
1250.9092999971472,4095,0,887,542
1252.2528999834321,4095,0,787,526
1253.5623000003397,4095,0,704,496
1254.408999986481,4095,0,634,467
1256.3161000143737,4095,0,582,447
1257.5533000053838,3325,0,533,419
1258.7604000000283,2191,0,526,399
1260.294099978637,1162,2277,747,416
1261.7318999837153,371,3651,929,442
1263.6123999836855,0,4095,1066,469
1264.8795999702998,0,4095,1153,503
1265.8709000097588,0,4095,1232,546
1267.2898999881,0,4095,1302,581
1268.4433999820612,0,4095,1365,624
1270.4927999875508,1199,4095,1429,665
1272.306099999696,2346,1737,1195,656
1273.6054999986663,3316,427,1002,635
1274.8417999828234,4095,0,869,611
1276.3491999940015,4095,0,783,587
1277.6359000126831,4095,0,709,553
1278.8835000246763,4095,0,645,511
1280.4099000059068,4095,0,592,479
1281.714299984742,2848,0,539,443
1283.142999978736,3569,240,919,544
1284.3947000219487,4095,0,806,529
1285.282399971038,4095,0,720,503
1286.5154999890365,4095,0,651,479
1288.3299000095576,4095,0,598,459
1289.4656999851577,4095,0,559,437
1290.842699992936,3963,0,509,411
1292.2777999774553,2497,0,466,384
1293.8931999960914,1466,1869,685,400
1295.1389999943785,593,3254,869,424
1296.4716000133194,0,4095,1019,449
1297.7020000107586,0,4095,1119,483
1299.2440999951214,0,4095,1202,527
1300.2956999698654,0,4095,1271,560
1301.4524999889545,0,4095,1339,603
1303.4171999897808,794,4095,1405,646
1305.3805999807082,1994,2673,1269,656
1306.6309000132605,3009,854,1070,639
1308.254899980966,4095,0,896,616
1309.4976000138558,4095,0,807,592
1310.2797999745235,4095,0,726,560
1311.3813999807462,4095,0,661,528
1313.4295999770984,4095,0,607,488
1314.6203000214882,2194,2101,1127,574
1316.2267999723554,2864,1005,982,562
1317.3407000140287,3516,248,841,538
1319.3567999987863,4095,0,743,511
1320.863000000827,4095,0,677,497
1322.1205999725498,4095,0,624,477
1323.42620001873,4095,0,575,452
1324.634300020989,4095,0,531,426
1325.6382999825291,2838,0,482,399
1327.316700015217,1808,1197,626,400
1328.4890999784693,848,2850,816,418
1330.4525999701582,114,4095,999,448
1331.7877000081353,0,4095,1101,478
1333.272100018803,0,4095,1186,511
1334.882099996321,0,4095,1261,555
1336.1554999719374,0,4095,1326,592
1337.5026999856345,254,4095,1392,634
1339.194200001657,1614,4095,1395,663
1340.3003999846987,2697,1313,1150,654
1342.2395000234246,3723,112,954,628
1343.302799970843,0,4095,1366,608
1344.3292999872938,0,4095,1408,625
1346.389200014528,0,4095,1445,646
1347.7374999783933,0,4095,1481,672
1349.3276999797672,757,4095,1523,718
1350.536199985072,1993,2559,1364,719
1352.5109000038356,3007,816,1150,695
1353.7187000038102,4085,0,969,670
1355.3505999734625,4095,0,869,640
1356.7600999958813,4095,0,784,604
1358.270199969411,4095,0,713,569
1359.5272999955341,4095,0,650,529
1360.8711999841034,3250,0,591,483
1362.0926999719813,2159,14,583,459
1363.3241999777965,1141,2325,797,464
1364.28799998248,353,3760,979,484
1366.2696999963373,0,4095,1104,505
1367.455500003416,0,4095,1190,541
1368.6759999836795,0,4095,1264,572
1370.7683999673463,0,4095,1328,605
1372.4220999865793,0,4095,1391,645
1373.8006000057794,1214,4095,1454,685
1375.1026000245474,222,4095,1401,643
1376.4011000166647,0,4095,1435,656
1377.6309000095353,0,4095,1462,666
1379.2445000144653,0,4095,1488,687
1380.4595000110567,0,4095,1518,714
1381.4920000149868,0,4095,1535,741
1383.4141999832354,272,4095,1586,773
1385.277799970936,1611,3875,1534,786
1386.713800020516,2689,1250,1277,763
1388.3548000012524,3702,89,1071,730
1389.3414000049233,4095,0,947,694
1390.491199970711,4095,0,852,656
1392.2849000082351,4095,0,769,614
1393.3208999806084,4095,0,699,575
1394.3092999979854,3985,0,634,528
1396.2963999947533,2482,0,576,479
1397.5715999840759,1453,1904,775,485
1399.2762999841943,576,3318,955,498
1400.4818000248633,0,4095,1098,511
1401.3022999861278,0,4095,1184,549
1403.4298000042327,0,4095,1262,576
1404.7321999678388,3381,0,944,587
1405.9388000168838,2559,0,820,553
1407.3938999790698,1872,944,880,543
1408.7436000118032,1109,2450,989,546
1410.397199972067,315,3947,1154,565
1411.6252000094391,0,4095,1241,582
1413.3662999956869,0,4095,1307,606
1414.6875999867916,0,4095,1363,635
1416.2297999719158,0,4095,1415,665
1417.4000999773853,0,4095,1463,697
1419.3273999844678,1217,4095,1519,735
1420.3175000147894,2372,1873,1285,720
1422.3311999812722,3341,511,1088,693
1423.237600014545,4095,0,935,663
1424.3268999853171,4095,0,839,629
1425.7046999991871,4095,0,755,592
1427.4624999961816,4095,0,689,560
1428.7402000045404,4095,0,627,511
1430.2730999770574,2861,0,569,469
1431.8177999812178,1816,1143,690,464
1433.262399979867,862,2812,870,473
1434.4683000235818,133,4095,1053,495
1435.6915999669582,4095,0,919,567
1437.3504999675788,4095,0,816,545
1438.4644000092521,4095,0,721,509
1439.3873999943025,3891,0,642,479
1441.3191999774426,2479,0,578,446
1442.7540000178851,1433,1781,762,457
1444.3268000031821,576,3179,931,469
1445.59700001264,0,4095,1087,496
1446.2776000145823,0,4095,1169,528
1448.4057999798097,0,4095,1250,560
1450.5389999831095,0,4095,1313,592
1451.8653000122868,0,4095,1373,629
1453.1289999722503,768,4095,1437,672
1454.656400019303,1995,2585,1287,675
1455.9955999720842,3010,842,1085,656
1457.258099981118,4095,0,912,632
1458.4799999720417,4095,0,819,602
1459.7080000094138,4095,0,739,571
1461.396099999547,4095,0,673,541
1462.7051000134088,4095,0,617,498
1463.9015999855474,3201,0,560,462
1465.6111000222154,2114,222,589,437
1466.8629000079818,4095,0,881,544
1468.1318000075407,4095,0,785,527
1469.7402999736369,4095,0,702,495
1470.2608999796212,4095,0,634,473
1471.3218999677338,4095,0,583,450
1472.3407999845222,4095,0,540,426
1474.2680999916047,2819,0,486,398
1475.354399997741,1776,1188,626,400
1477.3749000160024,834,2830,816,418
1478.6624999833293,122,4095,995,448
1480.5863000219688,0,4095,1099,475
1482.1334999869578,0,4095,1180,511
1483.7915999814868,0,4095,1258,554
1485.2267999667674,0,4095,1323,592
1486.5424999734387,317,4095,1389,631
1487.8437999868765,1639,3871,1361,656
1489.3424999900162,2715,1230,1127,644
1490.596599993296,3723,64,932,622
1491.7895999969915,4095,0,832,595
1493.338699976448,4095,0,751,570
1494.575899967458,4095,0,683,535
1495.78160000965,4095,0,624,498
1497.2406000015326,3920,0,567,463
1498.343000013847,2468,0,511,423
1499.3981000152417,3974,0,879,533
1501.2554000131786,4095,0,781,511
1502.3645000183024,4095,0,699,489
1503.4600999788381,4095,0,635,464
1504.759199975524,4095,0,586,448
1506.3378000049852,4095,0,542,424
1507.621199998539,3242,0,494,396
1509.2789999907836,2134,298,541,387
1510.6574000092223,1125,2457,752,402
1512.284099997487,335,3999,950,433
1513.3250000071712,0,4095,1066,462
1514.322799979709,0,4095,1155,496
1516.2288999999873,0,4095,1231,539
1517.2641000244766,0,4095,1296,576
1518.4556000167504,0,4095,1362,617
1520.4902999685146,1245,4095,1426,657
1522.5379000185058,2374,1862,1203,651
1523.9790999912657,3345,499,1012,631
1525.3199000144377,4095,0,874,609
1526.6482000006363,4095,0,784,582
1527.922999986913,4095,0,708,550
1529.3513999786228,4095,0,646,511
1531.2349000014365,4095,0,592,476
1532.6980999670923,2599,1398,1053,561
1534.1408000094816,3239,565,912,545
1535.3747999761254,3984,0,781,527
1536.6390999988653,4095,0,703,498
1537.9500999697484,4095,0,640,480
1538.246700016316,4095,0,592,461
1539.3801999744028,4095,0,550,435
1541.234300006181,3887,0,501,404
1542.3948999959975,2469,0,464,379
1544.3206999916583,1433,1853,675,397
1545.406199991703,576,3227,859,417
1546.5356999775395,0,4095,1011,444
1548.28579997411,0,4095,1113,474
1549.3489999789745,0,4095,1198,511
1551.2517999741249,0,4095,1269,560
1552.3162999888882,0,4095,1335,598
1554.2732999892905,832,4095,1399,642
1555.5727999890223,2038,2454,1247,646
1557.258400018327,3049,785,1050,631
1558.2556999870576,4095,0,881,607
1559.680100006517,4095,0,791,581
1561.5099999704398,4095,0,716,554
1562.975600012578,0,4095,1335,589
1564.3919999711215,644,4095,1392,620
1565.7638999982737,1490,4095,1404,635
1567.5715999677777,2395,1744,1182,624
1568.753600004129,3367,443,997,612
1570.425099984277,4095,0,859,592
1571.270500018727,4095,0,772,566
1572.5880999816582,4095,0,701,539
1574.4579000165686,4095,0,640,502
1575.7766999886371,4095,0,582,465
1577.6116999913938,2795,0,531,432
1578.9537000237033,1759,1301,672,432
1580.2680000197142,813,2898,851,449
1581.5982000203803,78,4095,1023,473
1582.3800999787636,0,4095,1124,498
1584.511399967596,0,4095,1206,535
1585.903299972415,0,4095,1277,570
1587.199600005988,0,4095,1341,608
1588.4918000083417,351,4095,1402,645
1590.503900020849,1664,3916,1379,672
1591.985700011719,2734,1242,1141,656
1593.3194999815896,0,4095,1382,619
1594.5542000117712,0,4095,1421,635
1595.8811999880709,0,4095,1454,655
1597.4059000145644,0,4095,1483,670
1598.3871999778785,0,4095,1516,710
1600.4028000170365,845,4095,1559,744
1601.3601999729872,2035,2509,1385,739
1603.709799994249,3056,791,1168,720
1605.091799981892,4095,0,983,688
1606.4217999810353,4095,0,881,656
1607.6326000038534,4095,0,795,615
1609.2044999822974,4095,0,720,576
1610.5450000031851,4095,0,656,537
1611.8123999913223,3246,0,592,491
1612.9476000205614,2135,229,614,464
1614.3879999872297,1111,2455,823,471
1615.56509998627,354,3918,1005,494
1617.6335000200197,0,4095,1115,511
1619.051199988462,0,4095,1200,546
1620.3094000229612,0,4095,1271,576
1621.6185999801382,0,4095,1334,610
1623.4190000104718,1893,775,1057,586
1624.899499991443,1201,2243,1125,590
1626.3897999888286,646,3094,1200,593
1627.919499995187,75,4095,1307,609
1629.313200013712,0,4095,1360,629
1630.8412000071257,0,4095,1405,656
1632.4936000164598,0,4095,1449,682
1633.847799967043,0,4095,1488,710
1635.2061000070535,333,4095,1531,743
1636.5819000056945,1674,3757,1481,754
1638.4289999841712,2747,1203,1231,733
1639.5461999927647,3771,50,1023,702
1640.478199988138,4095,0,912,669
1642.3342999769375,4095,0,821,629
1643.5179999680258,4095,0,742,592
1644.4139999803156,4095,0,674,555
1646.2315999669954,3857,0,613,503
1647.368900012225,2449,0,560,464
1648.6733999918215,1424,1963,763,468
1650.3942999988794,560,3377,945,487
1651.6748999711126,4095,0,912,560
1653.3422999782488,4095,0,806,540
1654.651599994395,4095,0,720,505
1656.051199999638,4095,0,642,474
1657.8639000072144,3168,0,578,444
1659.2622000025585,2090,336,613,431
1660.2009999915026,1072,2489,816,446
1661.334500007797,291,4022,1004,468
1662.3216000152752,0,4095,1110,494
1664.2515999847092,0,4095,1195,530
1665.281799971126,0,4095,1265,562
1667.3034999985248,0,4095,1330,596
1668.620100012049,0,4095,1392,638
1670.318899967242,1289,4095,1453,678
1671.917299972847,2412,1782,1217,667
1673.293499974534,3386,448,1022,644
1674.5657999999821,4095,0,881,622
1675.8245999808423,4095,0,793,592
1677.3451999761164,4095,0,719,559
1678.680400014855,4095,0,655,527
1679.94230001932,4095,0,595,483
1681.3327000127174,2790,0,542,447
1682.7181999688037,1767,1207,672,442
1684.2467000242323,4095,0,881,541
1685.6527000200003,4095,0,784,511
1687.0863999938592,4095,0,698,490
1688.6621000012383,4095,0,631,465
1689.9272999726236,4095,0,580,445
1691.0263000172563,3792,0,529,416
1692.3504999722354,2444,0,481,389
1693.8719999743626,1407,1961,701,403
1695.588400005363,560,3325,885,429
1696.9658000161871,0,4095,1034,455
1698.2870000065304,0,4095,1125,488
1699.2511000134982,0,4095,1206,528
1700.5155999795534,0,4095,1279,563
1701.849700009916,0,4095,1345,603
1703.4304999979213,848,4095,1408,644
1705.3082999773324,2044,2523,1260,649
1706.884799990803,3040,823,1061,634
1707.8337999992073,4095,0,890,611
1709.3598999781534,4095,0,799,587
1710.519700020086,4095,0,720,558
1711.917500011623,4095,0,656,525
1713.4041999815963,4095,0,599,485
1714.5097000175156,3213,0,547,446
1715.2994999778457,3305,471,938,542
1717.3007000237703,4095,0,803,527
1718.3573999791406,4095,0,721,499
1719.643399992492,4095,0,655,479
1721.3089999859221,4095,0,599,458
1722.3178999847732,4095,0,558,434
1723.4731999924406,4095,0,510,410
1724.739099969156,2791,0,466,382
1726.5100000076927,1763,1130,606,386
1728.2684000092559,807,2826,798,407
1729.5252999756485,103,4095,979,433
1730.2656000247225,0,4095,1085,465
1732.2854999802075,0,4095,1168,502
1733.2857999717817,0,4095,1243,545
1735.2593999821693,0,4095,1311,583
1736.3242999999784,399,4095,1378,625
1738.286199979484,1694,3654,1338,647
1739.363599976059,2772,1171,1109,636
1741.383099986706,3783,37,913,613
1742.7080000052229,4095,0,817,591
1744.0005000098608,4095,0,739,560
1745.3061999985948,4095,0,669,528
1746.767800010275,719,4095,1345,589
1748.4033000073396,1589,4095,1346,607
1750.290700001642,2320,1925,1157,594
1751.7013999749906,3069,791,997,578
1753.1747000175528,4095,0,842,563
1754.7693999949843,4095,0,757,546
1756.1288999859244,4095,0,688,511
1757.5582999852486,4095,0,627,487
1758.9009000221267,4095,0,575,458
1760.382100008428,3115,0,526,425
1761.7983000236563,2070,325,567,407
1762.2572999680415,1066,2459,773,423
1763.4047999745235,295,3921,960,449
1765.3434000094421,0,4095,1077,475
1766.405600006692,0,4095,1164,505
1768.2507999707013,0,4095,1236,547
1769.6137999882922,0,4095,1306,582
1770.9062999929301,0,4095,1368,624
1772.7147999685258,1303,4095,1431,662
1774.2815000237897,2430,1691,1189,653
1775.3952000057325,3394,403,997,629
1776.5694999834523,0,4095,1365,607
1778.2509999815375,0,4095,1407,624
1779.2800000170246,0,4095,1442,643
1781.3556999899447,0,4095,1475,663
1782.796400017105,372,4095,1519,706
1784.4584999838844,1686,3682,1458,723
1786.2946999957785,2747,1192,1215,706
1787.811900023371,3763,29,1007,675
1789.231100003235,4095,0,897,650
1790.8754000090994,4095,0,811,613
1792.2486999887042,4095,0,730,576
1793.636200018227,4095,0,664,538
1794.22009998234,3726,0,599,495
1795.2943000127561,2415,0,549,454
1796.8004000140354,1393,1981,753,463
1798.5140000237152,534,3381,939,478
1799.967699975241,0,4095,1077,497
1801.2836999841966,0,4095,1167,528
1802.6050999760628,0,4095,1243,560
1804.1477000224404,0,4095,1307,592
1805.239100009203,0,4095,1370,627
1806.6954999812879,1187,2350,1211,603
1808.4154999814928,619,3247,1281,615
1810.2875999757089,146,4095,1364,624
1811.4116999786347,0,4095,1399,639
1812.4920999980532,0,4095,1438,665
1814.3576000002213,0,4095,1473,689
1815.6841999734752,0,4095,1507,720
1817.3037000233307,0,4095,1535,750
1818.535799975507,1311,4095,1589,779
1820.3085999703035,2432,1744,1328,752
1821.5336999855936,3414,432,1120,722
1823.2866000034846,4095,0,969,691
1824.2970000137575,4095,0,869,655
1825.3635999863036,4095,0,782,610
1827.2992999991402,4095,0,708,573
1828.2505000242963,4095,0,643,528
1829.6375999925658,2769,0,581,482
1831.4106999896467,1732,1329,719,474
1833.0525999772362,787,2905,891,484
1835.1106999907643,67,4095,1068,503
1836.5525999688543,4095,0,921,569
1837.8377999761142,4095,0,816,544
1839.1718000057153,4095,0,721,507
1840.6436999794096,3783,0,643,475
1842.514400021173,2417,0,579,444
1844.0270000137389,1378,1991,784,459
1845.3385999891907,545,3345,953,474
1846.673899970483,0,4095,1092,497
1848.001500009559,0,4095,1181,529
1849.2666999809444,0,4095,1251,563
1850.5274999770336,0,4095,1318,592
1851.0085999732837,0,4095,1375,628
1852.3726999992505,927,4095,1438,671
1853.3868999802507,2113,2371,1267,672
1855.7018999708816,3108,729,1070,650
1857.2217000182718,4095,0,901,625
1858.5437000147067,4095,0,813,594
1859.8546999855898,4095,0,734,563
1861.203700012993,4095,0,663,528
1862.569099990651,4095,0,611,491
1863.5941999964416,3168,0,555,453
1864.9904999765567,2087,347,593,434
1866.3347999681719,1074,2495,798,446
1867.2937999945134,4095,0,880,538
1868.6112000141293,4095,0,780,511
1870.3476000227965,4095,0,695,487
1871.3351999758743,4095,0,627,463
1872.537099989131,4095,0,573,433
1874.315100023523,2721,0,511,406
1876.149700023234,1710,1314,662,411
1877.5479000178166,755,2917,847,432
1878.9947999757715,49,4095,1019,458
1880.407600023318,0,4095,1118,486
1881.2956999754533,0,4095,1200,525
1882.355900015682,0,4095,1270,562
1884.4804000109434,0,4095,1335,598
1885.916500003077,403,4095,1394,640
1887.8948999918066,1701,3570,1349,658
1889.3623999902047,2779,1147,1121,642
1890.4960000072606,3809,0,922,623
1891.5783999837004,4095,0,828,594
1892.9052000166848,4095,0,750,565
1894.4229999906383,4095,0,676,534
1895.774699980393,4095,0,621,496
1896.7062999727204,3691,0,563,459
1898.3268999727443,2392,0,510,426
1899.710099969525,4050,0,870,529
1901.235800003633,4095,0,775,511
1902.7133000199683,4095,0,693,487
1904.0837999782525,4095,0,629,464
1905.399999988731,4095,0,579,446
1906.7538999952376,4095,0,540,422
1907.7930999919772,3184,0,487,393
1908.434999990277,2080,448,557,387
1910.4903999832459,1069,2527,759,401
1912.1093999710865,290,4080,957,432
1913.252199999988,0,4095,1069,460
1914.324300014414,0,4095,1155,496
1915.5657999799587,0,4095,1231,535
1917.433099995833,0,4095,1298,575
1918.8895999686792,0,4095,1360,615
1920.6957999849692,1359,4095,1424,656
1922.3513000179082,2454,1653,1179,645
1923.7693999893963,3441,353,983,624
1925.0816999701783,4095,0,858,601
1926.5517999883741,4095,0,772,574
1927.882599993609,4095,0,697,544
1929.1586999897845,4095,0,639,506
1930.5262999841943,4095,0,582,467
1931.7795999813825,2749,0,529,432
1933.1174999824725,3717,54,881,528
1934.3726999941282,4095,0,783,511
1935.8821000205353,4095,0,700,487
1937.5640000216663,4095,0,633,464
1938.8952999725007,4095,0,583,446
1940.292600018438,4095,0,543,423
1941.6284000035375,3664,0,495,398
1943.0056000128388,2382,0,455,371
1944.7442999808118,1371,1982,684,391
1946.1056999862194,528,3373,869,416
1947.408700012602,0,4095,1012,447
1948.6863000201993,0,4095,1110,477
1949.964799976442,0,4095,1191,511
1951.315300015267,0,4095,1266,557
1952.6308000204153,0,4095,1330,592
1954.0801999974065,914,4095,1395,637
1955.557500012219,2097,2315,1226,641
1957.201300014276,3095,723,1035,624
1958.5009000147693,4095,0,875,605
1959.8178999731317,4095,0,784,576
1961.1218000063673,4095,0,709,546
1962.4495999887586,4095,0,645,506
1963.7747000087984,4095,0,592,474
1965.0933999801055,3101,0,537,438
1966.2440000101924,3344,498,932,535
1967.3973000026308,4095,0,797,511
1968.5967999976128,4095,0,715,495
1969.8962999973446,4095,0,646,473
1971.3779999874532,4095,0,593,451
1972.7861999999732,4095,0,551,431
1974.1058999788947,4095,0,503,402
1975.6050999858417,2750,0,464,374
1977.4726000032388,1716,1379,625,384
1978.9511999697424,782,2934,815,402
1980.3257000166923,77,4095,985,435
1981.6949000232853,0,4095,1088,464
1982.3583000106737,0,4095,1170,500
1983.330900024157,0,4095,1247,541
1984.3338999780826,0,4095,1314,581
1986.6030999692157,492,4095,1379,624
1988.4443000191823,1743,3632,1338,645
1989.955099998042,2806,1181,1106,631
1991.3484000135213,3843,39,912,607
1992.8216999978758,4095,0,818,583
1994.119499984663,4095,0,736,557
1995.5713999806903,4095,0,667,526
1996.9190999981947,4095,0,611,485
1998.3166999882087,1958,2718,1167,562
1999.7739999671467,2685,1296,1009,554
2001.3284999877214,3314,485,876,533
2003.0933999805711,4095,0,752,511
2004.6518999733962,4095,0,686,494
2006.2404000200331,4095,0,626,475
2007.7626999700442,4095,0,576,450
2009.262999985367,4095,0,532,427
2010.630399978254,3095,0,485,398
2012.0711000054143,2041,434,550,385
2013.2670999737456,1046,2528,755,402
2013.6731999809854,273,4075,954,432
2014.3432000186294,0,4095,1061,460
2016.288999991957,0,4095,1152,495
2017.616499972064,0,4095,1229,534
2019.3282999680378,0,4095,1296,573
2022.1582999802195,0,4095,1360,612
2024.5338000240736,1360,4095,1424,651
2026.1706999735907,2481,1633,1174,639
2027.6473999838345,3467,359,981,622
2028.8903000182472,0,4095,1359,595
2029.2414000141434,0,4095,1398,623
2029.5403000200167,0,4095,1438,639
2030.3179000038654,0,4095,1470,658
2032.330300018657,496,4095,1516,702
2034.2279999749735,1744,3439,1437,718
2035.6677999952808,2794,1136,1199,699
2037.3591000097804,3823,7,991,669
2038.698000018485,4095,0,887,642
2039.9037000024691,4095,0,795,604
2040.9886999987066,4095,0,720,566
2042.2973000095226,4095,0,656,528
2043.3788999798708,3664,0,592,483
2044.5535000180826,2361,0,541,448
2046.3545999955386,1344,2041,755,455
2047.6043000235222,497,3402,933,470
2049.3341999826953,0,4095,1072,494
2050.465099979192,0,4095,1162,527
2051.2933999998495,0,4095,1237,558
2053.26979997335,0,4095,1302,592
2054.312199994456,0,4095,1365,624
2056.367399985902,942,4095,1429,662
2057.6685999985784,328,3839,1360,624
2059.3337999889627,0,4095,1409,637
2060.4741999995895,0,4095,1439,646
2062.2071999823675,0,4095,1470,663
2063.3287000237033,0,4095,1498,691
2064.349199994467,0,4095,1525,720
2066.436299995985,0,4095,1566,752
2069.1510000033304,1343,4095,1602,781
2070.849300012924,2475,1648,1328,757
2072.2211999818683,3470,371,1121,726
2073.3559000073,4095,0,975,693
2074.407699983567,4095,0,875,656
2075.4799999995157,4095,0,785,614
2076.3227000134066,4095,0,713,575
2077.2884999751113,4095,0,644,531
2078.277099994011,2726,0,583,481
2080.3918999736197,1703,1507,738,478
2081.627000006847,769,3002,912,489
2083.310700021684,51,4095,1074,507
2084.6904999925755,0,4095,1163,531
2086.3123000017367,0,4095,1237,563
2087.654899980407,3920,0,930,573
2088.7664000038058,2823,0,816,538
2090.3990999795496,2144,45,767,511
2091.3373000221327,1328,2028,907,511
2093.32159999758,491,3405,1071,535
2094.325400015805,0,4095,1185,557
2096.441900008358,0,4095,1259,578
2098.670099978335,0,4095,1323,607
2100.5042999750003,0,4095,1376,634
2102.0988000091165,0,4095,1426,668
2103.9130999706686,934,4095,1485,706
2105.5924000102095,2139,2302,1300,701
2106.450799969025,3126,704,1099,677
2107.6875000144355,4095,0,931,651
2108.7088999920525,4095,0,836,621
2110.0758999818936,4095,0,754,586
2111.3994999905117,4095,0,686,546
2112.0302000199445,4095,0,624,503
2112.614499987103,3081,0,566,465
2114.362899970729,2019,509,624,447
2115.786799986381,1017,2551,818,459
2117.3902999726124,246,4095,1008,479
2118.4642000007443,4095,0,907,558
2120.263300021179,4095,0,800,529
2121.38570001116,4095,0,711,498
2122.2349000163376,4095,0,637,465
2123.360799974762,2718,0,574,434
2125.5644999910146,1682,1430,720,437
2126.932399987709,766,2981,894,457
2128.463400003966,48,4095,1058,479
2130.1011000177823,0,4095,1147,505
2131.3163000158966,0,4095,1223,544
2132.39430001704,0,4095,1294,576
2134.250200004317,0,4095,1357,610
2135.3713999851607,528,4095,1417,651
2137.287000019569,1787,3408,1351,665
2138.3094000048004,2843,1104,1120,649
2140.2860999805853,3895,0,928,624
2141.2665999960154,4095,0,832,598
2142.427899991162,4095,0,751,570
2144.3342000129633,4095,0,681,534
2145.5766999861225,4095,0,624,496
2146.916300000157,3693,0,570,460
2148.28409999609,2381,0,511,430
2149.5068999938667,1349,2067,737,435
2150.490499974694,4095,0,874,532
2152.4231000221334,4095,0,774,510
2153.6925999680534,4095,0,692,485
2154.3395000044256,4095,0,624,462
2156.2641999917105,4095,0,573,437
2157.320800004527,3056,0,511,409
2158.341499976814,2007,607,592,400
2160.3058999753557,1005,2585,787,417
2162.206100008916,261,4095,976,447
2163.785199983977,0,4095,1086,470
2165.2822999749333,0,4095,1169,503
2166.769100003876,0,4095,1246,546
2167.7899999776855,0,4095,1311,581
2168.3236999670044,0,4095,1375,624
2170.418699970469,1379,4095,1436,660
2172.5063999765553,2505,1595,1180,650
2173.6444999696687,3472,321,984,626
2174.3557999725454,4095,0,862,603
2176.3435999746434,4095,0,774,576
2177.23470000783,4095,0,699,546
2178.4770999802276,4095,0,640,509
2180.2986999973655,4095,0,586,469
2182.3570000124164,2693,0,528,435
2184.1648999834433,3765,41,882,530
2184.9879000219516,4095,0,784,511
2185.3648999822326,4095,0,703,490
2186.3736999803223,4095,0,637,465
2188.2790999952704,4095,0,585,447
2189.2389999702573,4095,0,542,425
2190.3481999761425,3566,0,493,399
2191.2936000153422,2321,0,463,375
2193.271800002549,1296,2107,693,394
2194.3937999894843,454,3459,881,420
2196.3923000148498,0,4095,1021,445
2198.291699984111,0,4095,1119,478
2199.885100009851,0,4095,1200,511
2200.4256999935023,0,4095,1271,559
2201.34660002077,0,4095,1335,593
2203.463500016369,976,4095,1403,640
2205.3046000073664,2161,2303,1230,641
2206.2677000067197,3150,711,1035,624
2207.4582999921404,4095,0,875,602
2209.3697999953292,4095,0,785,576
2210.274400014896,4095,0,709,546
2211.543100012932,4095,0,647,509
2213.325100019574,4095,0,591,474
2215.1539999758825,2382,1840,1078,551
2216.2701999768615,3041,846,941,538
2217.5483999890275,3745,105,799,511
2219.302500016056,4095,0,711,496
2220.624500012491,4095,0,651,477
2222.067099995911,4095,0,597,458
2223.2523999991827,4095,0,554,433
2224.515700014308,4095,0,506,405
2225.7629000232555,2694,0,464,383
2227.2798999911174,1657,1446,635,387
2228.4299000166357,739,2946,816,406
2230.2987999864854,29,4095,991,437
2231.3301999820396,0,4095,1090,465
2232.379299995955,0,4095,1177,501
2234.3133999966085,0,4095,1249,544
2235.268399992492,0,4095,1315,582
2237.328000017442,541,4095,1383,624
2239.233299973421,1797,3259,1308,640
2240.7517000101507,2850,1093,1093,630
2242.366799968295,3872,0,903,608
2244.4311999715865,4095,0,811,582
2246.20049999794,4095,0,730,555
2246.6528000077233,0,4095,1330,582
2247.3660999676213,458,4095,1390,613
2248.790099984035,1329,4095,1435,636
2250.712000008207,2158,2176,1234,625
2252.9452000162564,3151,641,1040,614
2255.0261999713257,4095,0,882,592
2257.217500009574,4095,0,791,574
2259.3481999938376,4095,0,715,543
2260.4575000004843,4095,0,652,509
2260.820999974385,4095,0,592,474
2261.1226000008173,3033,0,541,438
2261.4348999923095,1989,579,606,426
2262.3384000035003,994,2597,801,437
2264.4556000013836,240,4095,994,464
2265.3837999678217,0,4095,1095,487
2267.3367999959737,0,4095,1182,524
2269.35090002371,0,4095,1254,559
2271.3799999910407,0,4095,1318,592
2272.785199980717,12,4095,1383,625
2273.5322000226006,1398,4095,1443,667
2274.556999967899,2514,1584,1186,656
2276.4097999897785,0,4095,1378,622
2277.264299977105,0,4095,1414,638
2278.5804999875836,0,4095,1447,651
2280.360999982804,0,4095,1477,671
2281.717200006824,0,4095,1511,703
2283.348599972669,541,4095,1535,738
2284.3835999956354,1795,3033,1434,743
2286.506799980998,2851,996,1200,720
2288.259699998889,3887,0,1001,688
2290.1345000136644,4095,0,899,656
2292.1475999755785,4095,0,807,621
2292.591299978085,4095,0,730,581
2293.2734999922104,4095,0,663,535
2294.3671999964863,3542,0,599,494
2295.541899977252,2329,0,544,455
2297.4315999890678,1293,2105,767,464
2299.4172999751754,465,3472,944,478
2301.3930000015534,0,4095,1078,498
2302.7453999966383,0,4095,1168,528
2304.29970001569,0,4095,1244,561
2305.7691999711096,0,4095,1311,592
2306.1437999713235,2096,400,1002,574
2307.4376999866217,1389,2058,1085,576
2308.3246999885887,790,2941,1163,578
2310.3566999780014,261,4095,1274,591
2311.4630000200123,0,4095,1328,615
2313.2984999683686,0,4095,1379,636
2314.3733000033535,0,4095,1424,658
2316.2979999906383,0,4095,1465,688
2317.7452000090852,73,4095,1507,720
2319.5311999879777,1429,4095,1557,752
2321.454100019764,2542,1571,1280,726
2322.801399976015,3535,304,1073,698
2323.3635000069626,4095,0,938,665
2325.266300002113,4095,0,841,633
2326.94379996974,4095,0,754,592
2328.282299975399,4095,0,688,557
2329.979199974332,4095,0,624,510
2331.5309999743477,2676,0,565,464
2333.102600008715,1653,1455,715,463
2334.962999972049,727,2971,891,471
2336.727100017015,4095,0,893,544
2338.6395999696106,4095,0,787,524
2340.3150999802165,4095,0,701,493
2341.9629000127316,4095,0,630,464
2343.21760002058,3583,0,571,433
2343.551900004968,2323,0,511,407
2343.8601000234485,1294,2096,740,423
2344.258099969011,461,3443,917,444
2345.391099981498,0,4095,1058,466
2346.3760999729857,0,4095,1147,497
2348.396999994293,0,4095,1223,539
2349.298599991016,0,4095,1291,573
2351.322699978482,0,4095,1354,611
2353.1033999752253,1019,4095,1418,653
2354.3471000157297,2179,2131,1225,648
2355.4038999718614,3167,638,1032,629
2357.2985000209883,4095,0,880,607
2358.372499991674,4095,0,790,581
2359.567000006791,4095,0,710,551
2361.288100015372,4095,0,646,511
2362.250000005588,4095,0,592,477
2363.333099987358,3005,0,537,438
2365.3881999780424,1968,618,607,429
2366.8917000177316,4095,0,863,528
2368.102199980058,4095,0,766,500
2369.470099976752,4095,0,688,481
2371.001999999862,4095,0,620,455
2372.235900023952,4095,0,571,437
2373.4530999790877,4095,0,526,409
2374.869999999646,2654,0,472,381
2376.1866000131704,1621,1569,652,394
2377.4262000224553,703,3035,834,411
2378.9553999667987,0,4095,999,439
2380.4086999734864,0,4095,1095,469
2381.462899968028,0,4095,1181,501
2382.653400010895,0,4095,1255,547
2384.588100016117,0,4095,1322,587
2386.0736999777146,576,4095,1383,626
2387.424700020347,1829,3262,1310,645
2389.344999974128,2879,1062,1088,629
2390.838299994357,3958,0,899,605
2391.2795999785885,4095,0,810,581
2393.2862000074238,4095,0,726,553
2394.310600007884,4095,0,659,511
2395.599099982064,4095,0,603,484
2396.8583999667317,3579,0,550,448
2398.446500010323,2320,0,526,418
2399.2865000036545,4095,0,854,510
2400.345699978061,4095,0,763,496
2402.331899967976,4095,0,682,474
2403.3119999803603,4095,0,617,452
2404.352299985476,4095,0,569,432
2406.2367000151426,4095,0,525,411
2407.432499981951,3038,0,477,381
2408.6531000211835,1984,511,550,374
2410.3836999856867,982,2593,759,396
2411.888499977067,235,4095,953,428
2413.5881999973208,0,4095,1059,453
2414.23350002151,0,4095,1147,488
2415.402600017842,0,4095,1224,528
2417.3059000167996,0,4095,1295,567
2418.3302000164986,88,4095,1359,609
2420.4464000067674,1443,4095,1398,643
2422.3893000162207,2544,1475,1150,631
2424.0897999843583,3540,245,957,613
2425.5250999704003,4095,0,838,591
2426.860800012946,4095,0,753,563
2428.2571999938227,4095,0,685,530
2429.575800022576,4095,0,623,494
2430.631000024732,4095,0,566,460
2431.8011999712326,2657,0,511,425
2432.907400012482,3841,0,866,511
2434.2556999763474,4095,0,768,497
2435.5139000108466,4095,0,688,480
2436.585300019942,4095,0,624,459
2437.6047999830917,4095,0,574,435
2439.3472999799997,4095,0,528,416
2440.6663000117987,3531,0,483,390
2441.701399977319,2311,0,461,367
2443.4170000022277,1289,2138,691,385
2444.463399995584,459,3523,881,411
2446.4342999854125,0,4095,1015,437
2447.772099985741,0,4095,1113,470
2449.281700013671,0,4095,1197,508
2450.3763000248,0,4095,1264,552
2451.5503000002354,0,4095,1330,590
2453.419599973131,1023,4095,1396,633
2455.307299969718,2195,2151,1209,631
2456.356799986679,3177,634,1010,617
2457.3212999966927,4095,0,863,592
2459.357000014279,4095,0,774,567
2460.2725000004284,4095,0,699,538
2461.325099982787,4095,0,639,499
2463.319499976933,4095,0,583,465
2464.372100017499,2436,1780,1067,545
2466.439099982381,3098,821,929,530
2467.4868999863975,3799,91,789,507
2469.3031000206247,4095,0,704,492
2470.349900017027,4095,0,643,472
2471.424699993804,4095,0,592,453
2472.380199993495,4095,0,547,431
2474.2981999879703,4095,0,498,401
2475.5038999719545,2669,0,461,374
2477.2586000035517,1623,1581,641,384
2478.3473999705166,714,3037,824,406
2479.547199967783,8,4095,991,435
2481.347499997355,0,4095,1089,464
2482.531099987682,0,4095,1173,501
2484.29190000752,0,4095,1249,542
2485.4100000229664,0,4095,1314,582
2486.7266999790445,593,4095,1379,624
2488.471999997273,1840,3217,1301,640
2490.3899999917485,2894,1057,1086,625
2491.7798999813385,3956,0,896,602
2492.2988999751396,4095,0,802,579
2494.4393999758177,4095,0,723,551
2495.4164000228047,4095,0,656,511
2497.2678999765776,890,4095,1331,581
2498.5695999930613,1726,3599,1283,592
2500.449099985417,2461,1679,1104,580
2501.53050001245,3199,655,949,564
2503.3212999696843,4095,0,813,547
2504.4279000139795,4095,0,730,528
2505.4794999887235,4095,0,661,497
2507.257200020831,4095,0,608,469
2508.5696000023745,4095,0,560,444
2509.6689999918453,2983,0,500,410
2511.4333999808878,1946,721,592,402
2512.6208000001498,947,2665,790,419
2514.2697999835946,225,4095,983,447
2515.4871999984607,0,4095,1085,471
2516.6398999863304,0,4095,1172,503
2518.374999985099,0,4095,1243,545
2519.493200001307,0,4095,1309,579
2521.2617000215687,64,4095,1370,623
2522.8403999935836,1430,4095,1431,656
2524.2602999787778,2544,1530,1169,644
2525.587000011001,0,4095,1363,595
2527.604300004896,0,4095,1403,615
2529.189899971243,0,4095,1438,631
2530.5155999958515,0,4095,1470,655
2531.573800020851,0,4095,1503,688
2532.6645000022836,581,4095,1535,723
2534.4825999927707,1823,2996,1421,731
2536.3437000196427,2874,995,1195,711
2537.349999998696,3923,0,991,683
2538.4538000216708,4095,0,891,650
2540.2257000096142,4095,0,799,614
2541.712699981872,4095,0,720,574
2542.9251000168733,4095,0,657,533
2543.8915999839082,3477,0,593,489
2545.4409000230953,2303,0,559,451
2546.5569000225514,1264,2182,774,461
2548.3507000026293,462,3541,953,477
2549.709699989762,0,4095,1085,496
2551.3732999679632,0,4095,1168,528
2552.475099975709,0,4095,1245,559
2553.5312999854796,0,4095,1312,591
2555.364199972246,0,4095,1372,626
2556.4985999953933,1102,2480,1218,603
2558.3130000159144,557,3405,1296,613
2559.5992999733426,95,4095,1366,624
2561.361600004602,0,4095,1402,639
2562.496199971065,0,4095,1438,661
2564.344100013841,0,4095,1477,688
2565.358699997887,0,4095,1509,716
2566.677199967671,121,4095,1535,746
2568.5488000162877,1486,4095,1579,768
2570.3938999795355,2596,1477,1296,746
2571.7506000073627,3570,256,1091,714
2573.394000006374,4095,0,954,683
2574.237000022549,4095,0,854,644
2575.8066999842413,4095,0,770,602
2577.4251999682747,4095,0,697,562
2578.4829999902286,4095,0,631,511
2579.461999994237,2654,0,573,470
2581.356799986679,1606,1601,737,470
2582.678999984637,698,3089,912,482
2584.2851999914274,0,4095,1072,499
2585.3898000204936,0,4095,1163,528
2586.6705999942496,4095,0,926,563
2588.3481000200845,4095,0,815,534
2589.479800022673,3090,0,714,496
2590.9088000189513,2286,0,665,468
2592.885699996259,1255,2239,859,482
2594.051300024148,432,3632,1034,501
2595.5775000038557,0,4095,1147,527
2596.6850999975577,0,4095,1223,551
2597.947300004307,0,4095,1293,582
2599.3107999674976,0,4095,1351,614
2600.3255000105128,0,4095,1405,646
2602.406699967105,1061,4095,1461,687
2604.263000015635,2222,2163,1267,682
2605.403200024739,3209,640,1071,657
2606.5951000200585,4095,0,911,631
2608.432199980598,4095,0,816,603
2609.5771999680437,4095,0,736,569
2610.6866999762133,4095,0,669,533
2612.4929999932647,4095,0,611,491
2613.54469996877,2980,0,555,452
2614.33740000939,1950,607,623,435
2616.4313000044785,951,2609,816,449
2617.4011999974027,4095,0,874,530
2618.5853999922983,4095,0,773,507
2620.6673000124283,4095,0,689,480
2622.0881000044756,4095,0,624,455
2623.158300004434,4095,0,567,430
2624.6080999844708,2627,0,508,400
2625.8666000212543,1600,1473,675,407
2627.5964999804273,688,3005,854,429
2628.7803999730386,0,4095,1019,453
2630.4117999970913,0,4095,1117,481
2631.6163999726996,0,4095,1200,523
2632.668800011743,0,4095,1270,556
2634.399599977769,0,4095,1333,592
2635.643900022842,593,4095,1399,634
2637.6563999801874,1840,3123,1310,650
2639.325900003314,2884,1047,1096,634
2640.510199998971,3935,0,907,610
2641.570399980992,4095,0,815,586
2642.70879997639,4095,0,733,558
2644.478500005789,4095,0,665,511
2645.4203000175767,4095,0,609,481
2646.61990001332,3477,0,556,447
2648.405299987644,2283,0,529,419
2649.665799981449,1244,2198,751,432
2651.3786999857984,4095,0,864,523
2652.5518000125885,4095,0,765,498
2653.6607000161894,4095,0,683,473
2654.7345999861136,4095,0,619,451
2656.3924999791197,4095,0,563,429
2657.2533000144176,2990,0,507,400
2659.31499999715,1927,774,607,399
2660.5378999956883,938,2703,801,415
2661.7410000180826,204,4095,991,444
2663.34700002335,0,4095,1089,469
2664.6848000236787,0,4095,1172,503
2666.372700012289,0,4095,1248,545
2667.7772999973968,0,4095,1313,580
2669.2373999976553,95,4095,1376,620
2670.6340999808162,1469,4095,1411,656
2672.4676999729127,2583,1437,1158,641
2673.434800002724,3568,227,964,622
2675.4452000022866,4095,0,848,597
2676.5824999893084,4095,0,761,567
2677.5959000224248,4095,0,689,535
2679.011399974115,4095,0,631,499
2680.6188999908045,4095,0,575,462
2681.79030000465,2807,1167,1007,542
2683.575499977451,3469,355,861,528
2684.652299969457,4095,0,749,500
2686.428499990143,4095,0,674,481
2687.5657999771647,4095,0,624,463
2688.598299981095,4095,0,575,443
2689.600199984852,4095,0,530,418
2691.569900023751,3449,0,483,391
2692.71580001805,2271,0,471,372
2694.3443000200205,1245,2237,703,388
2695.6389999832027,432,3613,893,416
2697.097299969755,0,4095,1022,443
2698.4129999764264,0,4095,1117,475
2699.4998999871314,0,4095,1200,511
2701.360500010196,0,4095,1267,554
2702.59190001525,0,4095,1333,593
2704.3470999924466,1088,4095,1401,636
2705.5206000222825,2253,2126,1205,636
2707.5688000186346,3222,637,1014,618
2708.727799996268,4095,0,865,593
2709.363400004804,4095,0,779,571
2711.3703999784775,4095,0,700,539
2712.411599990446,0,4095,1325,576
2714.341200015042,899,4095,1387,607
2715.5245000030845,1710,3445,1314,611
2717.4628999782726,2582,1409,1117,596
2718.7482999870554,3554,193,927,583
2720.4163999995217,4095,0,816,566
2721.5970999677666,4095,0,736,541
2722.6494000060484,4095,0,665,509
2724.3258000235073,4095,0,610,478
2725.5043999757618,4095,0,558,448
2726.5543999965303,2633,0,502,412
2728.5075999679975,1587,1567,677,419
2729.611999995541,683,3024,854,433
2731.304800021462,0,4095,1021,460
2732.3700999841094,0,4095,1115,485
2734.3546000192873,0,4095,1198,526
2735.5244000209495,0,4095,1267,559
2736.619699979201,0,4095,1330,595
2738.394799991511,643,4095,1397,638
2739.368000009563,1885,2891,1285,647
2741.569800011348,2925,971,1077,633
2742.661500000395,0,4095,1358,599
2744.537400023546,0,4095,1396,621
2745.8950000000186,0,4095,1435,635
2747.3973999731243,0,4095,1459,656
2748.69320000289,0,4095,1502,692
2750.3364000003785,1103,4095,1535,730
2751.7065000138246,2265,2142,1333,720
2753.4753999789245,3253,626,1126,697
2754.6316999942064,4095,0,959,667
2756.0245000058785,4095,0,858,634
2757.369800005108,4095,0,770,595
2758.510400017258,4095,0,697,560
2759.5328000024892,4095,0,635,511
2761.459700006526,2977,0,576,471
2762.742299993988,1936,743,654,459
2764.506999985315,949,2645,838,466
2765.6558000016958,208,4095,1031,488
2767.4379000090994,0,4095,1125,503
2768.5308000072837,0,4095,1204,542
2769.915300013963,0,4095,1275,573
2771.536400017794,0,4095,1337,605
2772.6415999932215,1634,1463,1111,586
2774.5485000195913,963,2608,1179,591
2776.3105999911204,448,3533,1264,599
2777.5355000048876,0,4095,1338,610
2778.6328999791294,0,4095,1382,630
2780.236899969168,0,4095,1424,656
2781.6762999864295,0,4095,1461,683
2782.7418000088073,0,4095,1498,710
2784.737700014375,635,4095,1535,745
2786.5139999776147,1878,2955,1420,744
2787.7512999693863,2903,971,1190,719
2789.3773000105284,3970,0,994,685
2790.536599990446,4095,0,891,654
2791.5371999843046,4095,0,801,617
2792.7425000234507,4095,0,723,576
2794.48629997205,4095,0,655,533
2795.5818999907933,3478,0,594,490
2796.7132999910973,2279,0,570,455
2798.504500009585,1251,2215,784,463
2799.62990002241,439,3611,961,479
2801.291299983859,0,4095,1090,497
2802.3565000039525,4095,0,912,560
2803.3588000107557,4095,0,805,532
2805.307400005404,4095,0,710,496
2806.305499980226,2937,0,627,464
2807.3608999839053,1917,795,703,455
2809.463199984748,927,2691,882,467
2811.404499982018,194,4095,1067,492
2812.905700004194,0,4095,1151,511
2814.3810000037774,0,4095,1230,546
2815.20620000083,0,4095,1296,578
2816.3673999952152,0,4095,1354,610
2818.328599969391,128,4095,1413,649
2819.6529999841005,1489,4095,1439,678
2821.4152000145987,2603,1426,1186,663
2822.6085000205785,3583,233,989,640
2824.5048000244424,4095,0,871,617
2825.5060000228696,4095,0,782,586
2826.3799999840558,4095,0,705,550
2828.314299986232,4095,0,642,510
2829.448100004811,4095,0,584,471
2830.2971000084653,2599,0,530,435
2832.3618000140414,1581,1684,709,439
2833.527499984484,4095,0,871,527
2834.557499969378,4095,0,773,501
2836.398800020106,4095,0,688,480
2837.334399984684,4095,0,624,457
2838.5447000036947,4095,0,571,433
2840.2805000077933,3379,0,511,404
2841.4585000136867,2254,0,508,386
2842.7610999788158,1225,2241,729,401
2844.5482999668457,416,3601,912,428
2845.6205999827944,0,4095,1045,454
2847.214100009296,0,4095,1136,487
2848.3445000019856,0,4095,1215,528
2849.6469000237994,0,4095,1281,561
2851.733800023794,0,4095,1345,597
2853.2780000241473,1133,4095,1411,641
2854.3185999733396,2288,1980,1200,638
2856.3481000019237,3248,586,1009,618
2857.431699987501,4095,0,867,594
2858.324399974663,4095,0,778,574
2860.2555000106804,4095,0,703,539
2861.313199973665,4095,0,640,501
2862.3071999754757,4095,0,585,466
2864.3538000178523,2992,0,531,432
2865.6660999986343,1924,721,613,420
2866.6484999703243,4095,0,853,510
2868.376599973999,4095,0,756,496
2869.236099999398,4095,0,678,469
2870.615000021644,4095,0,617,449
2872.370700002648,4095,0,565,431
2873.5789000056684,4095,0,511,403
2874.663700000383,2605,0,469,377
2876.2889999779873,1571,1649,657,385
2877.56230001105,693,3057,837,407
2879.27109998418,0,4095,1001,435
2880.3930999711156,0,4095,1099,464
2881.7119000013918,0,4095,1182,500
2883.352199976798,0,4095,1253,541
2884.314799972344,0,4095,1317,582
2886.380999989342,658,4095,1386,624
2887.5535000115633,1893,2926,1277,635
2889.4353000214323,2928,958,1071,624
2890.4588000150397,4007,0,889,597
2892.2632000176236,4095,0,798,576
2893.364500021562,4095,0,720,545
2894.3700999952853,4095,0,655,509
2895.625300006941,4095,0,596,475
2897.306099999696,3385,0,542,440
2898.5040999832563,3125,724,944,528
2899.5386000024155,3851,0,794,502
2901.284899970051,4095,0,711,483
2902.4361000047065,4095,0,644,464
2903.437100001611,4095,0,592,448
2905.306999979075,4095,0,550,426
2906.3803000026383,4095,0,503,401
2907.5451999669895,2960,0,462,375
2909.385900013149,1904,801,567,370
2910.5427999747917,911,2677,764,394
2912.3326999833807,190,4095,958,422
2913.5182999889366,0,4095,1063,451
2915.264000010211,0,4095,1149,486
2916.30989999976,0,4095,1226,527
2917.4581000115722,0,4095,1293,565
2919.4548000232317,186,4095,1358,606
2920.798300008755,1519,4095,1364,635
2922.6090000011027,2621,1344,1124,624
2924.3324999697506,3616,145,931,603
2925.532699970063,4095,0,825,583
2926.6639999696054,4095,0,743,557
2928.3127000089735,4095,0,671,526
2929.2974999989383,4095,0,615,487
2931.3119999715127,1809,3279,1206,559
2932.7012000139803,2550,1520,1040,551
2934.674400021322,3193,663,903,535
2935.907099978067,4031,0,767,507
2937.0828999672085,4095,0,695,495
2938.332799996715,4095,0,636,471
2939.513400022406,4095,0,583,451
2940.602399990894,4095,0,539,425
2941.712200001348,3408,0,489,396
2943.46310000401,2233,0,482,376
2944.7139999829233,1213,2256,714,395
2946.351599995978,404,3675,903,421
2947.5330999703147,0,4095,1032,446
2949.4016999960877,0,4095,1123,475
2950.5276000127196,0,4095,1203,511
2951.4045999967493,0,4095,1271,558
2953.4983999910764,0,4095,1339,593
2954.4607999850996,1105,4095,1401,639
2956.562999985181,2263,2019,1200,633
2958.3716000197455,3241,574,1005,617
2959.4270000234246,4095,0,859,592
2960.5335000087507,0,4095,1328,576
2962.341699982062,0,4095,1373,595
2963.9623999828473,0,4095,1412,619
2965.4160999925807,191,4095,1456,645
2966.626900015399,1524,4095,1456,677
2968.565099989064,2623,1351,1199,666
2969.677400018554,3614,176,998,640
2971.3628999888897,4095,0,882,618
2972.405100008473,4095,0,786,583
2973.7062000203878,4095,0,711,554
2975.4613999975845,4095,0,647,511
2976.5117000206374,4095,0,590,473
2977.398000017274,2603,0,534,435
2979.463499970734,1562,1633,706,438
2980.5395000148565,674,3087,880,453
2982.380600005854,0,4095,1041,475
2983.5634999908507,0,4095,1136,499
2984.6286000101827,0,4095,1213,538
2986.4970999769866,0,4095,1280,569
2987.708600005135,0,4095,1343,603
2989.7759999730624,703,4095,1406,643
2990.98140001297,473,3516,1327,608
2992.731000005733,7,4095,1390,623
2993.8346999697387,0,4095,1419,633
2994.8965000221506,0,4095,1450,646
2996.9385999720544,0,4095,1479,675
2998.1096999836154,0,4095,1506,703
2999.4400999858044,0,4095,1535,731
3000.749300001189,1134,4095,1585,767
3002.4970999802463,2287,2016,1351,749
3003.739800013136,3264,566,1141,720
3005.5488999933004,4095,0,976,688
3006.7719999933615,4095,0,877,653
3007.8004999668337,4095,0,785,611
3009.398100024555,4095,0,714,574
3010.5737000121735,4095,0,645,530
3011.6989000234753,2906,0,581,480
3013.4916999959387,1871,887,674,464
3014.6259000175633,894,2736,859,475
3016.504300001543,171,4095,1043,494
3017.616699973587,0,4095,1136,511
3019.4604999851435,0,4095,1214,547
3020.703100017272,0,4095,1283,577
3022.0269999699667,2707,0,911,559
3023.3546000090428,2005,597,912,546
3024.7267999802716,1319,2127,1006,542
3026.50179999182,654,3147,1109,552
3027.5184999918565,0,4095,1232,571
3029.5019000186585,0,4095,1295,592
3030.5655999691226,0,4095,1349,619
3032.3822000063956,0,4095,1398,643
3033.4733999916352,0,4095,1445,674
3034.971199987922,708,4095,1496,707
3036.8283999850973,1929,2787,1360,710
3038.3573999861255,2959,900,1142,688
3039.4994000089355,4019,0,956,656
3040.7881999854,4095,0,855,626
3042.5567000056617,4095,0,771,592
3043.7795000034384,4095,0,697,556
3044.495599984657,4095,0,635,511
3046.416800003499,3422,0,576,470
3047.6816999725997,2239,0,559,441
3048.8025000086054,1205,2263,773,449
3050.512699992396,418,3618,950,467
3051.7345999833196,4095,0,883,539
3053.112900000997,4095,0,781,511
3054.3402999755926,4095,0,693,483
3055.6629999773577,4095,0,624,455
3056.731700024102,2925,0,560,430
3058.417299995199,1879,815,646,420
3059.6795000019483,912,2688,829,433
3061.5262999781407,176,4095,1015,464
3062.355700007174,0,4095,1107,484
3064.467300020624,0,4095,1193,511
3065.7434000167996,0,4095,1263,557
3066.8966000084765,0,4095,1327,588
3068.5719000175595,208,4095,1387,627
3070.3101999824867,1563,4095,1390,656
3071.4161000214517,2655,1344,1149,641
3073.3964000246488,3653,167,950,619
3074.5225999853574,4095,0,841,594
3075.4463999764994,4095,0,757,565
3077.433199970983,4095,0,686,533
3078.508700011298,4095,0,624,495
3079.6118999714963,4095,0,569,459
3081.419199996162,2591,0,511,423
3082.6067000161856,1556,1712,701,431
3083.554400014691,4095,0,854,511
3085.388800012879,4095,0,761,495
3086.5611999761313,4095,0,677,468
3087.691599968821,4095,0,613,447
3089.296899968758,4095,0,560,427
3090.412000019569,3381,0,509,400
3091.4973000180908,2231,16,511,384
3093.5506999958307,1202,2313,733,400
3094.806900015101,406,3712,918,426
3096.514799981378,0,4095,1043,451
3097.6394999888726,0,4095,1135,482
3099.2596999858506,0,4095,1214,511
3100.2871000091545,0,4095,1280,560
3101.3163999887183,0,4095,1344,595
3103.5367000149563,1153,4095,1407,639
3105.312399973627,2302,1936,1195,629
3106.41469998518,3261,556,1006,619
3107.680800021626,4095,0,859,592
3109.451500000432,4095,0,773,565
3110.66020000726,4095,0,698,535
3111.654100008309,4095,0,637,497
3113.546699983999,4095,0,579,464
3114.813000021968,2518,1614,1040,540
3116.5157000068575,3184,688,905,528
3117.3832999775186,3923,0,762,498
3118.3771999785677,4095,0,688,483
3120.321900001727,4095,0,627,464
3121.317800018005,4095,0,579,443
3122.562700009439,4095,0,535,421
3124.3345999973826,4095,0,490,395
3125.355199968908,2559,0,449,368
3126.663399976678,1531,1765,651,381
3128.463200002443,650,3171,833,401
3129.583299974911,0,4095,991,431
3131.336199992802,0,4095,1089,461
3132.4347999761812,0,4095,1171,495
3133.597199979704,0,4095,1242,535
3135.426599998027,0,4095,1311,576
3136.583800020162,723,4095,1376,619
3138.456800021231,1949,2827,1263,625
3140.28920000419,2976,918,1055,614
3141.448999987915,4059,0,878,591
3142.4409999744967,4095,0,784,566
3144.326400011778,4095,0,709,538
3145.539799996186,4095,0,643,502
3146.6544999857433,1007,4095,1323,578
3148.408400011249,1824,3235,1245,581
3150.3629999933764,2547,1525,1073,569
3151.374000008218,3283,569,922,555
3153.265399974771,4095,0,790,535
3154.3093000072986,4095,0,719,511
3155.5424999678507,4095,0,647,489
3156.6742999712005,4095,0,594,463
3158.461300015915,4095,0,547,432
3159.576300007757,2898,0,492,401
3161.3119000103325,1870,926,605,398
3162.496500008274,891,2754,795,414
3163.666500011459,175,4095,979,439
3165.336699981708,0,4095,1083,465
3166.316499991808,0,4095,1167,498
3168.336200003978,0,4095,1238,542
3169.3438999936916,0,4095,1305,576
3171.4918999932706,241,4095,1367,615
3172.8476000134833,1569,4095,1378,643
3174.6133000124246,2661,1330,1132,629
3176.1888000182807,0,4095,1355,592
3177.3753999732435,0,4095,1392,611
3178.954800008796,0,4095,1426,624
3180.095999967307,0,4095,1458,646
3181.2925999984145,0,4095,1491,682
3182.3431000229903,736,4095,1534,718
3184.3527000164613,1952,2803,1392,720
3186.338600004092,2987,901,1169,697
3187.2804000158794,4064,0,978,669
3188.32570000086,4095,0,877,636
3190.4339999891818,4095,0,785,597
3191.4795999764465,4095,0,711,561
3192.4956999719143,4095,0,650,527
3193.621799990069,3327,0,583,476
3195.378399977926,2211,0,576,450
3196.328599995468,1197,2309,784,457
3198.2759999809787,400,3728,965,470
3199.4422000134364,0,4095,1088,495
3201.2738999910653,0,4095,1169,511
3202.2970999823883,0,4095,1245,556
3203.3830999862403,0,4095,1309,587
3205.298600019887,0,4095,1367,623
3206.5789999905974,1034,2559,1218,582
3208.493100013584,482,3505,1295,595
3209.451299975626,33,4095,1362,607
3211.371599987615,0,4095,1398,624
3212.4359000008553,0,4095,1435,647
3214.251899975352,0,4095,1471,675
3215.3847999870777,0,4095,1503,702
3217.2635999741033,229,4095,1535,735
3218.466399994213,1555,4095,1520,752
3220.3829999780282,2655,1323,1259,727
3221.595900016837,3641,165,1056,698
3223.2993000070564,4095,0,931,663
3224.4581999839284,4095,0,834,627
3225.5396000109613,4095,0,752,591
3227.3280000081286,4095,0,683,549
3228.3039999892935,4031,0,619,503
3229.344899998978,2533,0,560,461
3231.338399986271,1491,1847,752,464
3232.5626999954693,616,3219,922,473
3234.314600005746,0,4095,1071,495
3235.444899997674,0,4095,1158,523
3236.686800024472,4095,0,912,556
3238.3663000073284,4095,0,802,528
3239.4165999721736,3019,0,704,487
3240.551900002174,2201,38,677,464
3242.2474999912083,1174,2337,867,477
3243.3244999847375,369,3758,1040,496
3245.351399993524,0,4095,1146,511
3246.404999983497,0,4095,1223,551
3248.485999996774,0,4095,1287,576
3249.8775999993086,0,4095,1347,608
3251.174599980004,0,4095,1403,643
3252.54399998812,1167,4095,1461,679
3254.501799994614,2318,1945,1242,666
3255.3117999923415,3294,540,1050,650
3257.2086000000127,4095,0,896,624
3258.3599999779835,4095,0,807,592
3259.3667000182904,4095,0,730,560
3260.592099977657,4095,0,660,528
3262.357499974314,4095,0,603,481
3263.703999982681,2885,0,547,445
3265.3638999909163,1863,1011,655,433
3266.561599972192,880,2779,841,448
3267.37110002432,4095,0,867,523
3269.5421999669634,4095,0,767,496
3270.5003999872133,4095,0,688,471
3271.77120000124,4095,0,618,449
3273.4835000010207,4095,0,562,422
3274.6173000195995,2543,0,502,395
3276.017599971965,1521,1697,689,403
3277.4661000003107,637,3137,870,427
3278.5981000051834,0,4095,1023,450
3280.5798000190407,0,4095,1119,477
3281.4888000139035,0,4095,1200,511
3282.8104000072926,0,4095,1265,553
3284.3559000175446,0,4095,1330,590
3285.615600005258,733,4095,1395,629
3287.5003999797627,1942,2655,1263,638
3289.2416999675333,2971,875,1061,623
3290.543199982494,4034,0,884,594
3291.4474999997765,4095,0,795,574
3293.3640999835916,4095,0,717,542
3294.5108999847434,4095,0,651,506
3295.601300022099,4095,0,593,469
3296.843499992974,3322,0,541,435
3298.462599981576,2205,97,553,413
3299.464199983049,4095,0,847,498
3300.7803999935277,4095,0,753,486
3302.340499998536,4095,0,674,464
3303.391100023873,4095,0,610,441
3304.592899978161,4095,0,563,425
3306.3406000146642,4095,0,511,400
3307.3910999810323,2901,0,470,372
3308.6039000190794,1850,985,592,376
3310.4297000099905,878,2751,783,395
3311.5488999756053,165,4095,969,426
3313.3685999782756,0,4095,1072,452
3314.3793999915943,0,4095,1158,487
3316.274599987082,0,4095,1232,528
3317.314099986106,0,4095,1296,563
3319.2887000041083,282,4095,1360,603
3320.4733000020497,1593,4095,1363,633
3322.6055999984965,2679,1323,1122,623
3323.9296000101604,3689,144,929,597
3325.3615999710746,4095,0,824,577
3326.3340999837965,4095,0,741,549
3327.898900024593,4095,0,671,511
3329.0781999821775,4095,0,614,482
3330.499699979555,4060,0,560,449
3331.706299970392,2878,1057,976,528
3333.4589999867603,3545,272,838,507
3334.602100017946,4095,0,728,490
3335.33410000382,4095,0,661,469
3337.551500007976,4095,0,603,451
3338.416500017047,4095,0,560,432
3339.835499995388,4095,0,511,409
3341.413200017996,3333,0,471,383
3342.5846999743953,2199,78,493,368
3344.323900004383,1177,2367,719,386
3345.440900011454,394,3792,910,411
3346.501599997282,0,4095,1034,441
3348.3724999823608,0,4095,1123,476
3349.5287999976426,0,4095,1201,509
3351.257500005886,0,4095,1270,551
3352.3051000083797,0,4095,1337,591
3354.3621000135317,1210,4095,1399,633
3355.7102999766357,2358,1890,1186,626
3357.3902000207454,3325,511,992,610
3358.463499986101,4095,0,852,589
3359.5811999985017,4095,0,767,563
3361.353699991014,4095,0,694,530
3363.068700011354,70,4095,1318,567
3364.3804999883287,1051,4095,1376,595
3365.861199970823,1839,3005,1265,595
3367.3569000093266,2681,1248,1081,585
3369.2636999767274,3669,85,894,571
3370.3281999914907,4095,0,796,554
3371.7334999819286,4095,0,717,528
3372.894099971745,4095,0,653,496
3374.592699983623,4095,0,594,465
3375.869999988936,3998,0,545,434
3377.1903999731876,2513,0,491,400
3378.347299993038,1477,1808,691,412
3379.4983999687247,618,3200,870,432
3381.335299985949,0,4095,1019,453
3382.308300002478,0,4095,1117,482
3384.303600003477,0,4095,1197,511
3385.3475999785587,0,4095,1267,554
3386.601599981077,0,4095,1331,591
3388.4362999815494,778,4095,1393,630
3390.3098999871872,1975,2736,1264,639
3391.8954000109807,2991,895,1062,624
3393.055099993944,0,4095,1349,592
3394.36370000476,0,4095,1392,607
3395.6323000020348,0,4095,1425,625
3397.3136999993585,0,4095,1458,647
3398.2935000094585,0,4095,1498,688
3400.3768999828026,1200,4095,1535,720
3401.525799999945,2344,1825,1296,705
3403.3158000092953,3321,458,1092,683
3404.418500023894,4095,0,941,653
3406.2949999934062,4095,0,844,621
3407.4534000246786,4095,0,756,583
3408.4446000051685,4095,0,688,549
3409.622800012585,4095,0,624,500
3411.3738000160083,2895,0,562,461
3412.828999978956,1852,979,665,449
3414.3832999980077,869,2754,848,459
3415.544499992393,144,4095,1036,479
3417.4765999778174,0,4095,1123,501
3418.6617999803275,0,4095,1200,537
3419.8006999795325,0,4095,1273,565
3421.7487999703735,0,4095,1333,601
3423.0854000197724,1561,1651,1123,581
3424.459300003946,907,2703,1186,589
3426.2917999876663,406,3661,1274,594
3427.3873000056483,0,4095,1339,605
3428.2846999703906,0,4095,1383,627
3430.3799999761395,0,4095,1424,655
3431.4857000135817,0,4095,1462,677
3432.3204000247642,0,4095,1499,707
3434.249499987345,775,4095,1535,737
3436.279600020498,1987,2710,1394,737
3437.546300003305,2992,906,1175,713
3439.290300011635,4075,0,983,681
3440.4021999798715,4095,0,881,649
3441.577999969013,4095,0,795,610
3442.6786999683827,4095,0,719,571
3444.3406999926083,4095,0,653,529
3445.3729999950156,3314,0,592,482
3446.5132000041194,2178,69,592,455
3448.564600024838,1168,2361,799,464
3450.385899981484,370,3787,976,479
3451.5323999803513,0,4095,1094,498
3452.5721999816597,4095,0,905,549
3454.396800021641,4095,0,797,524
3455.5664000217803,4095,0,704,487
3456.483800022397,2867,0,624,453
3458.299199992325,1837,967,713,449
3459.3836999847554,870,2755,886,463
3461.2961999955587,150,4095,1066,484
3462.4375000130385,0,4095,1150,507
3463.588999991771,0,4095,1226,542
3465.3808000148274,0,4095,1291,574
3466.4192000054754,0,4095,1350,604
3468.334099976346,321,4095,1408,641
3469.598399999086,1622,4095,1398,665
3471.475099970121,2707,1315,1155,649
3473.290599999018,3701,144,960,624
3474.4672999950126,4095,0,849,601
3475.337599986233,4095,0,766,570
3476.358000014443,4095,0,690,538
3478.2880999846384,4095,0,631,496
3479.3479000218213,4095,0,575,463
3480.400600004941,2530,0,511,426
3482.3655000072904,1487,1857,719,432
3483.3603000151925,4095,0,853,507
3484.4080000184476,4095,0,759,494
3486.488999973517,4095,0,675,465
