timestamp_ms,emg1_raw,emg2_raw,fsr1,fsr2
1.3834999990649521,4095,0,496,323
1.9039000035263598,4095,0,443,309
2.3131000343710184,3632,0,394,293
2.7266000397503376,2185,0,368,282
3.3846000442281365,1095,2416,606,303
3.857300034724176,4095,0,448,285
4.365600005257875,4095,0,403,275
5.15600002836436,4095,0,363,270
5.603700003121048,4095,0,332,262
6.036600039806217,4095,0,304,256
6.4783000270836055,2949,0,272,243
7.001500052865595,1809,801,384,256
7.523900014348328,784,2897,592,272
8.016500039957464,66,4095,752,288
8.501000003889203,0,4095,830,297
8.959700004197657,0,4095,905,307
9.385100041981786,0,4095,974,322
9.841100021731108,0,4095,1046,341
10.352300014346838,113,4095,1114,365
11.256900033913553,1646,4095,1150,375
11.882900027558208,2793,1221,895,359
12.352400051895529,3914,0,721,349
12.823100027162582,4095,0,649,343
13.335800031200051,4095,0,583,336
13.840800034813583,4095,0,527,326
14.360200031660497,4095,0,465,318
14.86930000828579,4095,0,416,302
15.380800003185868,2543,0,365,282
15.965000027790666,1443,1733,551,299
16.493600036483258,4095,0,437,281
16.994700010400265,4095,0,395,274
17.45770004345104,4095,0,357,270
17.889500013552606,4095,0,323,259
18.323299998883158,4095,0,304,256
18.883800017647445,3467,0,272,245
19.295500009320676,2148,0,278,243
19.74990003509447,1067,2439,526,271
20.20910003921017,282,4033,703,285
20.57530003366992,0,4095,794,291
20.931700011715293,0,4095,874,304
21.280100045260042,0,4095,944,319
21.815600048284978,0,4095,1008,335
22.24950003437698,0,4095,1081,354
22.741000051610172,1206,4095,1152,378
23.53810000931844,2426,1897,944,363
23.888199997600168,3472,354,766,350
24.190600030124187,4095,0,666,345
24.5060000452213,4095,0,597,337
24.82560003409162,4095,0,539,329
25.162800040561706,4095,0,480,318
25.46000003349036,4095,0,427,304
25.740800017956644,2929,0,371,289
26.05570002924651,1794,898,475,293
26.3235000311397,4095,0,426,279
26.589700020849705,4095,0,386,274
26.86910005286336,4095,0,350,269
27.128600049763918,4095,0,320,259
27.41440001409501,4095,0,298,267
27.662100037559867,4095,0,273,246
27.904100017622113,2539,0,245,240
28.18930003559217,1438,1744,449,259
28.45130005152896,542,3365,640,278
28.681700001470745,0,4095,763,288
28.911100002005696,0,4095,843,298
29.141400009393692,0,4095,918,311
29.37270002439618,0,4095,984,326
29.615200008265674,0,4095,1059,343
29.868500016164035,720,4095,1127,368
30.122200027108192,2057,2794,1010,365
30.350900022313,3141,713,813,351
30.5493000196293,4095,0,681,345
30.748100019991398,4095,0,611,336
31.015100015792996,4095,0,553,332
31.23670001514256,4095,0,492,321
31.431400042492896,4095,0,438,308
31.61280002677813,3556,0,387,293
31.807500054128468,2159,0,369,279
32.0206000469625,1081,2416,599,302
32.19670004909858,4095,0,445,286
32.36579999793321,4095,0,400,275
32.535100006498396,4095,0,363,269
32.702700002118945,4095,0,331,261
32.87670004647225,4095,0,304,254
33.04160002153367,2928,0,272,245
33.31830003298819,1804,802,384,258
33.71560003142804,784,2896,593,273
33.90080004464835,58,4095,751,290
34.05370004475117,0,4095,831,298
34.20610004104674,0,4095,903,307
34.351700043771416,0,4095,974,322
34.50400003930554,0,4095,1043,340
34.672000037971884,166,4095,1111,365
34.84890004619956,1679,4095,1136,375
35.01590003725141,2810,1168,885,359
35.17600003397092,3919,0,717,348
35.5567000224255,4095,0,645,343
35.800900019239634,4095,0,579,337
36.008200026117265,4095,0,525,327
36.14500002004206,4095,0,464,315
36.27979999873787,4095,0,413,301
36.41530004097149,2519,0,363,282
36.574300029315054,1415,1762,556,299
36.70960001181811,4095,0,434,281
36.84559999965131,4095,0,397,277
36.99150000466034,4095,0,357,272
37.11900004418567,4095,0,322,261
37.24730003159493,4095,0,300,257
37.38400002475828,3522,0,272,246
37.51420002663508,2160,0,281,245
37.762400053907186,1091,2432,528,270
38.060100050643086,278,4079,707,287
38.184600009117275,0,4095,796,294
38.36490004323423,0,4095,877,304
38.537200016435236,0,4095,944,320
38.724000041838735,0,4095,1011,335
38.851500023156404,0,4095,1086,353
38.990800036117435,1233,4095,1155,375
39.12950004450977,2448,1840,942,362
39.2610999988392,3497,322,761,347
39.377500012051314,4095,0,663,346
39.49370002374053,4095,0,595,337
39.61040003923699,4095,0,535,331
39.72680005244911,4095,0,477,317
39.848500047810376,4095,0,427,304
39.97810004511848,2914,0,374,288
40.12530000181869,1790,834,469,294
40.272400015965104,783,2890,665,304
40.42990005109459,4095,0,469,286
40.57060001650825,4095,0,423,278
40.71170004317537,4095,0,378,269
40.84840003633872,4095,0,346,261
40.99510004743934,4095,0,310,254
41.145000024698675,2512,0,278,242
41.32460005348548,1422,1767,478,266
41.5008999989368,502,3402,665,285
41.65690002264455,0,4095,786,294
41.8185000307858,0,4095,864,304
41.989600053057075,0,4095,938,319
42.1786000370048,0,4095,1004,333
42.367100017145276,0,4095,1073,352
42.577600048389286,734,4095,1143,368
42.79720003250986,2064,2749,1019,368
43.00810000859201,3152,681,816,353
43.21090003941208,4095,0,688,347
43.41510002268478,4095,0,622,341
43.62880002008751,4095,0,559,334
43.8404000014998,4095,0,496,325
44.03830005321652,4095,0,445,309
44.23600004520267,3561,0,394,294
44.43170002195984,2167,0,377,284
44.63210003450513,1110,2419,607,304
44.802900054492056,4095,0,451,287
44.973200012464076,4095,0,405,279
45.151200029067695,4095,0,368,272
45.32780003501102,4095,0,334,268
45.506900001782924,4095,0,306,259
45.680000039283186,2896,0,273,246
45.872900052927434,1777,918,394,262
46.0694000357762,768,2944,603,277
46.25290003605187,39,4095,755,291
46.42470000544563,0,4095,833,302
46.5970000368543,0,4095,909,310
46.84360005194321,0,4095,976,327
47.0500000519678,0,4095,1048,343
47.23840003134683,118,4095,1115,368
47.43030003737658,1653,4095,1143,378
47.610700014047325,2793,1198,893,363
47.785500006284565,3898,0,720,349
48.010700033046305,4095,0,649,346
48.22640004567802,4095,0,583,336
48.437300021760166,4095,0,525,330
48.69030002737418,4095,0,464,317
49.073200032580644,4095,0,415,302
49.59360003704205,2514,0,366,286
50.14810001011938,1423,1855,562,302
50.584400014486164,4095,0,445,285
50.778200034983456,4095,0,400,279
50.91350001748651,4095,0,357,270
51.04900000151247,4095,0,327,266
51.18619999848306,4095,0,304,256
51.32330005289987,3604,0,274,251
51.46710004191846,2164,0,278,247
51.62650003330782,1106,2417,528,271
51.78020003950223,275,4095,711,287
51.910300040617585,0,4095,797,294
52.03990003792569,0,4095,875,304
52.17030004132539,0,4095,945,320
52.30970005504787,0,4095,1015,336
52.44330002460629,0,4095,1087,355
52.597900037653744,1261,4095,1155,379
52.746000001206994,2463,1851,944,365
52.88690002635121,3525,333,765,352
53.020200051832944,4095,0,663,346
53.17170004127547,4095,0,597,338
53.45460004173219,4095,0,537,333
53.57970000477508,4095,0,478,322
53.69950004387647,4095,0,428,304
53.81730000954121,2912,0,375,289
53.94280003383756,1776,928,480,295
54.104400041978806,772,2914,670,305
54.21990004833788,4095,0,471,289
54.34420000528917,4095,0,425,283
54.45930000860244,4095,0,379,272
54.57490001572296,4095,0,342,262
54.689600015990436,4095,0,309,255
54.80340000940487,2501,0,278,242
54.937100037932396,1409,1799,479,267
55.06250000325963,497,3437,669,282
55.177100002765656,0,4095,785,291
55.29540003044531,0,4095,863,304
55.414100002963096,0,4095,939,318
55.540200031828135,0,4095,1003,334
55.66970002837479,0,4095,1073,353
55.81170000368729,720,4095,1143,371
55.95290003111586,2064,2729,1019,368
56.07900000177324,3135,695,816,354
56.196500023361295,4095,0,688,347
56.31760001415387,4095,0,621,341
56.432200013659894,4095,0,557,335
56.54870002763346,4095,0,496,325
56.667500000912696,4095,0,443,308
56.78210000041872,3490,0,393,293
56.89550004899502,2139,0,374,283
57.027500006370246,1081,2406,609,302
57.14370001805946,4095,0,448,285
57.25810001604259,4095,0,400,274
57.37260001478717,4095,0,361,270
57.48880002647638,4095,0,331,263
57.608700008131564,4095,0,304,256
57.72480001905933,2911,0,272,243
57.852900004945695,1778,864,368,256
57.980400044471025,766,2917,598,273
58.11120005091652,45,4095,751,289
58.22980002267286,0,4095,831,299
58.34440002217889,0,4095,906,311
58.46570001449436,0,4095,975,322
58.59720002627,0,4095,1043,341
58.730300050228834,164,4095,1115,368
58.872400026302785,1680,4095,1130,377
59.006399998907,2818,1163,881,358
59.12160000298172,3924,0,715,347
59.23720001010224,4095,0,643,345
59.352400014176965,4095,0,578,336
59.47000003652647,4095,0,511,329
59.59070002427325,4095,0,463,318
59.70600002910942,4095,0,410,302
59.820800030138344,2515,0,363,282
59.95600001187995,1409,1825,559,301
60.073900036513805,4095,0,437,288
60.19350001588464,4095,0,395,281
60.31870003789663,4095,0,356,269
60.440100030973554,4095,0,323,262
60.55910000577569,4095,0,301,256
60.68340002093464,3553,0,272,246
60.810299997683614,2158,0,277,243
60.9487000037916,1078,2426,524,269
61.08320003841072,268,4095,706,285
61.204200028441846,0,4095,794,292
61.3223000545986,0,4095,869,304
61.441300029400736,0,4095,944,317
61.56950001604855,0,4095,1008,335
61.699300014879555,0,4095,1082,354
61.84510001912713,1265,4095,1153,379
61.99920002836734,2460,1807,933,361
62.138000037521124,3507,295,755,348
62.260800041258335,4095,0,660,343
62.382400035858154,4095,0,592,337
62.50300002284348,4095,0,532,332
62.62320000678301,4095,0,475,320
62.751300050877035,4095,0,427,306
62.87330004852265,2907,0,373,290
63.01150005310774,1767,937,478,298
63.140700047370046,4095,0,424,282
63.261000032071024,4095,0,386,272
63.38140001753345,4095,0,350,271
63.50440002279356,4095,0,320,262
63.62450000597164,4095,0,302,257
63.74490004964173,4095,0,274,251
63.86440002825111,2496,0,250,240
64.00290003512055,1405,1901,464,262
64.13540005451068,499,3504,656,282
64.25770005444065,0,4095,769,290
64.38060000073165,0,4095,848,304
64.51250001555309,0,4095,922,311
64.64560003951192,0,4095,991,330
64.81450004503131,0,4095,1063,347
64.9649000260979,743,4095,1136,370
65.14160003280267,2085,2750,1011,367
65.28140004957095,3163,692,811,351
65.40000002132729,4095,0,682,343
65.52310002734885,4095,0,614,339
65.64400001661852,4095,0,554,335
65.7710000523366,4095,0,490,325
65.89030002942309,4095,0,439,309
66.01760000921786,3451,0,390,294
66.136900044512,2146,0,368,284
66.2731000338681,1052,2390,598,304
66.391600004863,4095,0,448,285
66.5100000333041,4095,0,403,275
66.63100002333522,4095,0,365,267
66.82380003621802,4095,0,330,262
66.94800005061552,4095,0,304,257
67.07060005282983,2906,0,273,243
67.21200002357364,1775,914,395,256
67.35110003501177,770,2939,602,275
67.47970002470538,41,4095,753,288
67.60330003453419,0,4095,832,301
67.731500021182,0,4095,909,309
67.85300001502037,0,4095,976,326
67.99180002417415,0,4095,1047,342
68.13150004018098,164,4095,1117,366
68.27510002767667,1689,4095,1137,377
68.41730000451207,2823,1169,885,361
68.54040001053363,3931,0,720,350
68.66390001960099,4095,0,650,343
68.78920004237443,4095,0,580,337
68.90810001641512,4095,0,526,329
69.03579999925569,4095,0,464,317
69.16430004639551,4095,0,413,302
69.29010001476854,2492,0,363,281
69.44260001182556,1392,1883,565,301
69.64960001641884,4095,0,439,283
69.9781000148505,4095,0,399,277
70.12000004760921,4095,0,361,270
70.2439000015147,4095,0,327,261
70.37110003875569,4095,0,304,255
70.4933000379242,3554,0,273,247
70.61500003328547,2173,0,273,245
70.76060003601015,1070,2416,525,270
70.8957000169903,274,4048,704,285
71.01790001615882,0,4095,797,291
71.14200002979487,0,4095,874,304
71.26380002591759,0,4095,944,320
71.39190001180395,0,4095,1010,336
71.51980005437508,0,4095,1084,355
71.66610000422224,1275,4095,1154,375
71.80730003165081,2474,1729,928,359
71.94170000730082,3531,271,752,346
72.06460001179948,4095,0,656,343
72.1874000155367,4095,0,593,337
72.31240003602579,4095,0,533,332
72.4356000428088,4095,0,478,320
72.56430003326386,4095,0,426,304
72.69320002524182,2866,0,371,288
72.82890001079068,1757,907,475,293
72.97750003635883,750,2930,672,306
73.10050004161894,4095,0,472,289
73.2232000445947,4095,0,421,278
73.34780000383034,4095,0,382,271
73.4709000098519,4095,0,342,261
73.59540002653375,4095,0,311,253
73.71780002722517,2481,0,278,241
73.85850005084649,1392,1854,486,263
73.9979000063613,483,3481,674,281
74.12170001771301,0,4095,785,291
74.24540002830327,0,4095,863,304
74.36790002975613,0,4095,938,317
74.49760002782568,0,4095,1005,329
74.62680002208799,0,4095,1075,351
74.77300002938136,752,4095,1142,371
74.93240002077073,2087,2794,1033,368
75.06790000479668,3152,725,825,357
75.19110001157969,4095,0,691,347
75.31480002216995,4095,0,624,343
75.43800002895296,4095,0,560,336
75.56210004258901,4095,0,498,327
75.68530004937202,4095,0,446,314
75.80940000480041,3501,0,394,299
75.93450002605096,2157,0,390,290
76.07650000136346,1050,2507,621,305
76.20060001499951,4095,0,452,285
76.32390002254397,4095,0,406,276
76.44800003618002,4095,0,367,270
76.57250005286187,4095,0,336,262
76.69670000905171,4095,0,305,258
76.82800001930445,2870,0,273,245
76.97200000984594,1759,949,400,257
77.1387999993749,758,2948,605,275
77.27920002071187,37,4095,755,287
77.41240004543215,0,4095,835,295
77.54320005187765,0,4095,910,308
77.67170004080981,0,4095,977,324
77.82270002644509,0,4095,1051,341
77.97070004744455,190,4095,1118,366
78.12200003536418,1690,4095,1135,374
78.27050000196323,2833,1136,882,358
78.39999999850988,3955,0,719,348
78.53310002246872,4095,0,647,346
78.6651000380516,4095,0,583,336
78.79380002850667,4095,0,526,329
78.92200001515448,4095,0,464,317
79.05300002312288,4095,0,411,301
79.20190005097538,2503,0,364,279
79.35410004574805,1398,1824,559,299
79.48470005067065,4095,0,441,288
79.61539999814704,4095,0,398,278
79.85540002118796,4095,0,359,272
79.9939000280574,4095,0,326,265
80.12600004440174,4095,0,303,259
80.25670005008578,3470,0,272,253
80.38570004282519,2155,0,293,247
80.57980000739917,1055,2491,531,272
80.72540001012385,263,4095,718,289
80.8561000158079,0,4095,801,294
80.98980004433542,0,4095,879,307
81.12710004206747,0,4095,947,320
81.3510000007227,0,4095,1014,336
81.72130002640188,0,4095,1088,359
81.89610001863912,1267,4095,1158,381
82.04830001341179,2475,1762,933,362
82.19130005454645,3540,272,755,352
82.32360001420602,4095,0,661,347
82.48590002767742,4095,0,597,339
82.61590002803132,4095,0,534,332
82.74450001772493,4095,0,474,321
82.87440001731738,4095,0,427,306
83.0034000100568,2897,0,372,290
83.14320002682507,1762,913,479,297
83.282700041309,753,2950,674,307
83.40890001272783,4095,0,470,288
83.53620005073026,4095,0,426,275
83.66410003509372,4095,0,384,270
83.79910001531243,4095,0,346,257
83.92689999891445,4095,0,314,254
84.05689999926835,2483,0,282,240
84.20430001569912,1392,1882,491,267
84.35170003212988,495,3517,678,284
84.49870004551485,0,4095,794,292
84.63130000745878,0,4095,865,304
84.75910004926845,0,4095,941,318
84.913200000301,0,4095,1008,333
85.04830003948882,0,4095,1076,349
85.19420004449785,781,4095,1147,372
85.34720004536211,2091,2773,1033,368
85.48910001991317,3162,685,819,354
85.61730000656098,4095,0,691,347
85.74870001757517,4095,0,624,342
85.88890003738925,4095,0,562,334
86.01760002784431,4095,0,496,323
86.15610003471375,4095,0,447,309
86.30330004962161,3489,0,395,296
86.43860003212467,2127,0,391,288
86.60190005321056,1044,2507,622,304
86.86340000713244,4095,0,454,284
87.18130004126579,4095,0,407,273
87.31710002757609,4095,0,368,270
87.45750004891306,4095,0,336,261
87.59020001161844,4095,0,305,258
87.71920000435784,2845,0,275,247
87.86080003483221,1732,883,394,257
88.00320001319051,734,2928,601,277
88.13840005313978,11,4095,755,291
88.26720004435629,0,4095,833,301
88.39710004394874,0,4095,911,308
88.5256000328809,0,4095,976,325
88.6612000176683,0,4095,1053,343
88.80790002876893,154,4095,1116,367
88.96480000112206,1693,4095,1115,375
89.11220001755282,2832,1118,877,359
89.24180001486093,3959,0,711,349
89.37240001978353,4095,0,641,343
89.50460003688931,4095,0,579,336
89.63990001939237,4095,0,522,327
89.77570000570267,4095,0,462,317
89.90489999996498,4095,0,412,304
90.0460000266321,2502,0,365,282
90.19270003773272,1411,1823,558,299
90.32130002742633,4095,0,438,285
90.44970001559705,4095,0,396,282
90.57950001442805,4095,0,355,272
90.7088000094518,4095,0,323,263
90.84310004254803,4095,0,301,257
90.97380004823208,3466,0,273,249
91.1066000116989,2108,0,290,245
91.25500003574416,1035,2521,538,272
91.40520001528785,240,4095,720,288
91.54870000202209,0,4095,803,296
91.68730000965297,0,4095,880,305
91.8206000351347,0,4095,951,320
91.95920004276559,0,4095,1019,336
92.10050001274794,0,4095,1088,357
92.25890005473047,1293,4095,1159,381
92.40840002894402,2478,1795,941,362
92.5520000164397,3531,287,759,351
92.68440003506839,4095,0,663,347
92.81590004684404,4095,0,598,339
92.94709999812767,4095,0,538,333
93.0794000159949,4095,0,478,321
93.2230000034906,4095,0,427,304
93.45960000064224,2877,0,375,287
93.62749999854714,1744,929,481,294
93.77150004729629,4095,0,429,282
93.91820000018924,4095,0,386,273
94.09400000004098,4095,0,349,268
94.23880005488172,4095,0,319,261
94.38110003247857,4095,0,294,257
94.52360001159832,4095,0,274,247
94.66950001660734,2470,0,249,240
94.8291000095196,1379,1904,465,262
94.99030001461506,492,3507,656,281
95.13990004779771,0,4095,773,290
95.28760000830516,0,4095,848,301
95.43650003615767,0,4095,924,314
95.59830004582182,0,4095,992,330
95.75440001208335,0,4095,1066,349
95.93050001421943,790,4095,1136,369
96.10750002320856,2097,2767,1013,367
96.27930005080998,3180,689,813,351
96.43309999955818,4095,0,683,346
96.58490004949272,4095,0,615,341
96.72730002785102,4095,0,555,335
96.87070001382381,4095,0,493,324
97.01310005038977,4095,0,442,307
97.1640000352636,3519,0,394,291
97.31430001556873,2117,2,390,283
97.48930000932887,1043,2506,619,301
97.65520005021244,4095,0,452,281
97.81700000166893,4095,0,403,272
98.11700001591817,4095,0,366,266
98.5276999999769,4095,0,336,261
98.68080000160262,4095,0,304,253
98.85780001059175,2880,0,273,243
99.01090001221746,1759,1063,407,256
99.15670001646504,743,2992,610,276
99.29840004770085,21,4095,758,287
99.43230001954362,0,4095,836,299
99.56700005568564,0,4095,912,306
99.70220003742725,0,4095,978,320
99.85210001468658,0,4095,1052,342
100.00860004220158,206,4095,1119,367
100.1677000313066,1707,4095,1124,375
100.3398000029847,2832,1134,880,360
100.48830002779141,3966,0,717,349
100.62800004379824,4095,0,647,346
100.78020003857091,4095,0,579,338
100.92019999865443,4095,0,511,330
101.05930001009256,4095,0,463,320
101.19840002153069,4095,0,413,304
101.33390000555664,2483,0,362,285
101.4889000216499,1389,1887,564,303
101.62920004222542,4095,0,441,283
101.76869999850169,4095,0,398,277
101.90730000613257,4095,0,358,272
102.04500000691041,4095,0,325,262
102.18230000464246,4095,0,304,256
102.32210002141073,3503,0,272,246
102.46480000205338,2125,0,291,246
102.62430005241185,1049,2495,533,270
102.7790000080131,251,4095,720,286
102.92900004424155,0,4095,802,294
103.10980002395809,0,4095,879,304
103.26940001687035,0,4095,950,320
103.42250001849607,0,4095,1015,336
103.57480001403019,0,4095,1088,357
103.73500001151115,1313,4095,1158,381
103.93280000425875,2501,1709,929,362
104.16330001316965,3573,249,752,350
104.32580002816394,4095,0,659,347
104.47510000085458,4095,0,593,337
104.61310000391677,4095,0,535,336
104.7532000229694,4095,0,477,321
104.89600000437349,4095,0,427,304
105.03160004736856,2863,0,371,288
105.20370001904666,1742,893,475,293
105.35600001458079,740,2943,674,306
105.50810000859201,4095,0,471,286
105.6714000296779,4095,0,421,277
105.80920003121719,4095,0,380,271
105.95640004612505,4095,0,340,261
106.0987000237219,4095,0,313,254
106.24280001502484,2469,0,279,241
106.51910002343357,1375,1851,489,267
106.70880001271144,474,3509,677,283
106.85290000401437,0,4095,790,293
106.99370002839714,0,4095,867,303
107.1551000350155,0,4095,941,318
107.31200000736862,0,4095,1007,331
107.46060003293678,0,4095,1077,349
107.61570004979149,811,4095,1146,370
107.77530004270375,2112,2659,1011,367
107.92410001158714,3174,661,816,352
108.06070000398904,4095,0,687,342
108.19920001085848,4095,0,620,341
108.34090004209429,4095,0,559,333
108.47710003145039,4095,0,496,323
108.61490003298968,4095,0,445,307
108.75060001853853,3461,0,396,290
108.88710001017898,2112,0,394,283
109.04240002855659,1045,2529,624,303
109.17840001638979,4095,0,454,287
109.33800000930205,4095,0,406,279
109.47810002835467,4095,0,368,272
109.61500002304092,4095,0,335,263
109.78210001485422,4095,0,304,257
109.92120002629235,2854,0,274,247
110.08589999983087,1747,1007,403,258
110.25160003919154,750,2983,609,275
110.40070001035929,29,4095,757,291
110.54580000927672,0,4095,836,301
110.68850004812703,0,4095,912,312
110.83980003604665,0,4095,979,326
111.00530001567677,0,4095,1053,343
111.16440000478178,230,4095,1121,366
111.33430001791567,1715,4095,1125,375
111.49920005118474,2858,1105,880,358
111.64820002159104,3984,0,715,346
111.79970001103356,4095,0,646,349
111.94960004650056,4095,0,576,336
112.10000002756715,4095,0,511,326
112.25900001591071,4095,0,463,317
112.40720003843307,4095,0,411,301
112.55440005334094,2462,0,362,281
112.72090004058555,1365,1920,566,301
112.8683999995701,4095,0,439,283
113.02310001337901,4095,0,398,276
113.17690002033487,4095,0,359,271
113.32470003981143,4095,0,327,261
113.46990003949031,4095,0,303,256
113.6145000346005,3403,0,273,247
113.75990003580227,2107,2,300,247
113.92270005308092,1021,2510,541,269
114.07960002543405,238,4095,720,287
114.22520002815872,0,4095,805,291
114.37510000541806,0,4095,884,304
114.52719999942929,0,4095,953,320
114.74940000334755,0,4095,1018,336
114.99370000092313,0,4095,1088,355
115.16890005441383,1290,4095,1162,382
115.33470003632829,2486,1762,938,364
115.50390004413202,3542,269,756,351
115.66640000091866,4095,0,662,349
115.81690004095435,4095,0,597,337
115.96280004596338,4095,0,538,330
116.10670003574342,4095,0,479,320
116.2509000278078,4095,0,429,304
116.40390002867207,2858,0,375,286
116.56630004290491,1742,1041,491,295
116.71530001331121,4095,0,430,280
116.86490004649386,4095,0,392,275
117.0146000222303,4095,0,350,268
117.16720002004877,4095,0,322,261
117.3125000204891,4095,0,301,256
117.45720001636073,4095,0,275,249
117.6092000096105,2473,0,247,239
117.7775000105612,1375,1857,464,262
117.93890001717955,479,3467,652,278
118.08300000848249,0,4095,770,289
118.22830000892282,0,4095,848,299
118.37360000936314,0,4095,923,311
118.52460005320609,0,4095,991,325
118.68220003088936,0,4095,1065,346
118.85020002955571,794,4095,1135,368
119.02170005487278,2113,2669,1005,366
119.18360000709072,3181,669,808,352
119.33330004103482,4095,0,681,343
119.50640002032742,4095,0,611,338
119.6877000038512,4095,0,553,331
119.96100004762411,4095,0,490,320
120.14600000111386,4095,0,437,309
120.29390002135187,3431,0,387,292
120.439600024838,2109,0,384,283
120.62270002206787,1040,2487,613,304
120.7804000005126,4095,0,451,285
120.92880002455786,4095,0,402,275
121.07550003565848,4095,0,367,270
121.22020003153011,4095,0,334,267
121.36530003044754,4095,0,306,257
121.51520000770688,2832,0,274,246
121.69770000036806,1722,977,403,259
121.86900002416223,731,2992,611,278
122.02070001512766,16,4095,759,290
122.16960004298016,0,4095,838,304
122.3195000202395,0,4095,912,314
122.5121000315994,0,4095,981,327
122.67260003136471,0,4095,1053,349
122.84419999923557,240,4095,1120,369
123.02450003335252,1723,4095,1125,378
123.18970001069829,2864,1104,880,362
123.33500001113862,3989,0,715,350
123.48170002223924,4095,0,643,346
123.63820004975423,4095,0,577,337
123.78390005324036,4095,0,511,331
123.9280000445433,4095,0,464,319
124.07290004193783,4095,0,410,303
124.21740003628656,2475,0,362,285
124.38460002886131,1379,1843,560,302
124.53490000916645,4095,0,438,285
124.69780002720654,4095,0,400,279
124.85520000336692,4095,0,361,272
125.0185000244528,4095,0,327,268
125.18050003563985,4095,0,304,259
125.34320005215704,3343,0,275,251
125.51220000023022,2095,16,303,249
125.72430004365742,1018,2517,544,272
125.9064000332728,237,4095,725,291
126.07779999962077,0,4095,809,298
126.25310005387291,0,4095,881,310
126.4290000544861,0,4095,954,322
126.6133000026457,0,4095,1023,337
126.82130001485348,0,4095,1092,357
127.04600003780797,1297,4095,1163,382
127.2705000010319,2486,1707,933,364
127.4952000239864,3540,251,755,352
127.69630004186183,4095,0,665,347
127.89680005516857,4095,0,597,339
128.1031000544317,4095,0,535,333
128.3141000312753,4095,0,477,320
128.5386000527069,4095,0,429,305
128.7492000265047,2857,0,375,287
128.98230005521327,1739,1036,491,297
129.1783000342548,4095,0,427,283
129.3733000056818,4095,0,384,279
129.57700004335493,4095,0,351,271
129.78970003314316,4095,0,321,261
129.9944000202231,4095,0,300,259
130.19250001525506,4095,0,277,252
130.38190000224859,2473,0,251,241
130.59480005176738,1365,1916,466,265
130.79850003123283,480,3532,657,281
130.9820000315085,0,4095,773,290
131.16080005420372,0,4095,850,303
131.34000002173707,0,4095,927,313
131.52370002353564,0,4095,993,329
131.7898000124842,0,4095,1066,350
132.14050000533462,832,4095,1137,371
132.34120002016425,2130,2624,1002,367
132.52189999911934,3203,646,804,353
132.68790004076436,4095,0,681,347
132.85300001734868,4095,0,612,342
133.01980000687763,4095,0,550,336
133.190700027626,4095,0,489,326
133.35950003238395,4095,0,438,311
133.53040005313233,3427,0,387,300
133.69730004342273,2096,0,390,288
133.90180002897978,1034,2509,617,304
134.07490000827238,4095,0,449,289
134.26160003291443,4095,0,401,281
134.45320003665984,4095,0,368,271
134.63520002551377,4095,0,335,263
134.81690001208335,4095,0,304,256
135.0162000162527,2836,0,272,243
135.2353000547737,1726,1040,404,258
135.4445000179112,725,2989,609,275
135.63970004906878,4,4095,757,289
135.8369000372477,0,4095,835,299
136.04020001366735,0,4095,912,309
136.2449000007473,0,4095,978,323
136.49360003182665,0,4095,1051,341
136.76600001053885,202,4095,1119,365
137.1699000010267,1713,4095,1122,375
137.41740002296865,2853,1116,880,356
137.62700004735962,3967,0,711,346
137.83530000364408,4095,0,643,342
138.048599998001,4095,0,578,336
138.25100002577528,4095,0,511,328
138.46220000414178,4095,0,462,316
138.66440003039315,4095,0,409,299
138.864700042177,2445,0,360,281
139.40750004258007,1349,1903,566,297
139.63080005487427,4095,0,441,279
139.82650003163144,4095,0,397,273
140.03160002175719,4095,0,359,268
140.3153000283055,4095,0,327,257
140.56690002325922,4095,0,304,256
140.76780003961176,3375,0,275,243
140.98990004276857,2096,0,300,243
141.21840003645048,1019,2509,540,267
141.4403000380844,234,4095,721,287
141.64630003506318,0,4095,806,294
141.8654000153765,0,4095,880,305
142.0965000288561,0,4095,952,320
142.33750000130385,0,4095,1019,335
142.57050002925098,0,4095,1089,356
142.83120003528893,1312,4095,1163,381
143.08260002871975,2506,1701,931,364
143.32690002629533,3583,236,752,350
143.55130004696548,4095,0,662,346
143.77050002804026,4095,0,593,337
144.0067000221461,4095,0,535,329
144.21750005567446,4095,0,479,320
144.42120003513992,4095,0,426,304
144.62520001688972,2881,0,374,286
144.85590002732351,1748,1091,496,293
145.05950000602752,4095,0,431,281
145.261500030756,4095,0,390,273
145.45780001208186,4095,0,354,267
145.6585000269115,4095,0,323,262
145.85960004478693,4095,0,302,260
146.0501000401564,4095,0,275,249
146.24530001310632,2458,0,247,240
146.45530004054308,1363,1955,470,263
146.68410003650934,486,3532,657,278
146.87530003720894,0,4095,774,289
147.05150004010648,0,4095,852,302
147.22210000036284,0,4095,924,310
147.41090004099533,0,4095,996,331
147.58990000700578,0,4095,1067,349
147.78100000694394,839,4095,1137,373
147.96520001254976,2146,2595,999,366
148.14920001663268,3221,640,803,352
148.42270000372082,4095,0,679,343
148.73970003100112,4095,0,612,339
148.9276000065729,4095,0,551,332
149.09400005126372,4095,0,493,322
149.2701000533998,4095,0,437,310
149.43230000790209,3399,0,389,295
149.6107000275515,2091,0,381,283
149.81300005456433,1018,2465,610,304
149.9838000163436,4095,0,451,286
150.16550000291318,4095,0,406,275
150.3441000240855,4095,0,367,269
150.55260004010051,4095,0,336,263
150.73880000272766,4095,0,307,257
150.93740000156686,2834,0,276,245
151.14760003052652,1728,971,400,258
151.36310004163533,720,2960,606,275
151.61030000308529,10,4095,755,291
151.81140002096072,0,4095,839,302
152.02130004763603,0,4095,911,313
152.22270000958815,0,4095,979,325
152.4459000211209,0,4095,1053,343
152.71790005499497,257,4095,1120,367
152.97540003666654,1749,4027,1113,376
153.2714000204578,2874,1073,874,358
153.75140000833198,4000,0,710,348
153.97120005218312,4095,0,640,345
154.1830000351183,4095,0,576,336
154.3908000458032,4095,0,511,329
154.59490002831444,4095,0,462,319
154.7996000153944,4095,0,406,304
155.01440002117306,2448,0,359,285
155.27360001578927,1359,1906,563,302
155.56400001514703,4095,0,439,282
155.80560005037114,4095,0,400,274
155.9893000521697,4095,0,362,268
156.16060001775622,4095,0,328,261
156.31930000381544,4095,0,304,255
156.50070004630834,3355,0,274,245
156.67490003397688,2078,43,304,245
156.85570001369342,999,2538,543,269
157.03680005390197,208,4095,721,286
157.19580004224554,0,4095,806,293
157.35310001764446,0,4095,880,304
157.5155000318773,0,4095,954,320
157.68050000770018,0,4095,1021,336
157.92500000679865,0,4095,1090,356
158.13019999768585,1296,4095,1165,381
158.32630003569648,2499,1696,930,365
158.54710002895445,3569,235,752,349
158.73330004978925,4095,0,663,344
158.9320000493899,4095,0,593,339
159.13340001134202,4095,0,537,330
159.33809999842197,4095,0,475,320
159.5695000141859,4095,0,423,304
159.79180001886562,2851,0,372,287
160.04610003437847,1718,974,482,294
160.29760002857074,722,2949,677,306
160.57280002860352,4095,0,475,288
160.81490000942722,4095,0,426,278
161.05620004236698,4095,0,381,272
161.29890002775937,4095,0,345,261
161.57390002626926,4095,0,313,253
161.8224999983795,2438,0,277,243
162.11410000687465,1350,1939,496,270
162.38550003618002,454,3574,687,288
162.6535000395961,0,4095,796,295
162.97500004293397,0,4095,873,304
163.28310000244528,0,4095,943,319
163.65010000299662,0,4095,1008,336
163.91730000032112,0,4095,1079,352
164.1865000128746,850,4095,1150,374
164.48980005225167,2139,2624,1010,368
164.76300003705546,3207,641,816,352
165.01450003124774,4095,0,688,349
165.2674000361003,4095,0,619,342
165.56720004882663,4095,0,560,336
165.84090003743768,4095,0,496,325
166.18180001387373,4095,0,444,309
166.68240004219115,3379,0,394,293
166.97540000313893,2094,26,400,286
167.26860002381727,1008,2535,624,304
167.52200003247708,4095,0,459,286
167.77290002210066,4095,0,407,281
168.05750003550202,4095,0,370,271
168.33440004847944,4095,0,336,263
168.6013000435196,4095,0,309,256
168.86350000277162,2832,0,275,246
169.14930002531037,1729,1121,418,261
169.43170002195984,733,3037,622,279
169.68990000896156,15,4095,765,291
169.93040003580973,0,4095,845,303
170.4092000145465,0,4095,915,311
170.8941000397317,0,4095,987,327
171.13010003231466,0,4095,1056,345
171.3725000154227,273,4095,1125,386
171.6205000411719,1745,4095,1127,374
171.88040004111826,2874,1104,880,360
172.1009000320919,4020,0,720,349
172.3214000230655,4095,0,647,345
172.54200001480058,4095,0,581,336
172.77270002523437,4095,0,525,330
173.00880001857877,4095,0,464,318
173.24610002106056,4095,0,411,303
173.49710001144558,2451,0,363,282
173.77450002823025,1341,1938,570,303
174.0370000479743,4095,0,442,283
174.30510005215183,4095,0,400,277
174.5686000213027,4095,0,359,270
174.8350000125356,4095,0,326,261
175.33880000701174,4095,0,304,255
175.6409000372514,3389,0,272,249
175.95500004244968,2096,11,299,244
176.28460004925728,1008,2535,541,270
176.60679999971762,235,4095,722,286
176.9272000528872,0,4095,806,292
177.25320003228262,0,4095,882,304
177.58040002081543,0,4095,950,319
177.9240000178106,0,4095,1014,335
178.26210003113374,0,4095,1090,355
178.64910000935197,1341,4095,1162,377
179.02140005026013,2544,1665,927,359
179.38680003862828,3631,208,751,346
179.71039999974892,4095,0,661,345
180.02790003083646,4095,0,595,336
180.34660001285374,4095,0,534,331
180.68830005358905,4095,0,475,320
180.99430005531758,4095,0,428,304
181.2878000200726,2833,0,374,286
181.60080001689494,1714,1008,490,297
181.88010004814714,4095,0,428,279
182.3638000059873,4095,0,390,273
182.66200000653043,4095,0,350,267
183.18220000946894,4095,0,320,258
183.51570004597306,4095,0,304,257
183.80370002705604,4095,0,273,250
184.07130002742633,2432,0,247,240
184.35740005224943,1335,1975,474,265
184.6570000052452,464,3609,663,282
184.96010004309937,0,4095,774,291
185.24150003213435,0,4095,851,303
185.5403000372462,0,4095,927,315
185.8446000260301,0,4095,993,328
186.198300041724,0,4095,1069,350
186.6005000192672,839,4095,1136,374
187.00200004968792,2138,2673,1008,367
187.36750003881752,3200,667,811,354
187.75180005468428,4095,0,683,346
188.08740004897118,4095,0,618,341
188.37720004376024,4095,0,554,332
188.7226000544615,4095,0,492,322
188.97340004332364,4095,0,439,309
189.21560002490878,3377,0,388,292
189.49630000861362,2077,179,414,291
189.7398000000976,4095,0,414,278
189.98580001061782,4095,0,378,274
190.25150005472824,4095,0,343,270
190.523800032679,4095,0,317,262
190.79130003228784,4095,0,298,260
191.05970003874972,4095,0,273,251
191.33780000265688,2834,0,249,243
191.66740000946447,1712,1019,384,255
191.97110005188733,718,2978,592,272
192.24380003288388,0,4095,740,289
192.52640003105626,0,4095,820,299
192.7977000013925,0,4095,897,310
193.0567000526935,0,4095,966,322
193.32500000018626,0,4095,1040,341
193.62279999768361,227,4095,1107,366
193.91410000389442,1741,3906,1095,369
194.18580003548414,2870,1047,855,354
194.4431000156328,4015,0,702,345
194.68150002649054,4095,0,629,341
195.01230004243553,4095,0,569,336
195.30960003612563,4095,0,505,323
195.56780002312735,4095,0,455,312
195.81330002984032,4095,0,403,299
196.0580000304617,2438,0,355,278
196.33480004267767,1358,1905,561,300
196.72330003231764,4095,0,437,278
196.94300001719967,4095,0,393,274
197.1503000240773,4095,0,353,268
197.3608000553213,4095,0,323,261
197.56510003935546,4095,0,299,256
197.8450000169687,3376,0,272,246
198.1118000112474,2078,129,309,249
198.3546999981627,1006,2559,546,272
198.595900030341,226,4095,724,286
198.85000004433095,0,4095,809,295
199.09690000349656,0,4095,880,304
199.34190000640228,0,4095,954,321
199.61090001743287,0,4095,1020,336
199.8495000298135,0,4095,1091,357
200.11680002789944,1359,4095,1162,379
200.3689000266604,2545,1683,929,363
200.62360004521906,3632,222,752,350
201.10480004223064,4095,0,659,347
201.46110001951456,4095,0,594,339
201.74230000702664,4095,0,533,332
201.9770000479184,4095,0,475,323
202.2121000336483,4095,0,427,304
202.64170004520565,2816,0,374,288
202.89460005005822,1706,1023,492,294
203.11060000676662,4095,0,429,285
203.37690005544573,4095,0,389,278
203.78010004060343,4095,0,352,272
203.98910000221804,4095,0,320,262
204.18850000714883,4095,0,299,258
204.3905000318773,4095,0,273,253
204.58550000330433,2437,0,247,240
204.80590005172417,1339,1926,465,262
205.01490001333877,458,3501,656,278
205.20419999957085,0,4095,771,288
205.39380004629493,0,4095,848,303
205.58760000858456,0,4095,925,314
205.77810000395402,0,4095,993,331
205.97090001683682,0,4095,1066,350
206.17050002329051,861,4095,1136,372
206.37440000427887,2155,2501,987,367
206.5719000529498,3237,615,799,352
206.74710004823282,4095,0,676,346
206.91760000772774,4095,0,610,340
207.11860002484173,4095,0,549,331
207.29040005244315,4095,0,487,323
207.4590000556782,4095,0,433,307
207.62719999765977,3371,0,385,294
207.8101000515744,2071,71,399,286
207.9976000241004,1005,2557,623,304
208.16670003114268,4095,0,454,290
208.33440002752468,4095,0,407,279
208.50390003761277,4095,0,368,272
208.67720001842827,4095,0,334,263
208.85000005364418,4095,0,304,257
209.0193000040017,2827,0,274,243
209.20700003625825,1712,1111,414,260
209.38850002130494,720,3035,618,274
209.56200000364333,7,4095,763,289
209.73690005484968,0,4095,839,303
209.9096000310965,0,4095,914,311
210.08460002485663,0,4095,983,327
210.2669000159949,0,4095,1057,343
210.4609000380151,278,4095,1124,368
210.6649000197649,1750,4011,1114,374
210.85840003797784,2878,1055,870,361
211.03320003021508,4010,0,714,347
211.20740001788363,4095,0,643,342
211.38600003905594,4095,0,577,337
211.56930003780872,4095,0,511,327
211.75150002818555,4095,0,461,315
211.9360000360757,4095,0,408,301
212.11040002526715,2451,0,363,284
212.3033000389114,1358,1943,568,301
212.47890003724024,4095,0,441,286
212.71330001764,4095,0,399,277
212.9071000381373,4095,0,361,271
213.08050001971424,4095,0,331,261
213.2518000435084,4095,0,304,256
213.42370001366362,3338,0,274,247
213.60450005158782,2083,49,304,247
213.79490004619583,1008,2543,543,272
213.98090000730008,226,4095,727,288
214.20800004852936,0,4095,806,295
214.44100001826882,0,4095,881,306
214.82660004403442,0,4095,955,321
215.00510000623763,0,4095,1020,336
215.17870004754514,0,4095,1093,357
215.36930004367605,1348,4095,1163,379
215.56330000748858,2533,1735,934,363
215.77010001055896,3605,273,758,351
215.95240000169724,4095,0,663,346
216.13200003048405,4095,0,598,339
216.300800035242,4095,0,538,331
216.53240005252883,4095,0,477,320
216.8631000095047,4095,0,427,304
217.14150003390387,2834,0,375,290
217.40310004679486,1710,1119,496,297
217.59060001932085,4095,0,432,279
217.7711000549607,4095,0,387,274
217.942800023593,4095,0,354,270
218.1131000397727,4095,0,321,263
218.28349999850616,4095,0,301,258
218.45460002077743,4095,0,273,251
218.62800000235438,2430,0,245,240
218.82060001371428,1333,1995,474,266
219.00950005510822,450,3617,661,282
219.18640000512823,0,4095,777,291
219.39940005540848,0,4095,852,303
219.6442999993451,0,4095,928,316
219.87900004023686,0,4095,993,327
220.2153000398539,0,4095,1070,348
220.40940000442788,858,4095,1136,368
220.61140002915636,2158,2544,993,364
220.7907999982126,3237,628,802,351
220.95740004442632,4095,0,678,345
221.12540004309267,4095,0,610,339
221.29270003642887,4095,0,549,330
221.4627000503242,4095,0,487,321
221.62910003680736,4095,0,436,304
221.80100000696257,3389,0,385,291
221.9755999976769,2074,32,394,284
222.163200029172,1009,2528,620,302
222.330900025554,4095,0,452,288
222.54000004613772,4095,0,405,276
222.71300002466887,4095,0,367,271
222.88410004694015,4095,0,333,262
223.05359999882057,4095,0,307,256
223.2226000051014,2811,0,276,243
223.4106000396423,1707,983,400,259
223.5903000109829,714,2979,607,275
223.76070002792403,2,4095,757,290
223.92760001821443,0,4095,837,302
224.12520000943914,0,4095,911,315
224.29290000582114,0,4095,979,327
224.46650004712865,0,4095,1053,344
224.65280001051724,310,4095,1120,367
224.84380000969395,1755,3910,1106,373
225.02810001606122,2875,1043,865,357
225.1976000261493,4004,0,703,345
225.3733000252396,4095,0,640,341
225.54140002466738,4095,0,576,336
225.70870001800358,4095,0,510,326
225.87640001438558,4095,0,459,313
226.04370000772178,4095,0,406,303
226.21079999953508,2437,0,358,279
226.396800018847,1333,2032,576,299
226.57220001565292,4095,0,439,281
226.76300001330674,4095,0,398,273
226.9355000462383,4095,0,361,269
227.14620002079755,4095,0,327,260
227.40820003673434,4095,0,303,254
227.6071000378579,3382,0,274,245
227.78650000691414,2081,59,304,245
227.98680001869798,993,2547,542,271
228.17930002929643,219,4095,726,288
228.35859999759123,0,4095,809,293
228.53880003094673,0,4095,882,305
228.71780005516484,0,4095,954,319
228.90210000332445,0,4095,1019,336
229.08470005495474,0,4095,1091,354
229.29680004017428,1349,4095,1164,379
229.50570000102744,2533,1639,926,363
229.709500039462,3583,208,751,348
229.92240003077313,4095,0,661,344
230.10280000744388,4095,0,594,337
230.2808000240475,4095,0,535,329
230.45680002542213,4095,0,475,320
230.6325000245124,4095,0,426,304
230.8084000251256,2821,0,374,287
231.00730002624914,1697,1119,496,294
231.18810000596568,4095,0,432,282
231.49060003925115,4095,0,389,274
231.85570002533495,4095,0,351,267
232.06460004439577,4095,0,320,258
232.24260000279173,4095,0,303,257
232.4332999996841,4095,0,276,251
232.61050001019612,2426,0,246,240
232.80789999989793,1337,1975,474,265
232.99760004738346,453,3568,661,281
233.17030002363026,0,4095,774,288
233.34080004133284,0,4095,851,302
233.525300049223,0,4095,925,311
233.7100000004284,0,4095,993,329
233.90210000798106,0,4095,1067,347
234.09290000563487,890,4095,1137,369
234.2894000466913,2162,2544,995,365
234.48970000026748,3228,603,797,351
234.674500010442,4095,0,678,342
234.85590005293489,4095,0,607,338
235.03180005354807,4095,0,550,332
235.20570003893226,4095,0,487,322
235.38350005401298,4095,0,437,306
235.56390003068373,3332,0,385,293
235.7520000077784,2058,97,400,286
235.95420003402978,1002,2559,624,303
236.1621000454761,4095,0,454,285
236.5233000018634,4095,0,407,275
236.70639999909326,4095,0,368,270
236.8832000065595,4095,0,336,263
237.0570000493899,4095,0,304,256
237.23520000930876,2802,0,275,241
237.42570000467822,1707,1059,410,257
237.6133000361733,697,3013,614,273
237.78890003450215,0,4095,759,288
237.9641000297852,0,4095,839,298
238.13430004520342,0,4095,912,311
238.30540000926703,0,4095,979,326
238.48580004414544,0,4095,1054,347
238.67950000567362,258,4095,1122,367
238.88990003615618,1753,3902,1104,371
239.07920002238825,2879,1043,867,358
239.25560002680868,4016,0,707,348
239.43630000576377,4095,0,640,346
239.6117000025697,4095,0,576,337
239.78880001232028,4095,0,511,328
239.96030003763735,4095,0,460,316
240.13280001236126,4095,0,407,300
240.30380003387108,2437,0,357,282
240.49590004142374,1333,1961,570,301
240.67240004660562,4095,0,443,281
240.84590002894402,4095,0,399,275
241.0170000512153,4095,0,359,269
241.19230004725978,4095,0,327,262
241.36390001513064,4095,0,304,255
241.53920001117513,3312,0,275,244
241.7219000053592,2060,53,304,243
241.9107000459917,967,2559,545,267
242.0999000314623,205,4095,727,283
242.2826000256464,0,4095,810,294
242.46850004419684,0,4095,883,305
242.65180004294962,0,4095,955,320
242.84860002808273,0,4095,1020,335
243.04820003453642,0,4095,1094,357
243.27120004454628,1360,4095,1161,379
243.49140003323555,2544,1655,927,358
243.70990000898018,3600,224,752,347
243.92110004555434,4095,0,662,347
244.14050002815202,4095,0,593,336
244.35500003164634,4095,0,535,327
244.57170005189255,4095,0,476,320
244.80040004709736,4095,0,425,304
245.02400000346825,2790,0,374,286
245.2781000174582,1679,1202,503,294
245.5208000028506,4095,0,431,277
245.75790000380948,4095,0,390,272
246.0001000436023,4095,0,350,265
246.25740002375096,4095,0,321,258
246.50420004036278,4095,0,300,258
246.7506000539288,4095,0,274,246
247.00480001047254,2432,0,249,239
247.2886000177823,1345,1962,471,261
247.56510002771392,467,3526,656,275
247.8228000109084,0,4095,773,288
248.11890005366877,0,4095,848,301
248.77480004215613,0,4095,922,311
249.04290004633367,0,4095,991,325
249.30390005465597,0,4095,1065,347
249.55950002186,889,4095,1136,368
249.8287000344135,2163,2387,976,359
250.0757000525482,3248,550,785,347
250.3104000352323,4095,0,668,344
250.53900002967566,4095,0,601,337
250.76830002944916,4095,0,544,329
250.99860003683716,4095,0,481,320
251.22010003542528,4095,0,432,304
251.43590004881844,3345,0,384,288
251.65800005197525,2063,22,387,285
251.89750001300126,998,2538,618,302
252.10990000050515,4095,0,450,287
252.31740000890568,4095,0,406,278
252.52300000283867,4095,0,368,271
252.7299000066705,4095,0,334,261
252.9602000140585,4095,0,306,252
253.33710003178567,2794,0,275,245
253.55990004027262,1677,1105,414,260
253.76530003268272,686,3023,617,278
253.95490002119914,0,4095,763,289
254.1386000229977,0,4095,841,301
254.31660003960133,0,4095,913,313
254.49640001170337,0,4095,983,325
254.68460004776716,0,4095,1054,341
254.87770000472665,279,4095,1122,366
255.08820003597066,1765,4028,1115,371
255.28540002414957,2898,1061,875,356
255.4614000255242,4022,0,714,343
255.63750002766028,4095,0,642,342
255.81500004045665,4095,0,576,336
255.9958000201732,4095,0,511,326
256.1703000101261,4095,0,462,311
256.3455000054091,4095,0,407,301
256.5216000075452,2416,0,362,279
256.7158000310883,1316,1994,571,300
256.90279999980703,442,3583,742,309
257.083100033924,4095,0,497,286
257.25840002996847,4095,0,446,281
257.43470003362745,4095,0,400,272
257.6126000494696,4095,0,360,260
257.78880005236715,3329,0,321,250
257.9752000165172,2055,114,350,255
258.16270004725084,980,2559,579,274
258.3504000212997,197,4095,757,290
258.52660002419725,0,4095,832,299
258.7125000427477,0,4095,911,309
258.89190001180395,0,4095,976,323
259.09110001521185,0,4095,1046,338
259.2808000044897,0,4095,1112,362
259.4818000216037,1366,4095,1184,384
259.6794000128284,2544,1651,945,367
259.87410004017875,3635,208,767,351
260.0588000495918,4095,0,677,349
260.2411000407301,4095,0,608,341
260.4293000185862,4095,0,546,335
260.61310002114624,4095,0,486,323
260.7956000138074,4095,0,432,305
260.97400003345683,2783,0,379,289
261.17220002925023,1682,1200,510,300
261.3517999998294,4095,0,438,282
261.5366000100039,4095,0,392,274
261.72730000689626,4095,0,355,268
261.90979999955744,4095,0,322,261
262.0957000181079,4095,0,303,256
262.28720002109185,4095,0,275,252
262.5584000488743,2412,0,250,239
262.84390001092106,1326,2013,478,263
263.03990004817024,437,3600,663,280
263.23550002416596,0,4095,775,287
263.43750004889444,0,4095,851,303
263.62110004993156,0,4095,929,312
263.80400004563853,0,4095,993,329
264.00140003534034,0,4095,1071,347
264.22170002479106,872,4095,1139,371
264.6311999997124,2162,2453,986,363
264.83520003966987,3271,565,794,352
265.0200000498444,4095,0,673,343
265.2168000349775,4095,0,608,341
265.40830003796145,4095,0,547,333
265.59930003713816,4095,0,485,321
265.78300003893673,4095,0,435,307
265.96680004149675,3293,0,384,291
266.1599999992177,2035,12,389,286
266.3617000216618,973,2527,618,304
266.54590002726763,4095,0,453,289
266.72910002525896,4095,0,406,279
266.91610005218536,4095,0,368,271
267.1316000050865,4095,0,333,262
267.3683000029996,4095,0,305,256
267.5673000048846,2816,0,273,242
267.7759000216611,1699,1130,414,259
267.97710004029796,705,3051,619,274
268.1605000398122,0,4095,761,290
268.3443000423722,0,4095,841,302
268.5260000289418,0,4095,913,310
268.71110004140064,0,4095,982,327
268.90610001282766,0,4095,1056,343
269.11270001437515,343,4095,1123,368
269.37170000746846,1779,4035,1117,375
269.7353000403382,2901,1087,877,362
269.928699999582,4049,0,714,349
270.1117000542581,4095,0,643,347
270.2936000423506,4095,0,578,339
270.47610003501177,4095,0,511,326
270.65360004780814,4095,0,461,315
270.83390002371743,4095,0,410,302
271.0168000194244,2433,0,360,281
271.21710003120825,1330,2032,577,301
271.4012000360526,4095,0,444,282
271.5889000101015,4095,0,400,275
271.7731000157073,4095,0,362,269
271.95610001217574,4095,0,332,258
272.14070002082735,4095,0,305,255
272.33150001848117,3253,0,277,246
272.5281000020914,2045,144,317,249
272.72130001802,980,2586,551,270
272.9113000095822,207,4095,731,289
273.0907000368461,0,4095,813,293
273.2734000310302,0,4095,886,307
273.4600000549108,0,4095,959,322
273.6445000045933,0,4095,1023,337
273.8293000147678,0,4095,1098,358
274.0388000383973,1362,4095,1168,382
274.2413000087254,2559,1600,925,362
274.440000008326,3660,186,752,349
274.61920003406703,4095,0,661,343
274.8071000096388,4095,0,594,338
274.9926000251435,4095,0,538,331
275.1758000231348,4095,0,475,319
275.36010002950206,4095,0,427,304
275.5445000366308,2785,0,374,287
275.74740001000464,1679,1110,496,298
275.92600003117695,4095,0,432,282
276.10529999947175,4095,0,389,276
276.2946000439115,4095,0,353,269
276.47830004571006,4095,0,322,261
276.66319999843836,4095,0,302,256
276.8485000124201,4095,0,274,247
277.04240003367886,2412,0,247,240
277.24580001085997,1313,2003,475,262
277.4435000028461,443,3619,663,282
277.6301000267267,0,4095,776,290
277.8180000022985,0,4095,853,304
277.9994000447914,0,4095,928,314
278.1865000142716,0,4095,993,329
278.3777000149712,0,4095,1069,349
278.5841000149958,912,4095,1138,374
278.79530005156994,2189,2467,987,367
278.9950000005774,3263,599,795,351
279.1826000320725,4095,0,675,347
279.371100012213,4095,0,610,341
279.55980005208403,4095,0,549,333
279.74680002080277,4095,0,488,322
279.93300004163757,4095,0,437,307
280.11810005409643,3310,0,387,293
280.3092000540346,2032,99,402,287
280.5110000190325,969,2559,624,304
280.738300003577,4095,0,459,285
281.1840000213124,4095,0,412,275
281.38850000686944,4095,0,371,269
281.5768000436947,4095,0,336,261
281.764600018505,4095,0,309,256
281.95630002301186,2769,0,278,242
282.15690003708005,1680,1080,413,256
282.3514000046998,688,3010,615,274
282.5371000217274,0,4095,764,288
282.7189000090584,0,4095,841,299
282.9005000530742,0,4095,914,312
283.08170003583655,0,4095,985,325
283.27470005024225,0,4095,1057,342
283.50060002412647,311,4095,1126,365
283.714700024575,1776,3843,1104,369
283.9284000219777,2898,1037,867,357
284.1183000127785,4027,0,710,347
284.3019000138156,4095,0,640,341
284.4856000156142,4095,0,576,336
284.67400005320087,4095,0,511,326
284.860200015828,4095,0,461,317
285.0488000549376,4095,0,407,301
285.23950005182996,2432,0,359,282
285.4492000187747,1334,1991,575,298
285.65309999976307,451,3551,742,311
285.8456000103615,4095,0,496,290
286.0676000127569,4095,0,443,283
286.4187000086531,4095,0,400,272
286.61500004818663,4095,0,357,262
286.80200001690537,3317,0,321,254
286.9955000351183,2043,91,347,256
287.1965000522323,976,2559,578,275
287.39300003508106,205,4095,757,293
287.5768000376411,0,4095,835,301
287.7602000371553,0,4095,910,310
287.94780001044273,0,4095,977,326
288.13920001266524,0,4095,1047,341
288.3281000540592,0,4095,1111,363
288.5363000095822,1375,4095,1182,384
288.738600036595,2558,1637,944,367
288.9366000308655,3650,203,767,354
289.14850001456216,4095,0,674,348
289.33780000079423,4095,0,605,337
289.5247000269592,4095,0,547,334
289.7071000188589,4095,0,487,321
289.8919000290334,4095,0,432,306
290.077600046061,2801,0,381,287
290.2800000156276,1681,1184,509,297
290.465000027325,4095,0,435,283
290.6483000260778,4095,0,394,275
290.8397000283003,4095,0,357,271
291.0235000308603,4095,0,326,262
291.2074000341818,4095,0,304,258
291.39090003445745,4095,0,277,253
291.57510004006326,2403,0,251,241
291.7784000164829,1295,1983,475,263
291.9740000506863,429,3566,663,282
292.1638000407256,0,4095,775,289
292.3523000208661,0,4095,853,303
292.5467000459321,0,4095,928,318
292.7330000093207,0,4095,996,331
292.9232000024058,0,4095,1070,351
293.1319000199437,896,4095,1141,374
293.34040003595874,2202,2431,983,366
293.54400001466274,3235,595,798,353
293.73540001688525,4095,0,676,349
293.92940003890544,4095,0,606,339
294.1223000525497,4095,0,549,334
294.30629999842495,4095,0,485,323
294.50090002501383,4095,0,434,309
294.69410004094243,3322,0,385,294
294.895600003656,2054,98,400,289
295.09650002000853,985,2559,624,304
295.2932000043802,4095,0,455,289
295.4850000096485,4095,0,407,278
295.6880000419915,4095,0,368,272
296.0124000092037,4095,0,333,265
296.2295000324957,4095,0,307,253
296.4323000051081,2788,0,275,247
296.64490005234256,1666,1173,422,260
296.852300001774,671,3059,623,279
297.04560001846403,0,4095,764,291
297.2392000374384,0,4095,845,302
297.43680002866313,0,4095,918,314
297.64570004772395,0,4095,982,330
298.00050001358613,0,4095,1057,347
298.2651000493206,336,4095,1125,368
298.49290003767237,1776,3885,1106,375
298.71030000504106,2894,1040,870,358
298.90270001487806,4019,0,709,348
299.09610003232956,4095,0,641,345
299.2913000052795,4095,0,576,336
299.48730004252866,4095,0,511,330
299.68260001624003,4095,0,461,320
299.8832000303082,4095,0,407,302
300.09170004632324,2415,0,358,283
300.3024000208825,1312,1981,571,302
300.5143000045791,433,3568,743,315
300.7129000034183,4095,0,496,288
300.9183000540361,4095,0,447,279
301.1104000033811,4095,0,399,272
301.39090004377067,4095,0,357,263
301.65620002662763,3300,0,321,253
301.871600036975,2047,171,354,255
302.0929000340402,989,2595,582,274
302.30440001469105,213,4095,759,295
302.5103000109084,0,4095,839,303
302.85930004902184,0,4095,912,311
303.0993000138551,0,4095,979,327
303.3158000325784,0,4095,1049,341
303.518200002145,0,4095,1118,367
303.7404000060633,1370,4095,1184,385
303.9595000445843,2559,1635,944,368
304.1635000263341,3658,191,767,357
304.3563000392169,4095,0,678,352
304.5486000482924,4095,0,609,343
304.74340001819655,4095,0,549,335
304.9383000470698,4095,0,490,325
305.1343000261113,4095,0,433,307
305.32660003518686,2780,0,381,290
305.5459000170231,1687,1229,511,299
305.7435000082478,4095,0,438,290
305.93950004549697,4095,0,396,282
306.1343000154011,4095,0,358,272
306.3257000176236,4095,0,326,267
306.51620001299307,4095,0,304,265
306.7119000479579,4095,0,279,253
306.9116999977268,2407,0,251,241
307.1231000358239,1323,2053,483,267
307.3281000251882,448,3647,671,286
307.5195000274107,0,4095,781,293
307.71660001482815,0,4095,855,304
307.91440000757575,0,4095,933,319
308.1328000407666,0,4095,998,335
308.33090003579855,0,4095,1072,352
308.54350002482533,895,4095,1143,377
308.75960004050285,2199,2455,988,368
308.9691000059247,3248,591,800,354
309.1711000306532,4095,0,677,350
309.3638000427745,4095,0,610,345
309.5611000317149,4095,0,551,336
309.77530003292486,4095,0,490,322
309.9888000288047,4095,0,435,311
310.20540004828945,3280,0,387,293
310.44270005077124,2036,174,411,290
310.6565000489354,981,2591,630,304
310.8586000162177,4095,0,463,290
311.05650000972673,4095,0,414,284
311.25470000552014,4095,0,371,272
311.45269999979064,4095,0,336,264
311.6567000397481,4095,0,308,258
311.8619000306353,2782,0,277,246
312.08470003912225,1685,1200,426,263
312.3094000038691,701,3058,624,277
312.5121000339277,0,4095,766,289
312.7165000187233,0,4095,846,299
312.9219000111334,0,4095,918,312
313.1201000069268,0,4095,985,326
313.3213000255637,0,4095,1058,343
313.5416000150144,327,4095,1126,368
313.76600003568456,1796,3861,1105,373
313.98990005254745,2933,1022,867,358
314.3199000041932,4095,0,711,347
314.55540005117655,4095,0,641,343
314.75700001465157,4095,0,576,336
314.9599000462331,4095,0,511,327
315.1579000405036,4095,0,460,314
315.34840003587306,4095,0,407,299
315.5413000495173,2403,0,358,279
315.76440000208095,1310,2041,578,301
315.9600000362843,4095,0,446,282
316.1543000023812,4095,0,400,274
316.34900002973154,4095,0,362,269
316.5439000003971,4095,0,329,259
316.7393000330776,4095,0,305,256
316.9417000026442,3287,0,274,244
317.14040000224486,2035,19,303,243
317.35870003467426,969,2534,542,267
317.56670004688203,195,4095,725,285
317.7593000000343,0,4095,806,292
317.9519000113942,0,4095,882,307
318.1486000539735,0,4095,954,320
318.35030001820996,0,4095,1022,336
318.55390005512163,0,4095,1090,357
318.77900002291426,1371,4095,1165,382
319.0162000246346,2559,1571,919,359
319.272400054615,3647,176,747,347
319.57440002588555,4095,0,656,343
319.8415000224486,4095,0,592,336
320.0479000224732,4095,0,531,327
320.2504000510089,4095,0,477,320
320.4777000355534,4095,0,426,304
320.67990000359714,2781,0,370,286
320.9109000163153,1671,1129,496,296
321.1128000402823,4095,0,432,282
321.3083000155166,4095,0,389,273
321.5092000318691,4095,0,352,268
321.7128000105731,4095,0,321,260
321.9109000056051,4095,0,301,258
322.1112000173889,4095,0,273,250
322.31290003983304,2400,0,246,240
322.54140003351495,1307,2022,477,263
322.75960000697523,434,3600,662,281
322.9591000126675,0,4095,775,292
323.1565000023693,0,4095,852,302
323.35230003809556,0,4095,927,315
323.5479000140913,0,4095,995,332
323.7496000365354,0,4095,1071,349
324.0024000406265,928,4095,1138,371
324.23900003777817,2177,2485,987,366
324.4517000275664,3253,610,798,351
324.6519000385888,4095,0,678,347
324.87570005469024,4095,0,609,338
325.1025000354275,4095,0,549,333
325.34090004628524,4095,0,486,321
325.55560005130246,4095,0,435,309
325.76350000454113,3279,0,384,293
325.9811000316404,2041,233,417,288
326.19410002371296,982,2627,631,304
326.402600039728,4095,0,461,290
326.6132000135258,4095,0,412,279
326.8285000231117,4095,0,371,272
327.0485000102781,4095,0,337,266
327.26590003585443,4095,0,308,255
327.4805000401102,2791,0,277,246
327.7118999976665,1701,1157,423,259
327.94400001876056,720,3056,623,278
328.17670004442334,0,4095,767,293
328.3919000532478,0,4095,847,304
328.6064999992959,0,4095,918,313
328.834000043571,0,4095,987,326
329.05770000070333,0,4095,1059,347
329.29330004844815,386,4095,1130,368
329.5339000178501,1825,3696,1095,372
329.762400011532,2955,973,859,357
329.981500050053,4095,0,707,347
330.20990004297346,4095,0,637,343
330.4509000154212,4095,0,575,336
330.8227000525221,4095,0,510,327
331.2784000299871,4095,0,458,314
331.57460001530126,4095,0,406,299
331.8361000274308,2389,0,358,279
332.1214000461623,1310,1968,571,300
332.401400024537,432,3575,743,311
332.6714000431821,4095,0,501,292
332.9443000257015,4095,0,448,283
333.21860001888126,4095,0,400,273
333.5080000106245,4095,0,357,267
333.79710000008345,3263,0,320,256
334.1110000037588,2032,219,362,257
334.42950004246086,965,2624,588,276
334.7531000035815,176,4095,761,292
335.06500005023554,0,4095,839,302
335.3835000307299,0,4095,913,311
335.71340003982186,0,4095,981,325
336.05160005390644,0,4095,1051,340
336.44640003331006,0,4095,1117,365
336.91880002152175,1367,4095,1185,384
337.27410004939884,2545,1600,943,366
337.6112000551075,3637,176,765,351
337.9268000135198,4095,0,676,350
338.2668000413105,4095,0,606,340
338.7088000308722,4095,0,547,335
339.07840005122125,4095,0,484,321
339.43610003916547,4095,0,433,304
339.79390002787113,2773,0,382,289
340.1975000160746,1673,1259,524,299
340.5829000403173,4095,0,436,283
340.96530004171655,4095,0,400,274
341.3340000552125,4095,0,358,271
341.7060000356287,4095,0,325,261
342.06560003804043,4095,0,304,258
342.41850004764274,4095,0,277,250
342.77860005386174,2413,0,251,239
343.15070003503934,1325,2018,480,263
343.5049000545405,448,3615,669,281
343.83820003131405,0,4095,780,289
344.1651000175625,0,4095,855,301
344.4918000022881,0,4095,930,315
344.8187000467442,0,4095,997,329
345.15260002808645,0,4095,1071,349
345.50140000646934,906,4095,1142,372
345.828200050164,2187,2393,982,363
346.1505000013858,3267,569,793,350
346.44670004490763,4095,0,677,345
346.7371000442654,4095,0,610,338
347.02180000022054,4095,0,547,332
347.2990000154823,4095,0,489,320
347.57209999952465,4095,0,434,305
347.85620000911877,3206,0,384,294
348.1817000429146,2015,144,407,288
348.59800001140684,949,2606,627,304
348.8609000341967,4095,0,460,282
349.11480004666373,4095,0,411,275
349.35940004652366,4095,0,370,267
349.6234000194818,4095,0,336,258
349.8718000482768,4095,0,310,252
350.1143000321463,2774,0,278,242
350.3878000192344,1675,1254,432,257
350.64040002180263,705,3111,627,277
350.86970002157614,0,4095,768,288
351.09300003387034,0,4095,847,299
351.312400016468,0,4095,923,310
351.528600032907,0,4095,986,326
351.75500001059845,0,4095,1059,346
351.99000005377457,385,4095,1130,368
352.2227000212297,1818,3965,1115,375
352.4528000270948,2953,1040,878,359
352.6912000379525,4095,0,715,351
353.0045000370592,4095,0,645,346
353.2159000169486,4095,0,580,337
353.4178000409156,4095,0,525,326
353.62830001395196,4095,0,464,317
353.83880004519597,4095,0,410,301
354.0414000162855,2395,0,363,282
354.2619000072591,1315,2037,576,301
354.4645000365563,4095,0,446,278
354.6752000111155,4095,0,400,273
354.8774000373669,4095,0,365,269
355.08010000921786,4095,0,332,259
355.28290004003793,4095,0,304,256
355.48670002026483,3261,0,278,243
355.69540003780276,2032,65,311,249
355.94860004493967,971,2548,546,272
356.17540002567694,192,4095,729,286
356.3875000108965,0,4095,811,294
356.59470001701266,0,4095,884,307
357.5419000117108,0,4095,959,320
358.5608000284992,0,4095,1023,336
360.49390002153814,0,4095,1095,359
362.41400003200397,1392,4095,1167,382
363.53550001513213,2559,1583,923,362
365.4930000193417,3643,186,752,350
366.496900038328,4095,0,660,347
367.54950002068654,4095,0,593,339
368.60270000761375,4095,0,533,329
370.50150003051385,4095,0,475,318
371.4978000498377,4095,0,425,304
372.6079000043683,2770,0,371,285
374.5490000001155,1659,1216,506,295
375.5937000387348,4095,0,432,278
377.4752000463195,4095,0,391,274
378.55150003451854,4095,0,355,267
379.7623999998905,4095,0,323,262
380.54740004008636,4095,0,304,256
382.6631000265479,4095,0,275,250
383.5805000271648,2406,0,250,240
385.5242000427097,1312,1999,477,265
386.619700002484,450,3571,662,279
387.5720000360161,0,4095,777,289
389.5314000546932,0,4095,852,302
390.57520002825186,0,4095,928,313
391.66730002034456,0,4095,996,329
393.7790000345558,0,4095,1071,349
394.8091000202112,935,4095,1140,372
396.65140002034605,2191,2416,983,363
397.66230003442615,3266,575,791,348
399.61640001274645,4095,0,674,342
400.8862000191584,4095,0,607,337
401.73750004032627,4095,0,546,332
402.80790004180744,4095,0,486,320
404.83410004526377,4095,0,434,305
405.8137000538409,3245,0,385,288
407.59060002164915,2014,179,409,286
408.68800005409867,954,2607,629,302
409.86610000254586,4095,0,458,282
411.6241000010632,4095,0,407,275
412.660300033167,4095,0,369,271
413.60230004647747,4095,0,336,259
415.49160005524755,4095,0,305,253
416.511100018397,2768,0,274,241
417.68060001777485,1662,1219,426,258
419.6100000408478,673,3101,624,274
420.70020001847297,0,4095,765,289
421.8129000510089,0,4095,844,299
423.5674000228755,0,4095,913,310
424.98840001644567,0,4095,983,325
425.71480001788586,0,4095,1058,341
427.56979999830946,342,4095,1126,367
429.5420999987982,1793,3881,1107,369
430.6188000482507,2919,1041,869,355
432.4696000549011,4057,0,710,346
433.72610001824796,4095,0,641,345
434.493700042367,4095,0,576,336
435.7606000266969,4095,0,511,326
437.5855000107549,4095,0,462,312
438.6148000485264,4095,0,407,299
439.63620002614334,2400,0,359,278
441.54080003499985,1311,2043,576,300
442.5949000287801,4095,0,446,286
444.4812000147067,4095,0,400,272
445.57219999842346,4095,0,362,270
446.65410002926365,4095,0,330,262
447.64150003902614,4095,0,304,256
449.4952000095509,3235,0,275,243
450.67770004970953,2019,113,311,248
452.5469000218436,960,2582,550,272
453.6398000200279,193,4095,727,286
454.7036000294611,0,4095,811,293
456.54630003264174,0,4095,883,306
457.6208000071347,0,4095,958,318
458.6863000295125,0,4095,1023,336
460.5522000347264,0,4095,1093,361
461.848100007046,1394,4095,1168,383
463.7278000009246,2583,1585,923,362
465.49319999758154,3639,179,749,350
466.6811000206508,4095,0,662,346
467.6846000365913,4095,0,593,339
468.7085000332445,4095,0,534,331
470.6652000313625,4095,0,473,320
471.7162000015378,4095,0,425,304
472.8393999976106,2755,0,369,285
474.67190003953874,1648,1171,501,297
475.8663000538945,4095,0,431,278
477.50410001026466,4095,0,389,274
478.6459000315517,4095,0,354,269
479.75250001763925,4095,0,321,261
480.9419000521302,4095,0,302,256
482.63240000233054,4095,0,275,245
483.74460003105924,2394,0,249,239
485.76320003485307,1296,1975,475,262
486.8477000272833,429,3543,661,279
487.71270003635436,0,4095,775,289
489.60000002989545,0,4095,850,299
490.68990000523627,0,4095,927,310
491.68690002989024,0,4095,995,330
493.61520004458725,0,4095,1067,347
494.73450001096353,928,4095,1137,369
496.63580005289987,2192,2426,982,366
497.66530003398657,3267,598,797,349
499.5914000319317,4095,0,673,342
500.6813000072725,4095,0,608,338
501.61910004680976,4095,0,547,332
502.8990000137128,4095,0,485,321
504.67250001383945,4095,0,433,307
505.9377000434324,3282,0,384,291
507.5792000279762,2026,226,415,287
508.5905000451021,971,2629,633,304
509.70500003313646,4095,0,459,283
511.5273000556044,4095,0,412,273
512.7199999988079,4095,0,370,269
513.7883000425063,4095,0,336,259
515.5539000406861,4095,0,308,251
516.703300003428,2759,0,276,241
517.748800048139,1664,1277,432,258
519.535800034646,685,3109,629,275
520.5876000109129,0,4095,769,288
521.675200026948,0,4095,846,300
523.5823000548407,0,4095,917,310
524.574900045991,0,4095,989,325
525.688000023365,0,4095,1058,345
527.7722000028007,354,4095,1127,367
529.6622000169009,1809,3840,1105,373
530.8377000037581,2931,1008,869,357
532.5090000405908,4093,0,711,343
533.5423000506125,4095,0,641,339
534.6949000377208,4095,0,577,334
535.775399999693,4095,0,511,325
537.7435000264086,4095,0,461,311
538.9678000356071,4095,0,409,297
540.0586000178009,2393,0,357,277
541.7364000459202,1305,2067,576,299
542.6060000318103,4095,0,444,282
543.7769000418484,4095,0,400,274
545.5490000313148,4095,0,361,269
546.5373000479303,4095,0,329,259
547.6420000195503,4095,0,304,255
549.5343000511639,3311,0,274,245
550.628199998755,2038,192,322,247
552.6270000264049,975,2625,559,271
553.855600010138,194,4095,735,285
555.0350000266917,0,4095,815,291
556.6978999995627,0,4095,890,304
557.6518000452779,0,4095,960,322
558.9197000372224,0,4095,1033,336
560.7980000204407,0,4095,1099,358
561.8695000302978,1410,4095,1168,383
563.7076999992132,2559,1529,921,359
565.5147000215948,3655,151,748,349
566.726400051266,4095,0,661,345
567.7357000531629,4095,0,593,336
568.7844000058249,4095,0,534,327
570.7184000057168,4095,0,475,320
571.911100007128,4095,0,429,304
572.7133000036702,2775,0,371,285
574.638300051447,1663,1139,496,294
575.6228000391275,4095,0,430,279
577.4937000242062,4095,0,387,273
578.6591000505723,4095,0,354,268
579.6937000122853,4095,0,322,259
580.7441000360996,4095,0,302,256
582.6320000342093,4095,0,273,247
583.7180000380613,2393,0,246,238
585.621300037019,1302,2074,479,261
586.7087000515312,431,3643,669,278
587.7915000310168,0,4095,778,288
589.6312000113539,0,4095,854,303
590.719900035765,0,4095,929,311
591.7687000473961,0,4095,997,329
593.6329000396654,0,4095,1072,347
594.7656000498682,934,4095,1141,369
596.661200048402,2203,2480,991,363
597.7425000164658,3266,592,796,348
599.0000000456348,4095,0,678,343
600.5646000267006,4095,0,609,336
601.7241000081412,4095,0,549,331
602.8121000272222,4095,0,487,320
604.5500000473112,4095,0,435,305
605.6673999992199,3307,0,384,288
607.5833000359125,2032,147,405,285
608.6336000007577,976,2559,627,302
609.7251000464894,4095,0,458,287
611.5454000537284,4095,0,406,279
612.6626000041142,4095,0,368,271
613.7373000383377,4095,0,336,262
615.5850000213832,4095,0,305,251
616.5750000509433,2769,0,272,240
617.703000025358,1655,1207,421,258
619.709100050386,678,3089,624,276
620.8664000150748,0,4095,765,288
622.5464000017382,0,4095,843,299
623.6186000169255,0,4095,914,310
624.6821000240743,0,4095,982,323
625.8803000091575,0,4095,1056,342
627.7192000416107,304,4095,1124,368
629.4922000379302,1797,3809,1102,370
630.7455000351183,2928,1007,864,362
632.5125000439584,4093,0,709,347
633.6495000286959,4095,0,641,343
634.634800022468,4095,0,575,336
635.7342000119388,4095,0,511,326
637.5641000340693,4095,0,462,317
638.5949000250548,4095,0,406,300
639.7171000135131,2385,0,356,280
641.5908000199124,1306,2084,578,298
642.6250000367872,4095,0,443,284
644.463500007987,4095,0,399,276
645.5800000112504,4095,0,363,269
646.6365000233054,4095,0,329,261
647.6875000516884,4095,0,304,257
649.8859000275843,3194,0,273,245
650.9745000512339,2010,304,334,250
652.8257000027224,945,2661,562,272
653.6731000524014,180,4095,738,287
654.8008000245318,0,4095,816,294
656.6582000232302,0,4095,891,306
657.7159000444226,0,4095,961,321
658.6810000007972,0,4095,1035,336
660.6318000121973,0,4095,1101,358
662.4909000238404,1386,4095,1170,384
663.7181999976747,2559,1595,928,362
665.5970000429079,3650,189,754,349
666.5379000478424,4095,0,666,345
667.6386000472121,4095,0,598,340
668.7402000534348,4095,0,539,331
670.62900000019,4095,0,478,320
671.6861000168137,4095,0,429,302
672.6580000249669,2768,0,373,288
674.6895000105724,1666,1227,509,295
675.7258000434376,4095,0,433,281
677.5456000468694,4095,0,391,275
678.6453000386246,4095,0,354,269
679.7708000522107,4095,0,326,262
680.7772000320256,4095,0,304,258
682.6497000292875,4095,0,276,251
683.6184000130743,2395,0,251,240
685.611599998083,1293,2096,486,265
686.7136000073515,420,3666,673,283
687.7748999977484,0,4095,782,289
689.542900014203,0,4095,857,301
690.77590003144,0,4095,934,317
691.6905000107363,0,4095,999,328
693.5988000477664,0,4095,1072,349
694.7803000221029,926,4095,1141,370
696.6278000036255,2203,2459,989,364
697.7695000241511,3271,592,798,350
699.5897000306286,4095,0,676,346
700.6149000371806,4095,0,612,338
701.6255000489764,4095,0,550,331
702.7858000365086,4095,0,489,322
704.6534000546671,4095,0,437,306
705.5930000497028,3277,0,386,290
707.5593000045046,2017,201,414,289
708.7117000482976,973,2608,627,304
709.7873000311665,4095,0,457,283
711.6149000357836,4095,0,409,274
712.5569000490941,4095,0,368,270
713.7509000021964,4095,0,336,258
715.5832000426017,4095,0,307,253
716.6329000028782,2771,0,274,240
717.6865000510588,1659,1123,417,259
719.5826000533998,675,3034,621,272
720.6756000523455,0,4095,763,288
722.5085000391118,0,4095,842,299
723.5704000340775,0,4095,912,310
724.6854000259191,0,4095,983,326
725.7934000226669,0,4095,1058,346
727.7209000312723,368,4095,1125,370
729.7471000347286,1808,3675,1089,369
730.7857000268996,2932,976,858,358
731.9883000454865,4077,0,705,349
733.7858000537381,4095,0,637,345
735.1196000236087,4095,0,576,336
736.5705000120215,4095,0,510,327
737.721000041347,4095,0,458,315
738.772600016091,4095,0,403,303
739.6524000214413,2394,0,357,281
741.6282000485808,1301,2010,574,301
742.67480004346,432,3613,745,311
744.5848000352271,4095,0,498,287
745.6535000237636,4095,0,449,278
746.6614000150003,4095,0,400,271
748.5816000262275,4095,0,358,262
749.632700055372,3276,0,320,252
750.7446000236087,2019,245,368,256
752.627800044138,963,2629,590,275
753.704100032337,182,4095,766,294
755.5679000215605,0,4095,839,303
756.7453000228852,0,4095,913,309
757.6220000046305,0,4095,979,324
759.6427000244148,0,4095,1051,338
760.872200015001,0,4095,1118,366
762.6694000209682,1414,4095,1186,386
763.6632000212558,2592,1643,947,367
765.6388000468723,3699,208,770,353
766.5469000348821,4095,0,681,347
767.7525000181049,4095,0,610,342
769.6018000133336,4095,0,548,331
770.6760000437498,4095,0,486,322
771.7443000292405,4095,0,432,305
772.7582000079565,2785,0,383,286
774.7044000425376,1668,1190,509,299
775.7415000232868,4095,0,433,280
777.5423999992199,4095,0,395,274
778.679600043688,4095,0,358,269
779.7553000273183,4095,0,326,261
781.5533000393771,4095,0,305,258
782.6574000064284,4081,0,277,247
783.6053000064567,2369,0,251,240
785.6121000368148,1280,2063,483,269
786.865400034003,410,3671,672,283
787.953799997922,0,4095,781,290
789.6486000390723,0,4095,859,304
790.9266000497155,0,4095,931,317
792.0785000314936,0,4095,995,330
793.5741000110283,0,4095,1073,349
794.7153000277467,921,4095,1142,370
796.5944000170566,2197,2422,986,363
797.8071000543423,3255,585,795,350
799.5411000447348,4095,0,675,343
800.6301000132225,4095,0,607,339
801.7523000016809,4095,0,548,331
803.5020000534132,4095,0,488,320
804.6319000422955,4095,0,435,307
805.7017000392079,3300,0,385,288
807.6437000418082,2031,228,418,287
808.7332000141032,973,2657,637,302
809.7335000056773,4095,0,461,283
811.5391000173986,4095,0,410,274
812.6667000469752,4095,0,369,269
813.8153000036255,4095,0,336,259
815.6635000486858,4095,0,309,256
816.9083000393584,2782,0,277,241
818.2114000082947,1663,1326,433,261
819.8365000425838,675,3137,631,275
820.6238000420853,0,4095,770,287
822.5845000124536,0,4095,848,299
823.6682999995537,0,4095,918,311
824.7340000234544,0,4095,989,324
826.6221000230871,0,4095,1060,343
827.7195999980904,364,4095,1131,368
829.6322000096552,1796,3973,1117,374
830.7425000239164,2927,1035,874,358
832.6239000307396,4066,0,715,348
833.6847000173293,4095,0,643,346
834.6929000108503,4095,0,579,336
836.5899000200443,4095,0,511,327
837.5792000442743,4095,0,463,316
838.7086000293493,4095,0,412,302
839.718300034292,2401,0,364,283
841.5788999991491,1309,2063,582,301
842.6474000443704,4095,0,443,284
844.6638000314124,4095,0,400,274
845.5569000216201,4095,0,361,269
846.8853000085801,4095,0,328,259
848.699200025294,4095,0,304,256
850.0130000174977,3244,0,274,245
850.8900000015274,2019,156,318,250
852.4662000127137,962,2610,555,273
853.6384000326507,194,4095,731,291
855.49120005453,0,4095,816,297
856.5234999987297,0,4095,889,305
857.664700015448,0,4095,960,320
859.4587000552565,0,4095,1031,337
860.5895000509918,0,4095,1098,357
862.5242999987677,1402,4095,1168,382
863.5852000443265,2559,1593,926,363
865.4793000314385,3631,172,752,349
866.4855000097305,4095,0,662,349
867.5471000024118,4095,0,599,339
869.5550000411458,4095,0,534,331
870.6289000110701,4095,0,478,319
871.7305000172928,4095,0,427,304
872.7340000332333,2758,0,372,286
874.69389999751,1648,1245,507,299
875.7380000315607,4095,0,432,283
877.4745000409894,4095,0,391,274
879.162700031884,4095,0,355,270
880.0850000116043,4095,0,326,263
881.4883000450209,4095,0,304,259
882.5369999976829,4095,0,276,250
883.6173000163399,2384,0,252,241
885.5387000367045,1297,2071,483,266
886.6310000303201,435,3650,673,281
887.6431000535376,0,4095,781,291
889.5604000426829,0,4095,855,307
890.5918000382371,0,4095,934,317
891.7750000255182,0,4095,996,329
893.5846000094898,0,4095,1073,350
894.7292000520974,914,4095,1139,372
896.5885000070557,2198,2544,999,363
897.6310000289232,3266,624,802,353
899.5650000288151,4095,0,681,343
900.5899000330828,4095,0,613,343
901.6073000384495,4095,0,550,335
903.6032000440173,4095,0,490,320
904.7508000512607,4095,0,438,307
905.7062000501901,3254,0,389,290
906.9513000431471,2023,223,417,289
908.7130000116304,974,2607,630,304
909.668700012844,4095,0,463,282
911.7975000408478,4095,0,414,275
913.0151999997906,4095,0,372,267
914.107300050091,4095,0,337,258
915.8321000286378,4095,0,310,256
917.0400000293739,2807,0,276,240
918.5421000001952,1680,1042,410,255
920.5714000272565,697,2987,614,273
921.7747000511736,0,4095,761,286
922.8428000351414,0,4095,839,294
923.8697000546381,0,4095,912,305
924.8299000319093,0,4095,979,324
926.5263000270352,0,4095,1055,340
927.8713000239804,375,4095,1123,365
929.721700027585,1802,3532,1079,368
930.6925000273623,2916,957,852,354
932.6155000017025,4075,0,703,343
933.6616000509821,4095,0,635,343
934.6992000355385,4095,0,569,334
935.8165000448935,4095,0,506,323
937.5785000156611,4095,0,455,314
938.6122000287287,4095,0,401,295
939.655100053642,2380,0,356,275
941.5550000267103,1296,1983,567,298
942.6440000534058,4095,0,442,279
944.4819000200368,4095,0,398,274
945.5370000214316,4095,0,358,266
946.6245000367053,4095,0,326,261
947.61810003547,4095,0,303,254
949.5205000275746,3248,0,272,244
950.6427000160329,2022,166,320,246
952.6547000277787,954,2597,550,272
953.7164000212215,201,4095,727,286
954.6625000075437,0,4095,810,295
956.618000054732,0,4095,884,305
957.69890001975,0,4095,954,319
958.7667000014335,0,4095,1021,336
960.726200020872,0,4095,1094,357
961.8040000204928,1387,4095,1166,382
963.8403000426479,2559,1597,924,362
965.4795000096783,3647,183,749,348
966.572500008624,4095,0,661,347
967.6753000239842,4095,0,594,339
968.7337000505067,4095,0,534,330
970.5492000211962,4095,0,475,319
971.6895000310615,4095,0,423,304
972.7172999992035,2787,0,369,285
974.6426000492647,1663,1262,510,296
975.8414000389166,4095,0,432,279
977.6180000044405,4095,0,390,275
978.6221000249498,4095,0,352,269
979.7094000387006,4095,0,320,258
980.7500000461005,4095,0,302,259
982.6283000293188,4095,0,273,248
983.6770000401884,2374,0,248,240
985.5954000377096,1283,2029,478,263
986.6125000407919,419,3603,659,279
987.6496000215411,0,4095,777,287
989.6003000321798,0,4095,853,299
990.6772000249475,0,4095,927,314
991.710200032685,0,4095,994,331
993.6196000198834,0,4095,1069,347
994.702199997846,912,4095,1139,373
996.6983000049368,2191,2381,977,363
997.8712000302039,3246,560,787,348
999.6124000172131,4095,0,672,341
1000.6119000026956,4095,0,607,336
1001.849000051152,4095,0,545,330
1002.7389000169933,4095,0,485,319
1004.7061000368558,4095,0,434,305
1005.6640000548214,3280,0,384,291
1007.5783000211231,2029,124,400,285
1008.6632000165991,979,2559,624,303
1009.6971000311896,4095,0,454,286
1011.6099000442773,4095,0,404,277
1012.6778000267223,4095,0,368,270
1013.6813000426628,4095,0,333,259
1015.5481000547297,4095,0,305,255
1016.6547000408173,2777,0,272,243
1017.7442000131123,1667,1200,420,257
1019.6470000082627,687,3067,621,275
1020.6787000061013,0,4095,764,288
1021.8689000466838,0,4095,842,298
1023.635900055524,0,4095,915,309
1024.6523000532761,0,4095,982,321
1025.7382999989204,0,4095,1057,341
1027.817300055176,326,4095,1127,367
1029.6174000250176,1792,3854,1104,372
1030.6966000352986,2911,1013,864,354
1032.576700032223,4065,0,709,346
1033.5508999996819,4095,0,640,340
1034.847200033255,4095,0,576,336
1036.2946000532247,4095,0,511,324
1037.6549000502564,4095,0,460,309
1038.855999999214,4095,0,406,299
1039.5792000344954,2390,0,357,277
1041.5678000426851,1296,2063,576,298
1042.5983000313863,4095,0,439,280
1044.4733000476845,4095,0,400,274
1045.6165000214241,4095,0,359,267
1046.6766000026837,4095,0,327,261
1047.7049000328407,4095,0,303,256
1049.6272000018507,3302,0,273,247
1050.680500047747,2039,103,310,247
1052.7916999999434,973,2559,547,272
1053.6560000036843,194,4095,726,288
1054.9413000117056,0,4095,810,297
1056.6395000205375,0,4095,882,305
1057.6653000316583,0,4095,958,320
1058.7459000525996,0,4095,1021,336
1060.6670000124723,0,4095,1093,356
1062.5594000448473,1391,4095,1165,382
1063.59000003431,2559,1589,922,363
1065.5962000018917,3611,172,749,348
1066.583800013177,4095,0,659,346
1067.5709000206552,4095,0,593,339
1068.6349000316113,4095,0,534,331
1070.5388000351377,4095,0,473,320
1071.601300034672,4095,0,427,304
1072.6514999987558,2767,0,371,287
1074.6602000435814,1655,1168,500,298
1075.6886000162922,4095,0,432,284
1077.5727000436746,4095,0,391,275
1078.672000032384,4095,0,352,269
1079.7112000291236,4095,0,322,259
1080.8506000321358,4095,0,301,259
1082.6594000100158,4053,0,273,252
1083.6755000054836,2369,0,243,240
1085.6230000499636,1293,1997,473,263
1086.6693000425585,421,3610,663,286
1087.6712000463158,0,4095,775,284
1089.6324000204913,0,4095,849,301
1090.687500021886,0,4095,929,315
1091.7443000362255,0,4095,994,330
1093.6443000100553,0,4095,1069,349
1094.8128000018187,902,4095,1136,371
1096.629900042899,2192,2454,988,363
1097.6712999981828,3262,595,794,349
1099.596600048244,4095,0,675,342
1100.6838000030257,4095,0,610,336
1101.7271000309847,4095,0,546,334
1103.5374000202864,4095,0,486,320
1104.644000006374,4095,0,434,306
1105.9445000137202,3274,0,385,290
1107.6076000463217,2023,158,406,288
1108.6821000208147,969,2593,629,304
1109.7094000433572,4095,0,458,286
1111.596000031568,4095,0,409,277
1112.59960004827,4095,0,369,272
1113.6606000363827,4095,0,336,262
1115.5746000004,4095,0,306,256
1116.6348000406288,2769,0,276,244
1117.7586000412703,1658,1206,421,261
1119.6651000063866,673,3057,622,275
1120.6729000550695,0,4095,765,287
1121.757900051307,0,4095,842,298
1123.6345000215806,0,4095,913,309
1124.6960000135005,0,4095,982,326
1125.9413000079803,0,4095,1056,343
1127.7695000171661,357,4095,1124,366
1129.6134000294842,1808,3775,1099,369
1130.6005000369623,2926,994,862,358
1131.9236000417732,4065,0,706,343
1133.842800045386,4095,0,637,340
1134.829900052864,4095,0,574,336
1135.7115000137128,4095,0,511,324
1137.6003000186756,4095,0,462,314
1138.6632000212558,4095,0,405,296
1139.6231000544503,2394,0,357,277
1141.6820000158623,1293,1968,566,298
1142.7566000493243,445,3541,739,310
1144.6593000437133,4095,0,497,287
1145.5830000340939,4095,0,447,279
1146.6726000071503,4095,0,400,271
1148.5612000105903,4095,0,358,260
1149.6665000449866,3267,0,320,250
1150.6753000430763,2027,161,354,256
1152.5500999996439,963,2606,583,272
1153.6394000286236,193,4095,758,290
1155.594400013797,0,4095,837,298
1156.718100013677,0,4095,910,309
1157.6437000185251,0,4095,976,323
1159.562700020615,0,4095,1047,337
1160.6318000121973,0,4095,1114,363
1162.6341000082903,1379,4095,1183,384
1163.76520000631,2559,1618,944,365
1165.5496000312269,3660,199,766,352
1166.6714000166394,4095,0,676,350
1167.7436000318266,4095,0,608,340
1169.5914000156336,4095,0,548,334
1170.6639000331052,4095,0,485,320
1171.6330000199378,4095,0,433,306
1172.7432000334375,2786,0,382,288
1174.663700046949,1665,1239,511,299
1175.791100016795,4095,0,438,282
1177.5475000031292,4095,0,396,274
1178.605500026606,4095,0,356,270
1179.8179000033997,4095,0,327,261
1181.6096000256948,4095,0,304,256
1182.7140000532381,4095,0,281,246
1183.8474000105634,2397,0,253,239
1185.701800044626,1296,2001,479,262
1186.9126000092365,432,3606,667,279
1187.9995000199415,0,4095,776,288
1189.6746000275016,0,4095,853,301
1191.4096000255086,0,4095,930,311
1192.1306000440381,0,4095,996,327
1193.5296000447124,0,4095,1072,348
1194.6639000088908,909,4095,1139,368
1196.5588000020944,2192,2384,979,359
1197.6196000468917,3267,560,787,350
1199.4956000125967,4095,0,677,341
1200.5775000434369,4095,0,609,336
1201.6260000527836,4095,0,547,332
1203.5458000027575,4095,0,486,322
1204.6827000449412,4095,0,435,307
1205.6183000095189,3281,0,386,291
1207.5227000168525,2031,96,401,286
1208.594300027471,976,2557,624,303
1209.6548000117764,4095,0,454,287
1211.499700031709,4095,0,406,275
1212.600700033363,4095,0,368,269
1213.7195000541396,4095,0,335,259
1215.4779999982566,4095,0,305,253
1216.5733000147156,2751,0,274,241
1217.7360000205226,1655,1219,425,257
1219.6131000528112,668,3088,624,274
1220.6273000338115,0,4095,765,288
1221.7301000491716,0,4095,845,297
1223.6447000177577,0,4095,912,307
1224.8303000233136,0,4095,986,325
1225.8508000522852,0,4095,1057,343
1227.7136000338942,308,4095,1126,365
1229.6618000254966,1785,3907,1107,369
1230.6650000391528,2905,1040,869,354
1232.5873000081629,4043,0,710,347
1233.6367000243627,4095,0,642,343
1234.7291000187397,4095,0,576,336
1235.7812000554986,4095,0,511,325
1237.5629000016488,4095,0,462,315
1238.7315000523813,4095,0,406,299
1239.6610000287183,2399,0,359,279
1241.651600052137,1296,1958,567,298
1242.7175000193529,4095,0,443,279
1244.5225000265054,4095,0,400,274
1245.481300051324,4095,0,358,268
1246.586000022944,4095,0,328,257
1247.8358000516891,4095,0,304,254
1249.6145000332035,3365,0,275,243
1250.5807999987155,2058,148,317,247
1252.52050004201,987,2611,555,272
1253.648100013379,213,4095,734,287
1255.4879000526853,0,4095,814,294
1256.5446000080556,0,4095,886,306
1257.6304000103846,0,4095,958,320
1258.6715000215918,0,4095,1023,337
1260.5527000268921,0,4095,1099,359
1262.5715000322089,1390,4095,1168,382
1263.5777000105008,2559,1589,922,363
1265.4686000314541,3632,176,749,349
1266.609700047411,4095,0,660,347
1267.6071000169031,4095,0,594,341
1268.8016000320204,4095,0,535,330
1270.5793000059202,4095,0,475,320
1271.705400024075,4095,0,429,304
1272.7736000088044,2793,0,371,287
1274.5812000357546,1679,1151,498,298
1275.7227000547573,4095,0,432,285
1277.5716000469401,4095,0,389,275
1278.598700009752,4095,0,351,271
1279.5215000514872,4095,0,324,261
1280.6240000063553,4095,0,303,258
1282.6671000220813,4095,0,275,250
1283.538400020916,2394,0,247,240
1285.5088000069372,1298,2081,482,265
1286.632200004533,442,3612,665,281
1287.6501000137068,0,4095,777,289
1289.5114000421017,0,4095,855,298
1290.5951000284404,0,4095,927,319
1291.61600000225,0,4095,998,327
1293.5316000366583,0,4095,1070,349
1294.6390000288375,880,4095,1139,371
1296.6071999981068,2177,2483,990,363
1297.6537000504322,3238,602,799,351
1299.6320000384003,4095,0,678,343
1300.641700043343,4095,0,610,337
1301.7375000054017,4095,0,547,331
1302.7788000181317,4095,0,489,319
1304.639300040435,4095,0,435,305
1305.6708000367507,3276,0,387,290
1307.5756000471301,2032,196,418,286
1308.7745000375435,974,2622,631,304
1309.5888000098057,4095,0,460,282
1311.751600005664,4095,0,414,272
1312.6257000258192,4095,0,370,265
1313.7245000107214,4095,0,336,257
1315.558600006625,4095,0,307,252
1316.666200000327,2795,0,275,240
1317.7052000537515,1671,1242,429,257
1319.6364000323229,677,3107,626,275
1320.713400025852,0,4095,766,289
1322.6286999997683,0,4095,843,299
1323.517200013157,0,4095,915,314
1324.6900000376627,0,4095,987,326
1325.7749000331387,0,4095,1055,346
1327.686700038612,320,4095,1127,368
1329.6222000499256,1776,3927,1109,373
1330.7059000362642,2896,1033,870,358
1332.5635000364855,4039,0,711,349
1333.6382000125013,4095,0,642,343
1334.7399000194855,4095,0,576,336
1335.754800005816,4095,0,511,328
1337.6607000245713,4095,0,464,317
1338.5989000089467,4095,0,409,303
1339.73440004047,2394,0,362,283
1341.630700044334,1297,1982,576,303
1342.8416000097059,4095,0,446,282
1344.5616000099108,4095,0,400,273
1345.692400005646,4095,0,361,269
1346.5950000099838,4095,0,331,260
1347.6232000393793,4095,0,304,255
1349.6056000003591,3298,0,272,246
1350.6320000160486,2062,143,316,250
1352.572500007227,987,2621,556,272
1353.7538000382483,209,4095,731,287
1355.478600016795,0,4095,815,295
1356.5811000298709,0,4095,886,305
1357.6010000542738,0,4095,959,320
1358.6214000242762,0,4095,1023,337
1360.625000030268,0,4095,1097,358
1362.528800033033,1403,4095,1168,384
1363.6659000185318,2559,1640,929,361
1365.5589999980293,3655,215,752,350
1366.5150000015274,4095,0,663,346
1367.6033000228927,4095,0,595,337
1368.7170000048354,4095,0,538,332
1370.5594000057317,4095,0,479,320
1371.6137000010349,4095,0,428,304
1372.647500014864,2791,0,373,287
1374.4999000336975,1680,1189,505,295
1375.5511000053957,4095,0,431,281
1377.456300018821,4095,0,390,274
1378.5471000010148,4095,0,353,265
1379.5361000229605,4095,0,323,261
1380.6421000044793,4095,0,304,256
1382.53420003457,4095,0,275,246
1383.5788000142202,2378,0,249,239
1385.5412999982946,1306,2039,479,263
1386.5989000187255,452,3610,663,282
1387.6476000295952,0,4095,779,288
1389.495400013402,0,4095,853,298
1390.5621000449173,0,4095,927,315
1391.5776000358164,0,4095,996,329
1393.4836000553332,0,4095,1069,346
1394.5894000353292,880,4095,1139,371
1396.5469000395387,2177,2458,986,364
1397.625500045251,3245,579,791,349
1399.5541000040248,4095,0,676,343
1400.565000018105,4095,0,609,337
1401.5809000120498,4095,0,551,331
1402.7149000321515,4095,0,483,321
1404.593700019177,4095,0,435,304
1405.5914000491612,3293,0,385,291
1407.480800000485,2032,160,407,285
1408.5991000174545,981,2592,625,304
1409.6450000070035,4095,0,457,285
1411.5374000393786,4095,0,409,275
1412.7404000028037,4095,0,368,269
1413.803800009191,4095,0,334,260
1415.6042000395246,4095,0,304,253
1416.5924999979325,2785,0,275,242
1418.0624000146054,1680,1130,416,257
1419.664700049907,697,3023,618,274
1420.666899997741,0,4095,762,289
1421.6974000446498,0,4095,841,299
1423.6124000162818,0,4095,914,313
1424.5992000214756,0,4095,982,325
1425.7562000420876,0,4095,1056,343
1427.6926000020467,321,4095,1122,368
1429.7121000126936,1792,3801,1103,373
1430.824000039138,2909,1023,866,354
1432.5937000103295,4055,0,709,345
1433.5586000233889,4095,0,640,341
1434.738300042227,4095,0,576,336
1435.6904000160284,4095,0,511,323
1437.5705000129528,4095,0,458,313
1438.6049000313506,4095,0,407,299
1439.6943000028841,2415,0,358,278
1441.6542000253685,1332,2026,575,299
1442.6803000387736,4095,0,443,285
1444.5012000505812,4095,0,400,277
1445.5849000369199,4095,0,359,271
1446.6867000446655,4095,0,327,266
1447.7180000394583,4095,0,304,256
1449.720700038597,3308,0,274,246
1450.8299000444822,2045,189,320,251
1452.8196000028402,977,2624,558,272
1453.883100009989,201,4095,733,288
1454.8031000304036,0,4095,813,294
1456.7437000223435,0,4095,889,304
1457.7968000085093,0,4095,959,320
1458.6812000488862,0,4095,1023,336
1460.8352000359446,0,4095,1094,357
1462.6837000250816,1392,4095,1166,382
1463.678100029938,2559,1648,931,362
1465.6973000383005,3631,206,752,348
1466.7551000020467,4095,0,663,343
1467.6849000388756,4095,0,594,337
1468.9513000193983,4095,0,535,327
1470.7113000331447,4095,0,479,318
1471.7029000166804,4095,0,427,304
1472.6802000077441,2801,0,371,287
1474.787900049705,1687,1108,497,294
1475.8777000242844,4095,0,432,278
1477.6244000531733,4095,0,390,277
1479.0103000123054,4095,0,353,267
1480.1031000097282,4095,0,323,261
1481.1965000117198,4095,0,302,257
1482.8670000424609,4095,0,275,250
1484.1472000116482,2409,0,251,240
1485.9808000037447,1341,1999,478,264
1487.2867000522092,451,3632,667,279
1488.2489000447094,0,4095,778,288
1489.4944000407122,0,4095,854,299
1490.4843000113033,0,4095,928,313
1491.530100000091,0,4095,994,326
1493.56270005228,0,4095,1071,348
1494.4944000453688,914,4095,1139,369
1496.4863000204787,2195,2523,994,363
1497.642900038045,3248,601,798,349
1499.5115000056103,4095,0,677,341
1500.618000049144,4095,0,610,337
1501.6127999988385,4095,0,550,332
1503.640400012955,4095,0,489,320
1504.4826000230387,4095,0,437,304
1505.7411000016145,3280,0,385,292
1507.5462000095285,2022,147,409,286
1508.5353000322357,976,2559,626,304
1509.666100027971,4095,0,458,286
1511.570600036066,4095,0,410,276
1512.6789000350982,4095,0,369,271
1513.578200014308,4095,0,336,262
1515.5161000438966,4095,0,307,256
1516.649099998176,2762,0,273,241
1517.7115999977104,1668,1171,420,258
1519.6082000038587,681,3029,620,276
1520.6874000141397,0,4095,764,286
1521.8069000402465,0,4095,842,297
1523.7630000337958,0,4095,914,310
1524.6138000511564,0,4095,983,322
1525.6466999999247,0,4095,1056,341
1527.7275000116788,307,4095,1126,367
1529.6330000273883,1773,3870,1109,371
1530.7248000171967,2893,1033,867,356
1532.5891000102274,4034,0,710,347
1533.552500011865,4095,0,640,343
1534.7940000356175,4095,0,576,336
1535.867500002496,4095,0,511,326
1537.6791000016965,4095,0,461,314
1538.6441000155173,4095,0,407,301
1540.137100033462,2417,0,357,281
1541.6224000509828,1342,1941,565,299
1542.6136000314727,4095,0,442,280
1544.503600045573,4095,0,400,272
1545.5650000367314,4095,0,357,266
1546.7261000303552,4095,0,326,261
1547.712900035549,4095,0,304,253
1549.6318000368774,3314,0,273,243
1550.7432000013068,2047,80,308,244
1552.6033000205643,977,2559,547,267
1553.6684000398964,204,4095,729,285
1554.7479000524618,0,4095,810,291
1556.5566000295803,0,4095,887,304
1557.6351000345312,0,4095,957,320
1558.7796000181697,0,4095,1023,336
1560.5541000259109,0,4095,1095,354
1561.717500037048,1396,4095,1166,379
1563.6853000032715,2559,1627,927,363
1564.7799000144005,3629,189,752,348
1566.7160000302829,4095,0,660,347
1567.6399000221863,4095,0,594,337
1568.8028000295162,4095,0,535,331
1570.6067000282928,4095,0,478,319
1571.6931000351906,4095,0,428,304
1572.7794000413269,2803,0,375,287
1574.6258000144735,1680,1089,496,298
1575.7493000128306,707,3008,687,307
1577.5618000188842,4095,0,481,291
1578.646200010553,4095,0,431,281
1579.6638000174426,4095,0,384,272
1581.5965000074357,4095,0,351,264
1582.5917000183836,4095,0,317,256
1583.642600046005,2400,0,283,242
1585.7053000363521,1344,2031,506,269
1586.6852000472136,422,3695,694,285
1587.8681000322104,0,4095,799,294
1589.6326000220142,0,4095,874,304
1590.5583000276238,0,4095,945,317
1591.7308000498451,0,4095,1011,335
1593.6574000515975,0,4095,1085,351
1594.7456000139937,872,4095,1154,373
1596.6047000256367,2162,2559,1009,368
1598.6067000194453,3239,615,813,355
1599.6035000425763,4095,0,688,345
1600.726000033319,4095,0,620,343
1601.6398000065237,4095,0,560,335
1603.4984000143595,4095,0,496,322
1604.5640000374988,4095,0,445,309
1605.724100023508,3245,0,393,293
1607.8276000334881,2032,167,415,286
1608.678700053133,967,2608,635,304
1610.5855000205338,4095,0,461,282
1611.6887000389397,4095,0,412,274
1612.6598000410013,4095,0,370,270
1614.5264000515454,4095,0,339,258
1615.6713000382297,4095,0,310,254
1616.6613000095822,2807,0,277,242
1618.5965000186116,1697,1074,411,257
1619.6538000367582,704,3023,618,274
1620.7306000287645,0,4095,759,288
1622.5593000417575,0,4095,842,299
1623.5701000550762,0,4095,913,311
1624.7381000430323,0,4095,985,324
1626.5564000350423,0,4095,1057,342
1627.6561000267975,326,4095,1123,368
1629.6791000058874,1787,3805,1102,369
1631.5738999983296,2903,1019,865,358
1632.620200049132,4046,0,706,346
1633.7492000311613,4095,0,640,343
1634.7880000248551,4095,0,574,336
1636.5485000424087,4095,0,511,325
1637.6722000422888,4095,0,461,315
1638.686400023289,4095,0,407,299
1640.5810000142083,2415,0,359,281
1641.726200003177,1322,1941,567,298
1643.5857000178657,4095,0,443,284
1644.6623000083491,4095,0,400,277
1645.6485000089742,4095,0,363,272
1646.91320003476,4095,0,329,262
1648.8063000142574,4095,0,304,257
1650.2645000000484,3280,0,272,245
1651.545700035058,2038,86,307,246
1652.8016000520438,963,2557,547,271
1654.1018999996595,192,4095,730,288
1655.7390000089072,0,4095,811,295
1657.0270000374876,0,4095,886,305
1658.382400055416,0,4095,958,320
1660.5023000156507,0,4095,1019,336
1662.028300052043,0,4095,1095,358
1663.9116000151262,1347,4095,1166,383
1665.2275000233203,2546,1631,927,359
1666.5199000271969,3618,202,751,350
1667.9884000332095,4095,0,661,347
1669.26950000925,4095,0,594,337
1670.0689000426792,4095,0,534,331
1670.584300009068,4095,0,478,320
1671.7676000553183,4095,0,427,304
1673.593100043945,2791,0,372,288
1674.7409000527114,1681,1211,506,299
1675.6147000123747,4095,0,432,278
1677.6042000274174,4095,0,389,272
1678.522200032603,4095,0,353,267
1679.6246000449173,4095,0,323,257
1681.5866000251845,4095,0,303,256
1682.6594000449404,4095,0,275,247
1683.6888000252657,2447,0,251,240
1685.609900043346,1335,2011,476,260
1686.7526000132784,448,3600,663,277
1688.6036000214517,0,4095,776,287
1689.6246000542305,0,4095,853,298
1690.6863000476733,0,4095,930,309
1691.7815000051633,0,4095,995,323
1693.6529000522569,0,4095,1070,346
1694.6227000444196,912,4095,1137,369
1696.6577999992296,2183,2554,997,363
1697.811999998521,3247,627,803,347
1699.6773999999277,4095,0,678,340
1700.6544000469148,4095,0,613,338
1701.8324000528082,4095,0,554,330
1703.5802000318654,4095,0,487,322
1704.682000039611,4095,0,438,307
1705.6904000346549,3316,0,385,289
1707.5684000155888,2062,83,400,286
1708.6108000366949,994,2544,623,304
1709.7708000219427,4095,0,457,284
1711.509200045839,4095,0,407,274
1712.5728000537492,4095,0,368,269
1713.7266000499949,4095,0,336,259
1715.61210002983,4095,0,309,254
1716.5796000044793,2794,0,275,241
1717.7879000082612,1692,1121,417,259
1719.7496000444517,707,3042,621,275
1720.7895000465214,0,4095,764,287
1722.5069000269286,0,4095,842,299
1723.629800020717,0,4095,913,311
1724.6615000185557,0,4095,982,325
1726.5841000480577,0,4095,1057,340
1727.5239000446163,272,4095,1126,366
1729.6352999983355,1759,3988,1113,369
1730.6702000205405,2884,1062,873,355
1732.7115000225604,4016,0,714,346
1733.5890000103973,4095,0,642,341
1734.6165000344627,4095,0,576,336
1736.4757000468671,4095,0,511,325
1737.5366000342183,4095,0,461,312
1738.5598000255413,4095,0,409,300
1739.8296000319533,2437,0,361,279
1741.8592000030912,1323,1931,565,299
1742.9356000502594,4095,0,443,283
1744.6221000282094,4095,0,400,276
1746.1000000475906,4095,0,361,269
1747.5180000183173,4095,0,330,259
1748.7078999984078,4095,0,305,254
1749.4879000005312,3334,0,273,244
1750.5844000261277,2047,25,304,243
1752.4918999988586,987,2512,542,270
1753.5634000087157,209,4095,721,287
1754.6891000238247,0,4095,809,291
1756.5028000390157,0,4095,881,304
1757.6897000544704,0,4095,955,318
1758.6087000090629,0,4095,1021,336
1760.4940000455827,0,4095,1090,355
1762.4979000538588,1360,4095,1166,379
1763.5769000044093,2534,1629,926,361
1765.4969000141136,3603,206,750,347
1766.5601000189781,4095,0,661,341
1767.575300007593,4095,0,593,338
1768.8114000484347,4095,0,534,331
1770.6129000289366,4095,0,475,317
1771.8225000426173,4095,0,426,304
1773.3417000272311,2800,0,374,285
1774.7959000407718,1693,1147,496,293
1776.5086000435986,4095,0,431,274
1777.4775000289083,4095,0,385,272
1778.5493000410497,4095,0,352,263
1779.5364000485279,4095,0,320,257
1780.6376000517048,4095,0,301,256
1782.531100034248,4095,0,274,245
1783.5560000385158,2432,0,248,239
1785.620300041046,1302,1981,473,259
1786.54700005427,433,3602,661,278
1787.8085999982432,0,4095,775,289
1789.8304000264034,0,4095,850,298
1791.237200028263,0,4095,926,312
1792.2116000554524,0,4095,994,327
1793.5307000298053,0,4095,1069,346
1794.6181000443175,870,4095,1138,369
1796.5190000250004,2171,2534,993,366
1797.6193000213243,3231,625,802,350
1799.479200039059,4095,0,678,341
1800.565000041388,4095,0,611,338
1801.630700007081,4095,0,548,330
1802.8251000214368,4095,0,489,320
1804.5459000277333,4095,0,437,306
1805.576500017196,3375,0,390,293
1807.538100052625,2078,151,405,286
1808.6401000036858,1009,2604,626,301
1809.634700010065,4095,0,453,284
1811.5182000328787,4095,0,409,275
1812.572100025136,4095,0,368,270
1813.6267000227235,4095,0,336,260
1815.5260000494309,4095,0,307,256
1816.5114000439644,2784,0,272,242
1817.7158000180498,1686,991,401,257
1819.5720000076108,698,2977,607,273
1820.7292000297457,0,4095,758,287
1821.8196000088938,0,4095,836,295
1823.582900047768,0,4095,911,309
1824.5577000197954,0,4095,978,325
1825.8041000226513,0,4095,1053,340
1827.7872000471689,276,4095,1122,366
1829.520700033754,1771,3904,1104,370
1830.6372000370175,2879,1049,867,354
1832.550400053151,4027,0,708,345
1833.6942000314593,4095,0,640,343
1834.8827000008896,4095,0,575,336
1836.01800003089,4095,0,511,327
1837.6304000266828,4095,0,460,313
1838.6916000163183,4095,0,410,297
1840.4232000466436,2425,0,359,281
1842.201000021305,1318,1904,565,298
1843.3832000009716,4095,0,442,279
1844.951700011734,4095,0,400,273
1845.81980004441,4095,0,358,265
1846.9088000128977,4095,0,326,258
1847.8107000119053,4095,0,304,253
1849.5314000174403,3317,0,273,243
1850.655000016559,2064,80,306,245
1852.541200001724,987,2558,546,266
1853.6049000103958,208,4095,729,285
1854.6874000458047,0,4095,810,290
1856.5253000124358,0,4095,883,304
1857.5857000541873,0,4095,955,320
1858.7991000385955,0,4095,1023,336
1860.5060999980196,0,4095,1094,357
1861.726200033445,1361,4095,1165,381
1863.6129000224173,2539,1680,930,360
1864.8165000486188,3601,233,754,348
1866.715500014834,4095,0,662,343
1867.6856000092812,4095,0,596,336
1868.784999998752,4095,0,539,333
1870.7370000192896,4095,0,479,319
1871.9038999988697,4095,0,428,304
1873.0411000433378,2817,0,373,283
1874.6472000493668,1696,1153,502,295
1875.9484000038356,711,3025,688,306
1877.55090004066,4095,0,481,286
1878.6600000457838,4095,0,432,278
1879.96310001472,4095,0,386,269
1881.5316000254825,4095,0,347,259
1882.9039999982342,4095,0,317,251
1884.0154000208713,2402,0,279,241
1885.5618000379764,1323,1934,496,266
1886.6451000212692,426,3573,687,283
1887.6808000495657,0,4095,795,293
1889.6981000434607,0,4095,870,303
1890.5465000425465,0,4095,944,316
1891.651300014928,0,4095,1008,331
1893.5440000495873,0,4095,1079,351
1894.6453000535257,841,4095,1149,371
1896.5850000386126,2155,2518,1005,366
1898.475399997551,3216,627,809,353
1899.5659000356682,4095,0,687,347
1900.582000031136,4095,0,618,340
1901.6920000431128,4095,0,558,334
1903.5482000326738,4095,0,496,323
1904.6046000439674,4095,0,442,307
1905.6083000032231,3362,0,391,291
1907.7104000025429,2077,78,400,287
1908.712500007823,1007,2559,625,304
1910.5278000351973,4095,0,458,286
1911.6214000387117,4095,0,408,275
1912.6298000337556,4095,0,369,270
1914.5737000508234,4095,0,336,261
1915.637099999003,4095,0,306,256
1916.6827000444755,2795,0,273,242
1918.6057000188157,1691,1156,416,258
1919.7521000169218,711,3039,619,275
1920.676200010348,0,4095,763,289
1922.5985000375658,0,4095,842,294
1923.6407999997027,0,4095,913,307
1924.7404000489041,0,4095,980,325
1926.5611000009812,0,4095,1055,341
1927.616000000853,294,4095,1124,367
1929.5731000020169,1771,4062,1119,375
1931.5723000327125,2891,1095,878,357
1932.6389000052586,4016,0,714,347
1933.7172000086866,4095,0,643,342
1934.7219000337645,4095,0,577,336
1936.588800046593,4095,0,511,324
1937.7071000053547,4095,0,463,311
1938.6073000496253,4095,0,411,301
1940.566300007049,2446,0,359,282
1941.8680000235327,1347,1977,571,300
1943.6765999998897,4095,0,445,283
1944.528900028672,4095,0,400,277
1945.8944000070915,4095,0,364,270
1946.6501999995671,4095,0,331,265
1948.7308000097983,4095,0,304,256
1949.6992000495084,3330,0,276,245
1950.6271000136621,2079,0,294,242
1952.753900026437,1006,2511,538,270
1953.6210000514984,223,4095,720,286
1955.6639000074938,0,4095,806,294
1956.5047000069171,0,4095,880,304
1957.750000001397,0,4095,950,319
1959.5894000376575,0,4095,1019,336
1960.5630000005476,0,4095,1091,355
1962.6240000361577,1341,4095,1163,379
1963.7066000141203,2533,1646,926,360
1965.7270000316203,3611,215,751,346
1966.8069000472315,4095,0,660,343
1967.6555000478402,4095,0,594,336
1969.589700049255,4095,0,534,329
1970.6650000298396,4095,0,475,318
1971.5985000366345,4095,0,427,303
1973.5662000020966,2813,0,373,285
1974.7285000048578,1700,1135,496,294
1975.6953000323847,4095,0,431,278
1977.5136000243947,4095,0,387,274
1978.6720999982208,4095,0,351,269
1979.7107000485994,4095,0,320,261
1981.673700036481,4095,0,301,258
1982.822100049816,4095,0,273,251
1983.8035000138916,2427,0,246,240
1985.6203000526875,1344,1955,467,266
1986.6844000061974,462,3552,657,283
1988.634400011506,0,4095,772,291
1989.6583000081591,0,4095,851,302
1990.719000052195,0,4095,926,315
1991.7394000221975,0,4095,992,329
1993.5290000285022,0,4095,1068,346
1994.7385000414215,858,4095,1137,371
1996.6530000092462,2143,2559,999,368
1997.712800046429,3195,643,803,350
1999.7296000365168,4095,0,675,343
2000.7228000322357,4095,0,611,338
2001.6737999976613,4095,0,550,334
2003.575400041882,4095,0,487,321
2004.5563000021502,4095,0,435,309
2005.8392000501044,3333,0,387,289
2007.490600051824,2060,93,401,286
2008.6141000501812,1001,2545,624,303
2010.5883000069298,4095,0,458,287
2011.619900004007,4095,0,409,278
2012.5394000206143,4095,0,368,272
2013.5721000260673,4095,0,335,261
2015.4685000306927,4095,0,307,253
2016.5961000020616,2787,0,277,241
2018.52450001752,1698,1131,417,259
2019.5450000464916,698,3035,617,275
2020.621600036975,0,4095,764,288
2022.543200000655,0,4095,839,297
2023.5850000171922,0,4095,913,309
2024.5905000483617,0,4095,983,323
2026.5017000492662,0,4095,1055,338
2027.5874000508338,251,4095,1124,365
2029.552899999544,1763,3983,1111,371
2030.5776000022888,2881,1063,871,355
2032.5788000482135,4023,0,714,346
2033.6302000214346,4095,0,642,341
2034.6843000152148,4095,0,576,336
2036.5497000166215,4095,0,511,322
2037.526700005401,4095,0,463,314
2038.567800016608,4095,0,407,299
2040.4920000000857,2451,0,361,279
2041.6017000097781,1367,1904,565,299
2042.6544000511058,4095,0,439,285
2044.6053000050597,4095,0,399,276
2045.5734000424854,4095,0,358,270
2046.7200000421144,4095,0,330,263
2048.573700012639,4095,0,304,256
2049.595600052271,3355,0,273,246
2050.562800024636,2078,66,304,249
2052.5639000115916,1004,2555,544,271
2053.796800028067,225,4095,725,285
2055.4711000295356,0,4095,810,294
2056.5769000095315,0,4095,882,304
2057.589000032749,0,4095,954,317
2059.55610005185,0,4095,1021,336
2060.59930002084,0,4095,1091,355
2062.594600021839,1338,4095,1162,378
2063.594400009606,2523,1680,933,361
2065.589200006798,3583,225,752,347
2066.569500020705,4095,0,661,342
2067.6439000526443,4095,0,594,337
2069.5664000231773,4095,0,537,330
2070.5497000017203,4095,0,477,320
2071.6538000269793,4095,0,427,304
2073.50530003896,2815,0,374,288
2074.4853000505827,1702,1042,491,294
2075.5788000533357,4095,0,432,280
2077.5374000077136,4095,0,388,273
2078.543500043452,4095,0,351,268
2079.621000040788,4095,0,321,259
2081.512400007341,4095,0,302,256
2082.4886000482365,4095,0,274,247
2083.579800033476,2429,0,250,240
2085.493500053417,1349,1954,470,264
2086.5135000203736,463,3551,658,279
2088.4466000134125,0,4095,775,287
2089.5167000126094,0,4095,851,299
2090.4947000090033,0,4095,927,315
2091.5962000144646,0,4095,992,326
2093.5419000452384,0,4095,1070,351
2094.5256000268273,858,4095,1136,368
2096.556000004057,2161,2622,1003,366
2098.4485000371933,3237,663,810,352
2099.4604000006802,4095,0,683,345
2100.6003000074998,4095,0,613,340
2101.6926000011154,4095,0,554,335
2103.5077000269666,4095,0,491,320
2104.49170001084,4095,0,438,307
2105.5893000448123,3407,0,387,294
2107.4921000399627,2086,74,400,286
2108.51420002291,1022,2545,624,303
2110.484800010454,4095,0,454,282
2111.4839000510983,4095,0,410,277
2112.5490000122227,4095,0,368,269
2114.4973000045866,4095,0,336,257
2115.4762000078335,4095,0,307,254
2116.627600044012,2830,0,274,245
2118.500800046604,1727,1053,409,258
2119.5282000117004,752,3001,613,275
2121.587300032843,20,4095,759,288
2123.0150000192225,0,4095,838,299
2123.8838999997824,0,4095,912,310
2124.563300050795,0,4095,983,326
2126.474400050938,0,4095,1056,342
2127.5767000042833,320,4095,1121,368
2129.6393000520766,1765,4058,1117,373
2131.5586999990046,2887,1078,875,358
2132.4755000532605,4037,0,715,347
2133.586500014644,4095,0,642,347
2135.5108999996446,4095,0,577,336
2136.521000007633,4095,0,511,329
2137.6144000096247,4095,0,464,317
2138.6718000285327,4095,0,412,302
2140.522600035183,2442,0,364,283
2141.5602000197396,1341,1907,566,298
2143.492500006687,4095,0,441,283
2144.539300003089,4095,0,400,274
2145.5498000141233,4095,0,358,269
2147.506200009957,4095,0,329,262
2148.572600039188,4095,0,304,256
2149.6182000264525,3351,0,274,248
2151.5844000387006,2079,75,307,251
2152.5922000291757,1023,2554,547,272
2154.5686000026762,237,4095,730,286
2155.6587000377476,0,4095,811,297
2156.611400016118,0,4095,883,305
2157.6599000254646,0,4095,957,320
2159.524600021541,0,4095,1023,336
2160.559700045269,0,4095,1095,357
2162.6598000293598,1344,4095,1168,382
2163.5692000272684,2533,1705,936,364
2165.526000026148,3626,256,763,351
2166.5950000169687,4095,0,666,349
2168.497600010596,4095,0,599,341
2169.469600019511,4095,0,539,333
2170.6505000474863,4095,0,479,322
2171.5628000092693,4095,0,432,305
2173.504200007301,2845,0,375,285
2174.5999000268057,1712,1088,496,295
2176.594400021713,4095,0,431,282
2177.6236000005156,4095,0,389,274
2178.6647000117227,4095,0,353,271
2179.81670005247,4095,0,322,263
2181.641600036528,4095,0,303,257
2182.611500029452,4095,0,274,251
2183.6687000468373,2448,0,251,240
2185.5620000278577,1367,1917,466,265
2186.5946000325494,478,3523,659,281
2188.5202000266872,0,4095,775,292
2189.5668000215665,0,4095,849,304
2190.6337000546046,0,4095,927,315
2192.6003000116907,0,4095,991,327
2193.5142000438645,0,4095,1068,346
2195.4909000196494,847,4095,1136,369
2196.5880000498146,2134,2619,1003,367
2198.6293000518344,3211,663,807,352
2199.6884000254795,4095,0,682,343
2200.6149000371806,4095,0,614,339
2202.5008000200614,4095,0,551,334
2203.5571000305936,4095,0,490,322
2204.5827000401914,4095,0,439,307
2206.475800019689,3382,0,388,293
2207.5201000552624,2087,65,400,285
2208.6516999988817,4095,0,413,276
2210.5763000436127,4095,0,375,272
2211.6109000053257,4095,0,341,266
2212.5953000504524,4095,0,311,259
2213.5599000030197,4095,0,294,257
2215.5838000471704,4095,0,273,251
2216.648500005249,2835,0,246,240
2218.507400015369,1712,1057,386,254
2219.5193000370637,733,2960,590,272
2220.56500002509,6,4095,739,284
2222.5355000118725,0,4095,821,298
2223.7130000139587,0,4095,897,307
2224.6891000540927,0,4095,967,320
2226.5401000040583,0,4095,1040,339
2227.6348000159487,263,4095,1109,363
2229.558100050781,1750,3982,1102,369
2230.650300043635,2870,1063,861,354
2232.5677000335418,4031,0,704,346
2233.616800047457,4095,0,633,339
2234.63860002812,4095,0,570,336
2236.4954000222497,4095,0,506,326
2237.5712000066414,4095,0,458,313
2238.5722000035457,4095,0,405,299
2240.471900033299,2451,0,357,279
2241.666600049939,1373,1872,560,298
2242.6599000464194,4095,0,435,281
2244.548200047575,4095,0,395,272
2246.1454000440426,4095,0,355,267
2247.3270000191405,4095,0,325,256
2248.5695000505075,4095,0,302,255
2249.6416000067256,3360,0,273,243
2250.7067000260577,2085,0,291,244
2252.783800009638,1008,2511,533,269
2253.939000016544,230,4095,718,285
2255.6970000150613,0,4095,802,291
2257.08350003697,0,4095,879,304
2258.462400001008,0,4095,949,318
2259.826300025452,0,4095,1021,334
2261.0026000184007,0,4095,1088,355
2262.741000042297,1305,4095,1159,380
2264.0704000368714,2509,1664,926,362
2265.5224000336602,3554,223,752,346
2266.6180000524037,4095,0,658,347
2267.69620005507,4095,0,593,336
2269.5677000447176,4095,0,531,328
2270.5624000518583,4095,0,473,318
2271.662200044375,4095,0,427,304
2272.7351000066847,2839,0,373,286
2274.669000005815,1722,955,481,297
2275.6077000522055,4095,0,426,284
2277.5712000438944,4095,0,386,278
2278.6270000506192,4095,0,351,272
2279.660200001672,4095,0,320,261
2280.7014000136405,4095,0,298,260
2282.655200047884,4095,0,272,252
2283.4885000484064,2448,0,247,240
2285.5819000396878,1345,1929,466,263
2286.644400039222,461,3504,656,278
2287.75240003597,0,4095,773,291
2289.8166000377387,0,4095,849,302
2290.655400021933,0,4095,926,317
2291.607700055465,0,4095,994,329
2293.5612000292167,0,4095,1066,347
2294.567000004463,798,4095,1136,370
2296.564300020691,2123,2666,1007,368
2297.6379000465386,3195,671,809,352
2299.4670000043698,4095,0,679,345
2300.5332000320777,4095,0,613,342
2301.6760000027716,4095,0,555,336
2303.5373000311665,4095,0,491,325
2304.631400038488,4095,0,438,309
2305.6286000064574,3382,0,389,291
2307.5530000496656,2093,36,397,287
2308.674600033555,1041,2520,622,304
2309.6663000178523,4095,0,454,285
2311.5503000444733,4095,0,407,277
2312.6427000388503,4095,0,367,270
2313.7451000511646,4095,0,334,261
2315.5091000371613,4095,0,306,256
2316.7000000248663,2832,0,275,244
2317.78820004547,1728,985,403,258
2319.652100035455,737,2961,607,275
2321.017900016159,9,4095,759,289
2322.561700013466,0,4095,835,299
2323.6473000142723,0,4095,912,316
2324.5268000173382,0,4095,979,326
2325.637200032361,0,4095,1051,342
2327.671500039287,245,4095,1120,367
2329.635900037829,1744,4095,1120,375
2330.6524000363424,2864,1104,876,358
2332.582500006538,4011,0,711,349
2333.5380000062287,4095,0,642,343
2334.8211999982595,4095,0,577,336
2335.718900023494,4095,0,511,325
2337.6800999976695,4095,0,463,315
2338.6358999996446,4095,0,409,300
2339.728799997829,2465,0,360,279
2341.663100000005,1379,1936,567,299
2342.8481000009924,4095,0,439,285
2344.627400045283,4095,0,399,277
2345.5277000321075,4095,0,362,271
2346.605700033251,4095,0,329,261
2347.8216000366956,4095,0,304,256
2349.5555000263266,3366,0,274,246
2350.6186000304297,2083,69,306,249
2352.5475000496954,1008,2544,547,271
2353.596800006926,219,4095,729,286
2354.700900032185,0,4095,810,294
2356.5574000240304,0,4095,885,306
2357.5865000020713,0,4095,959,320
2358.834200014826,0,4095,1023,336
2360.6537000159733,0,4095,1093,358
2362.6038000220433,1290,4095,1167,381
2363.6793000041507,2486,1727,939,364
2365.5714000342414,3536,257,759,350
2366.5917000034824,4095,0,665,347
2367.679000017233,4095,0,602,338
2368.7252000090666,4095,0,539,332
2370.614800020121,4095,0,479,319
2371.695300040301,4095,0,431,304
2372.7311000111513,2850,0,377,287
2374.627600016538,1732,949,481,293
2375.667500018608,729,2943,679,305
2377.5835999986157,4095,0,477,282
2378.6974000395276,4095,0,429,274
2379.5577000128105,4095,0,384,267
2381.4767000149004,4095,0,347,257
2382.5445000547916,4095,0,314,247
2383.6707000155,2453,0,281,240
2385.523800039664,1365,1938,496,263
2386.5337000461295,466,3566,688,281
2387.581200047862,0,4095,796,292
2389.5556000061333,0,4095,871,302
2390.8733000280336,0,4095,944,316
2391.6801000013947,0,4095,1008,331
2393.798000004608,0,4095,1082,353
2394.796700042207,826,4095,1150,372
2396.7368000303395,2137,2704,1021,368
2398.5981000005268,3216,670,818,355
2399.8906000051647,4095,0,690,347
2400.674600037746,4095,0,623,343
2401.985500007868,4095,0,560,334
2403.8628000416793,4095,0,496,321
2404.622300004121,4095,0,446,308
2406.0309000196867,3456,0,395,291
2407.778100052383,2117,0,394,288
2408.7915000272915,1041,2485,619,303
2410.592000000179,4095,0,458,287
2411.6940000094473,4095,0,406,279
2412.9965000320226,4095,0,368,272
2414.077300054487,4095,0,335,263
2415.6848000129685,4095,0,305,254
2416.8039000360295,2853,0,274,244
2418.6846000375226,1738,1008,405,256
2419.758300005924,738,2985,608,274
2420.961800031364,16,4095,758,289
2422.7069000480697,0,4095,837,297
2423.784200043883,0,4095,912,306
2424.752000020817,0,4095,978,323
2426.5885000349954,0,4095,1052,343
2427.8594000497833,173,4095,1122,365
2429.7053000191227,1702,4095,1135,374
2431.601300020702,2825,1167,886,357
2432.652900053654,3923,0,720,346
2433.6368000367656,4095,0,649,343
2434.8383000469767,4095,0,582,336
2436.7021000362,4095,0,526,325
2437.629400053993,4095,0,464,314
2438.8328000204638,4095,0,414,301
2440.6356000108644,2459,0,363,282
2441.6511000017636,1378,1929,567,301
2442.696000041906,4095,0,441,284
2444.6423000190407,4095,0,400,278
2445.752900035586,4095,0,363,272
2446.8070000293665,4095,0,329,262
2448.767200054135,4095,0,304,258
2449.8526000534184,3393,0,275,246
2450.804900028743,2101,0,302,246
2452.7701000333764,1021,2514,537,271
2453.8808000506833,230,4095,723,286
2455.5308000417426,0,4095,807,295
2456.650600011926,0,4095,882,305
2457.702000043355,0,4095,954,321
2459.640000015497,0,4095,1020,336
2460.608499997761,0,4095,1093,355
2462.6374000217766,1298,4095,1162,381
2463.8043000013568,2492,1776,942,362
2465.592100052163,3556,282,761,349
2466.599200037308,4095,0,668,345
2467.779500002507,4095,0,599,336
2469.5428000413813,4095,0,539,330
2470.652100048028,4095,0,481,319
2471.8704000115395,4095,0,431,305
2473.589000001084,2864,0,377,285
2474.704600055702,1737,1061,493,294
2475.760800007265,4095,0,432,275
2477.5387000408955,4095,0,389,272
2478.741099999752,4095,0,351,266
2479.793500038795,4095,0,321,258
2481.598300044425,4095,0,303,255
2482.712100027129,4095,0,273,250
2483.724700054154,2480,0,249,239
2485.645700013265,1377,1886,464,263
2486.746700014919,474,3487,656,277
2488.571400055662,0,4095,770,288
2489.677000034135,0,4095,848,301
2490.731300029438,0,4095,924,315
2491.72869999893,0,4095,991,325
2493.6150000430644,0,4095,1066,345
2494.68570004683,784,4095,1136,368
2496.739400026854,2097,2672,1006,366
2498.510700010229,3159,670,807,349
2499.5676000253297,4095,0,683,341
2500.889200018719,4095,0,614,337
2501.8498999997973,4095,0,554,333
2503.6107000196353,4095,0,490,320
2504.672600014601,4095,0,438,306
2505.841000005603,3469,0,387,291
2507.630700012669,2106,0,389,285
2508.735000039451,1031,2496,619,303
2510.4970000102185,4095,0,453,285
2511.9313000468537,4095,0,405,276
2512.917800049763,4095,0,368,270
2513.754900021013,4095,0,335,265
2515.5207000207156,4095,0,305,256
2516.6765000321902,2873,0,274,241
2518.493200012017,1759,880,393,256
2519.576999999117,743,2928,597,272
2520.7261000177823,20,4095,753,288
2522.521400009282,0,4095,832,299
2523.80439999979,0,4095,909,307
2524.5919000008143,0,4095,976,323
2526.6119000152685,0,4095,1048,339
2527.7705000480637,245,4095,1117,362
2529.7068000072613,1723,4095,1118,370
2531.0435999999754,2859,1104,878,357
2532.613500021398,3990,0,713,350
2533.662900037598,4095,0,641,342
2534.666699997615,4095,0,576,336
2536.693900008686,4095,0,511,325
2537.583600031212,4095,0,462,315
2538.672399998177,4095,0,403,302
2540.515000000596,2490,0,357,278
2541.6868000174873,1393,1889,563,298
2542.6761000417173,4095,0,438,277
2544.6127000031993,4095,0,398,272
2545.723300019745,4095,0,359,265
2546.700900013093,4095,0,329,256
2548.555000044871,4095,0,303,254
2549.69210003037,3431,0,273,243
2550.779900047928,2120,112,311,247
2552.7792000211775,1039,2559,549,270
2553.7936000037007,255,4095,729,287
2555.6809000554495,0,4095,809,291
2556.5557000227273,0,4095,883,304
2557.842200039886,0,4095,955,318
2559.604700014461,0,4095,1021,336
2560.830500035081,0,4095,1093,353
2562.616200011689,1267,4095,1163,375
2563.7404000153765,2467,1821,946,361
2565.7774000428617,3530,302,765,348
2566.897400014568,4095,0,670,345
2567.829800012987,4095,0,599,339
2569.61460004095,4095,0,543,331
2570.7148000365123,4095,0,483,320
2571.8735000118613,4095,0,431,305
2573.7858000211418,2850,0,379,288
2574.689400033094,1743,969,486,295
2575.981900037732,4095,0,429,279
2577.8062000172213,4095,0,385,272
2578.8367000059225,4095,0,350,270
2579.9510000506416,4095,0,322,260
2581.79010002641,4095,0,303,258
2582.8111000009812,4095,0,277,251
2583.8413000456057,2497,0,247,240
2585.845200053882,1392,1818,458,262
2586.7804000154138,495,3447,647,278
2588.544099999126,0,4095,768,290
2589.5505000371486,0,4095,846,298
2590.557700023055,0,4095,921,314
2591.682500031311,0,4095,990,329
2593.601500033401,0,4095,1062,347
2594.592500012368,782,4095,1136,369
2596.5551999979652,2103,2643,1003,363
2598.472200043034,3165,663,805,349
2599.5441999984905,4095,0,679,340
2600.696000037715,4095,0,612,338
2601.7416000249796,4095,0,550,327
2603.516600036528,4095,0,490,319
2604.9216000246815,4095,0,437,304
2605.753600015305,3463,0,388,289
2607.496100012213,2118,0,389,283
2608.8156000478193,1039,2506,619,301
2610.615500016138,4095,0,454,285
2611.726000031922,4095,0,402,274
2612.7801000257023,4095,0,365,270
2613.8335000141524,4095,0,334,259
2615.7373000169173,4095,0,304,253
2616.7509000515565,2869,0,272,243
2618.623700051103,1763,1034,405,257
2619.700900046155,747,3010,610,273
2620.744100015145,33,4095,756,286
2622.6111000287347,0,4095,834,299
2623.6701000016183,0,4095,912,310
2624.786900007166,0,4095,978,323
2626.6873000422493,0,4095,1051,342
2627.715900016483,219,4095,1121,367
2629.7247000038624,1715,4095,1133,374
2631.582800007891,2848,1136,885,357
2632.7985000098124,3967,0,720,347
2633.754800015595,4095,0,647,342
2634.8275000345893,4095,0,581,336
2636.663200042676,4095,0,511,325
2637.719700054731,4095,0,463,311
2638.759400055278,4095,0,412,301
2640.593800053466,2473,0,365,279
2641.8180000036955,1377,1834,560,297
2643.5985999996774,4095,0,442,282
2644.7155000059865,4095,0,398,273
2645.760700048413,4095,0,361,268
2646.9172000070103,4095,0,327,261
2648.768300015945,4095,0,304,256
2649.684400006663,3479,0,275,242
2650.769300002139,2129,0,291,245
2652.796700014733,1055,2483,534,270
2653.703900054097,266,4095,719,285
2655.6750000454485,0,4095,802,290
2656.8112000240944,0,4095,880,304
2657.6590000186116,0,4095,950,319
2659.7215000074357,0,4095,1015,335
2660.688200034201,0,4095,1089,355
2662.7208000281826,1286,4095,1160,377
2663.7204000144266,2474,1827,943,364
2665.896300051827,3546,310,766,349
2666.85870004585,4095,0,667,346
2667.8688000538386,4095,0,599,338
2669.7298000217415,4095,0,538,331
2670.663600030821,4095,0,479,319
2671.879900037311,4095,0,430,305
2673.6562000005506,2864,0,375,287
2674.9128000228666,1741,1061,494,295
2675.966700015124,4095,0,432,278
2677.7347000315785,4095,0,387,272
2678.82810003357,4095,0,350,266
2679.8716000048444,4095,0,320,257
2681.7277000518516,4095,0,300,257
2682.7788000227883,4095,0,275,247
2683.85130004026,2480,0,247,239
2685.7043000054546,1383,1840,459,260
2686.6656000493094,495,3461,647,278
2688.540800008923,0,4095,768,287
2689.722300041467,0,4095,847,298
2690.7785000512376,0,4095,921,310
2691.806400020141,0,4095,990,325
2693.69700003881,0,4095,1062,346
2694.835900038015,784,4095,1135,368
2696.6972000082023,2103,2706,1007,366
2698.5793000203557,3173,688,809,350
2699.6884000254795,4095,0,681,342
2700.8484000107273,4095,0,610,337
2701.9147000391968,4095,0,551,330
2703.717600030359,4095,0,489,320
2704.6733000315726,4095,0,439,309
2705.865400028415,3516,0,389,291
2707.5889999978244,2128,0,383,283
2708.7138000060804,1053,2480,612,301
2710.6534000486135,4095,0,449,283
2711.7189000127837,4095,0,405,276
2712.761800037697,4095,0,366,267
2713.8249000418,4095,0,333,259
2715.7434000400826,4095,0,304,254
2716.7615000507794,2867,0,272,242
2718.5342000448145,1761,906,394,258
2719.6925000171177,755,2935,602,274
2720.727300038561,25,4095,754,288
2722.530600032769,0,4095,833,298
2723.751200013794,0,4095,909,306
2724.775700015016,0,4095,976,325
2726.726300024893,0,4095,1047,341
2727.7720000129193,172,4095,1116,361
2729.790100012906,1695,4095,1131,372
2730.7237000204623,2832,1143,881,357
2732.620900031179,3952,0,716,345
2733.720700023696,4095,0,647,341
2734.7052000113763,4095,0,580,336
2736.5758000523783,4095,0,511,327
2737.646699999459,4095,0,464,314
2738.6651000124402,4095,0,413,301
2740.5351000488736,2480,0,363,281
2741.7361000552773,1389,1867,571,299
2742.7950000273995,4095,0,439,279
2744.7349000140093,4095,0,400,275
2745.7857000408694,4095,0,363,269
2746.837200014852,4095,0,330,259
2748.6717000138015,4095,0,304,253
2749.707200040575,3504,0,275,245
2750.7323000463657,2145,0,284,242
2752.68270005472,1067,2445,528,271
2753.8020000210963,272,4083,709,285
2755.6076000328176,0,4095,800,290
2756.6648000502028,0,4095,876,304
2757.735799998045,0,4095,947,318
2759.5829000347294,0,4095,1011,336
2760.6852000462823,0,4095,1087,354
2762.7393000293523,1281,4095,1157,379
2763.8309000176378,2477,1749,934,358
2765.7214000355452,3536,259,753,347
2766.796800016891,4095,0,662,342
2767.7120000007562,4095,0,594,337
2769.5597000420094,4095,0,535,330
2770.6995000480674,4095,0,477,320
2771.7502000159584,4095,0,428,304
2772.77070004493,2897,0,374,283
2774.681100039743,1765,960,483,293
2775.776200054679,4095,0,430,277
2777.56140002748,4095,0,389,273
2778.827200003434,4095,0,353,263
2779.7344000427984,4095,0,320,259
2780.90140002314,4095,0,304,256
2782.7420000103302,4095,0,274,246
2783.773300005123,2471,0,247,237
2785.725200024899,1383,1842,462,257
2786.766900040675,481,3434,650,274
2787.887300015427,0,4095,768,287
2789.608400024008,0,4095,847,297
2790.7814000500366,0,4095,919,306
2791.8532000039704,0,4095,990,323
2793.792700045742,0,4095,1063,342
2794.8603000259027,750,4095,1136,368
2796.765300037805,2080,2704,1008,364
2797.7529000490904,3151,671,807,348
2799.6990000247024,4095,0,681,342
2800.7121000555344,4095,0,613,338
2801.714700006414,4095,0,554,331
2803.6717000068165,4095,0,491,320
2804.7408999991603,4095,0,439,307
2805.8327000471763,3462,0,389,290
2807.681100035552,2129,0,378,285
2808.749700023327,1065,2447,608,302
2809.8532000440173,4095,0,449,281
2811.626500042621,4095,0,401,272
2812.766100047156,4095,0,366,267
2813.8418000307865,4095,0,331,259
2815.583700023126,4095,0,305,254
2816.6615000227466,2926,0,276,240
2818.1492000003345,1780,912,398,256
2819.8849000036716,769,2951,606,274
2820.946400053799,48,4095,755,290
2822.662200022023,0,4095,835,299
2823.834600043483,0,4095,912,309
2824.81350004673,0,4095,976,327
2826.6740000108257,0,4095,1054,341
2827.7629000367597,218,4095,1120,366
2829.722700000275,1706,4095,1143,375
2830.761200049892,2835,1194,893,358
2832.556600042153,3985,0,720,346
2833.673700049985,4095,0,652,346
2834.6672000479884,4095,0,587,336
2835.926700034179,4095,0,526,325
2837.639300036244,4095,0,468,315
2838.7118000537157,4095,0,415,302
2839.744500000961,2487,0,366,281
2841.7361000319943,1390,1835,560,299
2842.779500002507,4095,0,443,282
2844.499900005758,4095,0,399,274
2845.71980003966,4095,0,359,267
2846.860700054094,4095,0,329,263
2847.6682000327855,4095,0,304,253
2849.588000040967,3462,0,275,244
2850.760300003458,2134,0,278,243
2852.640000055544,1072,2425,528,267
2853.6990000284277,260,4094,716,283
2854.8211000161245,0,4095,798,291
2856.6588000394404,0,4095,877,304
2857.6796000124887,0,4095,946,317
2858.7757000350393,0,4095,1013,333
2860.66020000726,0,4095,1085,352
2861.812900053337,1262,4095,1158,374
2863.693300052546,2473,1803,938,363
2864.758300012909,3524,303,761,346
2866.742000041995,4095,0,663,342
2867.8281000466086,4095,0,598,336
2868.825100013055,4095,0,537,327
2870.635500003118,4095,0,479,319
2871.68850004673,4095,0,431,303
2872.8270000428893,2917,0,376,285
2874.7756000375375,1792,944,481,291
2875.820900022518,775,2944,678,306
2876.942400005646,4095,0,477,287
2878.6912000505254,4095,0,429,274
2879.7464000526816,4095,0,384,269
2880.8266000123695,4095,0,349,259
2882.77950003976,4095,0,314,251
2883.780400035903,2497,0,280,239
2885.7009000494145,1406,1798,485,265
2887.0409000082873,497,3441,671,277
2888.0566000007093,0,4095,789,294
2889.8805000353605,0,4095,867,303
2890.912900038529,0,4095,939,310
2891.8771000462584,0,4095,1006,327
2893.827600055374,0,4095,1075,347
2894.9628000264056,758,4095,1147,369
2896.842200018,2069,2751,1022,367
2897.866300016176,3152,694,819,351
2899.774100049399,4095,0,690,343
2901.083100005053,4095,0,624,338
2902.0993000012822,4095,0,560,331
2903.7615000270307,4095,0,497,321
2904.8043000511825,4095,0,443,308
2905.63590003876,3479,0,395,293
2907.5711000477895,2143,0,381,283
2908.5920000215992,1061,2448,614,303
2909.6675000037067,4095,0,455,283
2911.5706000011414,4095,0,407,275
2912.6361000235192,4095,0,368,268
2913.735900016036,4095,0,334,258
2915.5160000082105,4095,0,307,256
2916.5752000408247,2890,0,274,243
2917.648000002373,1761,867,391,254
2919.618600048125,741,2908,597,272
2920.7550000282936,38,4095,755,285
2922.5812000222504,0,4095,833,295
2923.6351000145078,0,4095,909,305
2924.741599999834,0,4095,978,321
2926.517000014428,0,4095,1051,337
2927.782400045544,161,4095,1117,363
2929.5925000333227,1675,4095,1142,373
2930.809700046666,2819,1204,893,358
2932.6601000502706,3981,0,720,347
2933.7634000112303,4095,0,651,343
2934.83300000662,4095,0,584,335
2936.592700018082,4095,0,527,325
2937.768200004939,4095,0,467,313
2938.957400037907,4095,0,418,302
2939.9260000209324,2525,0,367,279
2941.8110999977216,1424,1795,560,295
2942.9442000109702,4095,0,440,283
2944.757600023877,4095,0,400,273
2945.817400002852,4095,0,361,270
2946.786200045608,4095,0,330,258
2948.599399998784,4095,0,304,255
2949.6848999988288,3522,0,277,247
2950.927200028673,2155,0,290,253
2952.826599997934,1081,2459,535,269
2953.9354000007734,273,4095,718,286
2954.869100009091,0,4095,802,293
2956.8332000053488,0,4095,880,301
2957.749599998351,0,4095,949,317
2959.0012000408024,0,4095,1015,336
2960.7921999995597,0,4095,1088,352
2962.632900045719,1263,4095,1158,377
2963.8054000097327,2461,1831,944,359
2965.618500020355,3523,336,767,349
2966.928200039547,4095,0,666,343
2967.9088999982923,4095,0,599,337
2968.618500046432,4095,0,539,328
2970.7194000366144,4095,0,479,318
2971.5952000115067,4095,0,429,305
2972.8586000273935,2941,0,375,285
2974.759600008838,1787,922,479,292
2975.7226000074297,784,2953,678,308
2977.584400039632,4095,0,476,288
2978.5830000182614,4095,0,427,279
2979.6604000148363,4095,0,385,272
2981.650100031402,4095,0,349,261
2982.6305000460707,4095,0,318,255
2983.714100031648,2503,0,284,245
2985.6577000464313,1403,1723,477,267
2986.6662000422366,502,3360,663,279
2987.8033000277355,0,4095,787,291
2989.534500055015,0,4095,864,303
2990.714300016407,0,4095,939,315
2991.7682000086643,0,4095,1005,331
2993.604800023604,0,4095,1076,347
2994.7385000414215,691,4095,1147,369
2996.7031000414863,2045,2738,1022,366
2998.6012000008486,3137,720,823,352
2999.6945000020787,4095,0,689,345
3000.6688000285067,4095,0,624,338
3001.696300052572,4095,0,560,335
3003.5960000241175,4095,0,496,324
3004.52190003125,4095,0,447,313
3005.7431000168435,3483,0,396,295
3007.4828000506386,2142,0,380,285
3008.6591000435874,1059,2423,609,303
3010.6259000021964,4095,0,452,284
3011.637100018561,4095,0,405,274
3012.6510000554845,4095,0,368,271
3013.695000030566,4095,0,336,262
3015.5947000021115,4095,0,305,256
3016.5999000309967,2945,0,274,241
3018.7009000219405,1808,767,384,255
3019.7676000534557,795,2881,593,274
3020.7336000166833,70,4095,752,287
3022.5671000080183,0,4095,832,295
3023.771200038027,0,4095,907,308
3024.7348000411876,0,4095,975,323
3026.5577000100166,0,4095,1047,338
3027.6045000064187,197,4095,1117,364
3029.699500009883,1683,4095,1130,373
3030.991500010714,2839,1133,880,357
3032.641400001012,3927,0,716,344
3033.762800041586,4095,0,648,341
3034.9263000534847,4095,0,581,336
3036.4938999991864,4095,0,525,326
3037.6333000021987,4095,0,464,315
3038.659700017888,4095,0,413,301
3040.5138000496663,2516,0,365,281
3041.5884000249207,1415,1794,558,298
3042.6428000209853,4095,0,439,278
3044.5570000447333,4095,0,397,272
3045.628400053829,4095,0,359,269
3046.673000033479,4095,0,327,261
3048.5497000045143,4095,0,303,256
3049.5410000439733,3506,0,273,246
3050.6098000332713,2153,0,283,243
3052.5584000279196,1081,2450,529,268
3053.7094000028446,272,4095,717,286
3055.5154000176117,0,4095,802,291
3056.577000010293,0,4095,877,304
3057.679800025653,0,4095,946,318
3059.4982000184245,0,4095,1012,336
3060.5882000527345,0,4095,1088,353
3062.565300031565,1225,4095,1157,378
3063.7969000381418,2429,1909,947,362
3065.5063000158407,3474,353,769,348
3066.5903000044636,4095,0,668,345
3067.720500053838,4095,0,602,339
3069.538200041279,4095,0,542,330
3070.5529000260867,4095,0,481,320
3071.6062000137754,4095,0,432,305
3072.639200021513,2931,0,379,288
3074.5538000483066,1798,915,481,294
3075.6444000289775,4095,0,431,275
3077.505499997642,4095,0,387,272
3078.580100031104,4095,0,350,263
3079.5591000351124,4095,0,320,256
3080.6574000162072,4095,0,301,256
3082.5249000336044,4095,0,277,246
3083.593600022141,2530,0,253,239
3085.530300042592,1445,1779,454,261
3086.6244000499137,543,3389,644,277
3087.667200015858,0,4095,768,286
3089.5681000547484,0,4095,847,299
3090.6127000343986,0,4095,919,313
3091.731799999252,0,4095,989,330
3093.550600053277,0,4095,1060,346
3094.656700035557,742,4095,1134,370
3096.6596000362188,2055,2833,1021,367
3097.6616000407375,3126,750,819,356
3099.520400050096,4095,0,687,347
3100.4847000003792,4095,0,613,342
3101.5516000334173,4095,0,558,336
3103.526100050658,4095,0,495,324
3104.5556000317447,4095,0,444,311
3105.7676000054926,3600,0,396,294
3106.7086000111885,2175,0,384,285
3108.507000026293,1089,2435,612,302
3109.545100014657,4095,0,453,286
3111.4747000392526,4095,0,405,278
3112.570199999027,4095,0,368,270
3113.729900040198,4095,0,336,262
3115.604000049643,4095,0,305,255
3116.6462000110187,2937,0,273,244
3117.825700028334,1792,711,375,254
3119.679700001143,784,2865,592,273
3120.8806000067852,64,4095,751,287
3122.5305999978445,0,4095,831,298
3123.605300032068,0,4095,905,309
3124.6440000250004,0,4095,975,320
3125.9132000268437,0,4095,1045,337
3127.8077000170015,129,4095,1114,365
3129.5917000388727,1676,4095,1125,372
3130.7220000308007,2839,1122,877,353
3132.5204000459053,3942,0,710,344
3133.59570002649,4095,0,639,341
3134.6305000479333,4095,0,578,336
3135.729400033597,4095,0,511,325
3137.5249000266194,4095,0,464,314
3138.6034000315703,4095,0,412,299
3139.7850000066683,2529,0,364,279
3141.598900023382,1447,1761,558,299
3142.6385000231676,4095,0,437,278
3144.506100041326,4095,0,396,272
3145.670700003393,4095,0,354,267
3146.707400039304,4095,0,325,261
3147.757900005672,4095,0,303,253
3149.5249000145122,3583,0,273,245
3150.6125000305474,2179,0,288,242
3152.556100045331,1091,2459,529,268
3153.576700016856,277,4095,715,283
3154.766699997708,0,4095,798,290
3156.491800036747,0,4095,877,304
3158.655900042504,0,4095,947,319
3159.8484000423923,0,4095,1015,334
3161.013600009028,0,4095,1086,353
3162.2558000381105,1221,4095,1158,375
3163.666500011459,2432,1895,948,363
3164.6312000229955,3478,342,767,347
3166.7007000069134,4095,0,667,345
3167.5441000261344,4095,0,599,339
3168.6332000535913,4095,0,541,331
3170.5033000325784,4095,0,481,320
3171.573800034821,4095,0,431,307
3172.572700015735,2933,0,377,289
3174.5351999998093,1796,750,464,292
3175.607100012712,775,2877,667,304
3177.4812000221573,4095,0,470,286
3178.514900035225,4095,0,422,277
3179.597400012426,4095,0,382,272
3180.6029000435956,4095,0,343,261
3182.6054000412114,4095,0,311,254
3183.541900012642,2524,0,278,240
3185.4764000163414,1450,1763,480,266
3186.6378000122495,541,3437,669,283
3187.6156000071205,0,4095,784,292
3189.511800010223,0,4095,864,303
3190.8055000239983,0,4095,935,315
3191.6708000353537,0,4095,1005,329
3193.598000041675,0,4095,1074,350
3194.6586000267416,707,4095,1143,371
3196.6323000378907,2045,3006,1053,368
3197.6149000111036,3139,795,837,354
3199.572600016836,4095,0,701,347
3200.5867000552826,4095,0,629,341
3201.798600028269,4095,0,563,335
3203.5807000356726,4095,0,503,326
3204.567600041628,4095,0,451,310
3205.5942000006326,3563,0,400,295
3207.477200019639,2176,0,386,287
3208.6319000227377,1095,2421,613,304
3209.755200019572,4095,0,453,282
3211.517800053116,4095,0,407,276
3212.6140000182204,4095,0,367,269
3213.786100037396,4095,0,335,261
3215.515000047162,4095,0,304,254
3216.885900008492,2913,0,274,245
3217.658500012476,1806,713,375,255
3219.5400000200607,778,2880,592,272
3220.5898000393063,49,4095,750,288
3222.5280000129715,0,4095,829,298
3223.5609000199474,0,4095,906,310
3224.6396000264212,0,4095,974,325
3226.4493000111543,0,4095,1043,340
3227.597900026012,98,4095,1114,365
3229.567500005942,1677,4095,1142,380
3230.6057000532746,2795,1232,896,359
3232.4731000117026,3923,0,721,347
3233.5772000369616,4095,0,651,343
3234.6231000265107,4095,0,586,336
3236.4847999997437,4095,0,528,329
3237.533200008329,4095,0,467,317
3238.6261000065133,4095,0,416,301
3239.6808000048622,2559,0,368,281
3241.7895000544377,1451,1751,557,295
3242.7196000353433,4095,0,444,283
3244.614500028547,4095,0,399,277
3245.7059000153095,4095,0,358,271
3246.522300003562,4095,0,329,262
3247.542900033295,4095,0,304,257
3249.6574000106193,3602,0,273,245
3250.5085000302643,2183,0,263,241
3252.509900019504,1102,2351,510,269
3253.6586000351235,284,3984,701,281
3254.703900020104,0,4095,794,290
3256.5559000358917,0,4095,871,303
3257.5182000291534,0,4095,944,314
3258.67810001364,0,4095,1008,333
3260.5991000309587,0,4095,1081,353
3261.5269000525586,1219,4095,1153,373
3263.5245000128634,2439,1872,944,359
3264.6659000311047,3504,336,763,347
3266.58250001492,4095,0,663,341
3267.624900036026,4095,0,595,337
3268.67650001077,4095,0,540,327
3270.5228000413626,4095,0,481,317
3271.6331999981776,4095,0,431,304
3272.6456000236794,2965,0,378,286
3274.727900046855,1827,827,471,293
3275.663700012956,805,2883,667,304
3277.4785000365227,4095,0,471,283
3278.589000052307,4095,0,426,275
3279.816100024618,4095,0,381,269
3280.7971000438556,4095,0,344,257
3282.5565000530332,4095,0,313,250
3283.6506000021473,2539,0,278,240
3285.5719000217505,1454,1712,473,263
3286.612000025343,528,3370,662,278
3287.8786000073887,0,4095,784,289
3289.5473000244237,0,4095,861,299
3290.6037000357173,0,4095,934,313
3291.753700003028,0,4095,1002,327
3293.556900054682,0,4095,1071,346
3294.96550001204,704,4095,1142,369
3296.657100028824,2022,2958,1044,368
3297.712500032503,3126,784,833,352
3299.5685000205413,4095,0,697,346
3300.637200009078,4095,0,627,341
3301.9277999992482,4095,0,565,334
3303.4875000012107,4095,0,502,322
3304.634600004647,4095,0,449,309
3305.7490000501275,3600,0,399,295
3307.48300004052,2170,0,383,283
3308.6670000338927,1088,2433,613,304
3309.711000008974,4095,0,453,283
3311.5195000427775,4095,0,407,277
3312.855300027877,4095,0,368,270
3313.538500049617,4095,0,336,259
3315.6707000453025,4095,0,307,256
3316.7858000379056,2928,0,278,244
3317.7116000442766,1810,693,378,256
3319.5948000065982,783,2845,592,272
3320.713600027375,55,4095,752,289
3322.4650000338443,0,4095,832,295
3323.5109000233933,0,4095,907,310
3324.5416000136174,0,4095,976,325
3326.472700049635,0,4095,1050,339
3327.6381000177935,95,4095,1117,364
3329.5521000400186,1661,4095,1137,375
3330.6460000458173,2768,1213,891,361
3332.4903000029735,3892,0,720,347
3333.5395000176504,4095,0,651,345
3334.627600037493,4095,0,585,336
3335.7207000372,4095,0,526,329
3337.548000039533,4095,0,465,318
3338.6042000493035,4095,0,417,303
3339.870300027542,2557,0,367,283
3341.6310000466183,1477,1706,551,298
3342.617800051812,4095,0,437,284
3344.474700046703,4095,0,400,279
3345.6060000462458,4095,0,361,270
3346.676200046204,4095,0,329,263
3347.5302000297233,4095,0,304,261
3349.5857000234537,3568,0,273,252
3350.62330000801,2193,0,280,247
3352.4320000433363,1116,2428,528,270
3353.5040999995545,301,4085,709,288
3354.5798000413924,0,4095,797,294
3356.561300053727,0,4095,878,305
3357.590200030245,0,4095,945,321
3358.7426000158302,0,4095,1014,336
3360.675700008869,0,4095,1086,356
3361.728000047151,1195,4095,1157,379
3363.526900007855,2416,1984,953,367
3364.91990002105,3476,389,775,350
3366.6534000076354,4095,0,670,346
3367.463000002317,4095,0,603,342
3368.510200001765,4095,0,541,331
3370.5658000544645,4095,0,483,320
3371.613499999512,4095,0,432,306
3372.7052000467665,2954,0,382,288
3374.5839000330307,1823,752,467,294
3375.8360000210814,800,2857,667,305
3377.5131000438705,4095,0,474,289
3378.593000001274,4095,0,427,279
3379.626800015103,4095,0,382,272
3380.7975000236183,4095,0,347,263
3382.6776000205427,4095,0,315,256
3383.6919000023045,2539,0,281,242
3385.5351000092924,1461,1711,471,264
3386.799100029748,533,3361,663,280
3387.7178000402637,0,4095,784,290
3389.570500003174,0,4095,861,303
3390.745800046716,0,4095,933,316
3391.845700039994,0,4095,1003,331
3393.6024000286125,0,4095,1072,350
3394.7702000150457,691,4095,1140,369
3396.647500048857,2014,2954,1043,368
3397.7239000378177,3107,771,833,354
3399.5891000377014,4095,0,695,347
3400.6234999978915,4095,0,627,342
3401.684800046496,4095,0,561,336
3403.5250000306405,4095,0,499,325
3404.6169000212103,4095,0,450,312
3405.641400022432,3713,0,397,295
3407.468900026288,2217,0,368,283
3408.653000020422,1135,2330,597,303
3409.7127999993972,4095,0,450,282
3411.5274000214413,4095,0,402,272
3412.718900013715,4095,0,366,266
3413.8841000385582,4095,0,331,261
3415.5330000212416,4095,0,305,255
3416.617500013672,2966,0,272,245
3417.6932999980636,1823,720,372,255
3419.6225000196137,784,2859,591,275
3420.681300049182,49,4095,751,288
3422.5129000260495,0,4095,828,299
3423.6192000098526,0,4095,903,309
3424.635400006082,0,4095,974,322
3426.5747000463307,0,4095,1043,339
3427.6024000137113,77,4095,1113,365
3429.7035000054166,1611,4095,1154,377
3430.8380000293255,2752,1280,902,361
3432.599200052209,3833,0,726,349
3433.6260000127368,4095,0,655,344
3434.64990000939,4095,0,591,336
3435.757900006138,4095,0,528,326
3437.5802000286058,4095,0,466,319
3438.6101000127383,4095,0,418,300
3439.769900054671,2559,0,368,282
3441.631000023335,1456,1739,556,301
3442.6900000544265,4095,0,442,282
3444.509100052528,4095,0,398,275
3445.605400018394,4095,0,359,270
3446.6661000042222,4095,0,327,266
3447.804900002666,4095,0,304,258
3449.7027000179514,3651,0,276,250
3450.7605000399053,2201,0,268,245
3452.5493000401184,1113,2367,511,272
3453.644000052009,302,3989,702,282
3454.789800045546,0,4095,791,294
3456.6465000389144,0,4095,873,304
3457.666700007394,0,4095,944,320
3458.794600039255,0,4095,1009,334
3460.6655000243336,0,4095,1081,353
3461.7275000200607,1173,4095,1152,377
3463.6789000360295,2384,1855,941,361
3464.8523000068963,3445,320,762,347
3466.56150004128,4095,0,663,343
3467.670700047165,4095,0,596,337
3468.799600028433,4095,0,535,330
3470.6198000349104,4095,0,478,321
3471.8252000166103,4095,0,427,305
3472.6457000360824,3005,0,375,286
3474.629600008484,1847,614,449,291
3475.7933000219055,831,2823,656,304
3477.602900005877,4095,0,467,286
3478.5934000392444,4095,0,419,273
3479.620600002818,4095,0,376,270
3480.8458000188693,4095,0,337,260
3482.593900000211,4095,0,310,251
3483.617200050503,2559,0,277,241
3485.608700022567,1484,1635,465,259
3486.7246000212617,558,3315,656,281
3487.875700055156,0,4095,783,292
3489.544300013222,0,4095,858,303
3490.6171000329778,0,4095,931,314
3491.864500043448,0,4095,999,329
3493.5828000307083,0,4095,1072,349
3494.7120000142604,654,4095,1139,369
3496.8935000360943,1996,3028,1050,368
3497.9903000057675,3081,807,837,355
3499.601900053676,4095,0,699,347
3500.716000038665,4095,0,629,339
3501.7495000502095,4095,0,565,333
3503.534400020726,4095,0,501,323
3504.6704999986105,4095,0,450,311
3505.9192000189796,3602,0,400,298
3507.6293000020087,2197,0,373,285
3508.7461000075564,1105,2370,605,303
3509.832000010647,4095,0,451,285
3511.546800029464,4095,0,406,275
3512.6089000259526,4095,0,367,270
3513.7845000135712,4095,0,335,261
3515.497000014875,4095,0,307,256
3516.5792000479996,2998,0,277,244
3517.662400030531,1858,662,372,256
3519.582500040997,829,2825,590,274
3520.6827000365593,80,4095,751,289
3522.7648000000045,0,4095,828,298
3523.472400032915,0,4095,903,305
3524.722500005737,0,4095,976,321
3526.6227000392973,0,4095,1043,338
3527.664499997627,58,4095,1115,361
3529.5400000177324,1597,4095,1155,374
3530.7217000517994,2738,1285,902,359
3531.9919000030495,3831,1,727,349
3533.6688000243157,4095,0,656,345
3534.7237000241876,4095,0,591,337
3535.8097000280395,4095,0,529,327
3537.66120004002,4095,0,467,316
3538.7105000554584,4095,0,419,303
3539.742599998135,2559,0,368,282
3541.668300051242,1475,1587,543,297
3542.788800026756,564,3259,718,307
3544.578100030776,4095,0,495,291
3545.6021000281908,4095,0,439,282
3546.7504000407644,4095,0,397,272
3548.604700015858,4095,0,354,260
3549.663200043142,3738,0,320,251
3550.6601000088267,2224,0,301,246
3552.6062000426464,1146,2320,545,269
3553.7907000398263,307,3971,721,289
3554.8187000094913,0,4095,816,295
3556.56400002772,0,4095,890,304
3557.7716000261717,0,4095,961,322
3559.598400024697,0,4095,1033,336
3560.5867000413127,0,4095,1100,355
3562.4873000197113,1175,4095,1168,378
3563.6188000207767,2384,1946,961,365
3565.495800052304,3459,368,784,352
3566.6357000009157,4095,0,678,345
3567.624000017531,4095,0,610,338
3568.854700017255,4095,0,548,330
3570.510000048671,4095,0,488,320
3571.8980000237934,4095,0,435,307
3572.639900026843,2989,0,384,289
3574.706200044602,1847,688,464,291
3575.617800001055,813,2843,665,305
3577.577000018209,4095,0,471,282
3578.547000011895,4095,0,426,275
3579.656000016257,4095,0,382,269
3581.6269000060856,4095,0,343,260
3582.7448000200093,4095,0,316,252
3583.6184000363573,2586,0,281,243
3585.7228000531904,1485,1665,470,264
3586.654000042472,550,3345,659,282
3587.808300042525,0,4095,783,291
3589.850500051398,0,4095,859,304
3590.7620000070892,0,4095,931,310
3591.99390001595,0,4095,1001,332
3593.896800011862,0,4095,1072,351
3595.0543000362813,624,4095,1139,370
3596.878500015009,1987,3056,1055,369
3598.4983000089414,3088,816,841,353
3599.877600034233,4095,0,700,349
3600.9097000351176,4095,0,631,339
3602.0363999996334,4095,0,569,336
3604.0324000059627,4095,0,507,325
3605.064900009893,4095,0,453,313
3605.998000013642,3706,0,400,298
3607.8248000121675,2238,0,369,283
3609.060400049202,1153,2347,602,301
3610.633400036022,4095,0,450,283
3611.7237000144087,4095,0,403,275
3612.8902000491507,4095,0,365,269
3613.8696999987587,4095,0,332,258
3615.7196999993175,4095,0,305,254
3616.717900033109,3030,0,274,243
3618.743800034281,1872,576,367,256
3619.978800008539,827,2805,583,273
3620.857600006275,91,4095,749,286
3622.835800051689,0,4095,830,298
3623.6710000084713,0,4095,902,309
3624.9018000089563,0,4095,971,323
3626.826300052926,0,4095,1041,340
3627.869300020393,65,4095,1112,362
3629.882700042799,1589,4095,1167,377
3631.048200011719,2731,1344,912,362
3632.844700012356,3798,50,738,349
3633.9447000063956,4095,0,661,347
3635.253800021019,4095,0,592,337
3636.7924000369385,4095,0,532,327
3637.698700011242,4095,0,473,316
3638.8608000124805,4095,0,423,302
3640.773300023284,2599,0,369,285
3641.9086000532843,1486,1649,550,299
3642.799900029786,4095,0,442,281
3644.8498000390828,4095,0,398,272
3645.821700047236,4095,0,361,266
3647.1193000325,4095,0,327,259
3648.6486000358127,4095,0,304,255
3650.0193000538275,3696,0,276,245
3651.0385000146925,2227,0,256,240
3652.8341000084765,1152,2288,502,263
3654.0038000093773,335,3920,693,283
3655.804900045041,0,4095,787,289
3656.778500007931,0,4095,870,304
3657.8298000385985,0,4095,943,314
3659.600600018166,0,4095,1008,331
3660.5772000038996,0,4095,1077,353
3662.6466000452638,1147,4095,1152,374
3663.8581000152044,2371,2013,953,362
3665.6927000149153,3418,405,773,348
3666.9416000368074,4095,0,667,343
3667.9842000012286,4095,0,601,337
3669.6202000021003,4095,0,541,329
3670.84390000673,4095,0,480,320
3671.888100041542,4095,0,432,304
3673.5451000276953,3030,0,382,286
3674.820300017018,1872,595,451,291
3675.5880000418983,4095,0,422,277
3677.6131000369787,4095,0,385,273
3678.7469999981113,4095,0,347,268
3679.714400030207,4095,0,319,259
3680.9480000520125,4095,0,300,258
3682.891500007827,4095,0,273,247
3683.9860000181943,2607,0,249,240
3685.7107000541873,1504,1655,442,262
3686.78450002335,590,3318,634,277
3687.893800029997,0,4095,763,289
3689.760400040541,0,4095,842,301
3690.756100055296,0,4095,915,311
3691.7543000308797,0,4095,983,324
3693.743500043638,0,4095,1057,346
3694.7641000151634,594,4095,1131,368
3696.67750003282,1959,3184,1053,368
3697.754300024826,3055,836,834,352
3699.651700037066,4095,0,693,343
3700.6726000108756,4095,0,624,340
3701.6349000041373,4095,0,562,334
3703.632800024934,4095,0,498,323
3704.615200054832,4095,0,448,310
3705.7496000197716,3813,0,398,295
3707.5817000004463,2255,0,350,279
3708.6736000492238,1171,2255,589,300
3709.7005000105128,4095,0,448,283
3711.547300044913,4095,0,400,276
3712.7102000522427,4095,0,363,272
3713.661600020714,4095,0,332,259
3715.4366000322625,4095,0,304,257
3716.6211000294425,3024,0,274,246
3717.642200004775,1885,583,367,256
3719.623800017871,848,2778,579,272
3720.680100028403,109,4095,749,286
3722.6605000323616,0,4095,826,295
3723.730300029274,0,4095,898,309
3724.7210000059567,0,4095,971,321
3726.5424000215717,0,4095,1041,338
3727.7472999994643,16,4095,1111,364
3729.6743000042625,1566,4095,1154,377
3730.7557000312954,2713,1296,900,361
3732.6705000014044,3814,0,726,349
3733.5779000422917,4095,0,655,346
3734.642299998086,4095,0,591,336
3736.5707000135444,4095,0,528,327
3737.6299000461586,4095,0,470,319
3738.7987000402063,4095,0,418,304
3739.6663000108674,2617,0,368,284
3741.6502000414766,1507,1581,541,298
3742.660700052511,4095,0,438,282
3744.5647999993525,4095,0,399,274
3745.56810001377,4095,0,359,270
3746.858600003179,4095,0,331,262
3747.8775000199676,4095,0,305,259
3749.601000046823,3763,0,278,248
3750.6346000009216,2243,0,254,240
3752.621000050567,1167,2287,503,269
3753.721100045368,335,3888,689,284
3754.742500022985,0,4095,786,292
3756.622300017625,0,4095,867,303
3757.6516999979503,0,4095,941,316
3758.7107000290416,0,4095,1007,334
3760.6354000163265,0,4095,1077,353
3761.6924000321887,1121,4095,1152,375
3763.5979000478983,2347,2021,952,363
3764.753000054043,3406,400,772,349
3766.6404000483453,4095,0,667,346
3767.669200024102,4095,0,598,337
3768.7148000113666,4095,0,540,331
3770.649300015066,4095,0,480,320
3771.639100043103,4095,0,431,306
3772.7463000337593,3062,0,379,289
3774.569800007157,1893,539,443,289
3775.820700044278,871,2769,652,304
3777.478800038807,4095,0,465,287
3778.629100008402,4095,0,419,281
3779.6738000470214,4095,0,376,272
3780.742100032512,4095,0,339,261
3782.694000052288,4095,0,313,255
3783.7779000401497,2628,0,277,241
3785.7053000479937,1534,1580,462,265
3786.8022000184283,592,3281,653,282
3787.8248000051826,0,4095,782,293
3789.5887000486255,0,4095,857,300
3790.916300029494,0,4095,930,313
3791.7995000025257,0,4095,995,330
3793.576900032349,0,4095,1071,348
3794.707700028084,621,4095,1139,368
3796.600200003013,1963,3184,1063,369
3797.7328000124544,3063,846,845,354
3799.654200032819,4095,0,699,346
3800.683800014667,4095,0,629,341
3801.713400054723,4095,0,570,336
3803.6215000320226,4095,0,505,323
3804.6094000455923,4095,0,454,310
3805.578700033948,3743,0,401,298
3806.713199999649,2251,0,354,281
3808.702300011646,1164,2271,592,303
3809.778800001368,4095,0,448,283
3811.5885000443086,4095,0,401,277
3812.540800019633,4095,0,365,271
3813.537600042764,4095,0,331,259
3815.5316000338644,4095,0,305,256
3816.6869000415318,3061,0,274,245
3817.7567000384443,1901,528,358,254
3819.6395999984816,853,2766,578,273
3820.7366000278853,116,4095,746,288
3822.6691000163555,0,4095,823,295
3823.6135000479408,0,4095,897,307
3824.8225999996066,0,4095,971,322
3825.8976000361145,0,4095,1040,337
3827.787200047169,0,4095,1106,361
3829.749200027436,1535,4095,1177,379
3830.6694000493735,2694,1366,915,361
3832.6717000454664,3792,47,739,350
3833.767500007525,4095,0,660,346
3835.137800022494,4095,0,596,336
3836.3485000445507,4095,0,536,327
3838.3016000152566,4095,0,475,318
3839.2887000227347,4095,0,425,302
3840.270600048825,2650,0,371,286
3842.2565000364557,1535,1575,546,299
3844.31020001648,4095,0,441,281
3845.747500017751,4095,0,397,273
3847.017300024163,4095,0,361,266
3848.416900029406,4095,0,328,258
3849.743300001137,4095,0,305,257
3850.875200005248,3838,0,279,244
3851.9882000400685,2267,0,253,240
3853.7838000338525,1178,2265,502,268
3854.884700034745,345,3873,692,282
3855.9000000241213,0,4095,787,290
3857.0909000118263,0,4095,867,302
3857.532699999865,0,4095,940,315
3858.6096000508405,0,4095,1008,332
3860.7939000357874,0,4095,1078,353
3862.3066000291146,1091,4095,1150,374
3863.703800016083,2327,2100,961,363
3865.204600035213,3391,453,783,350
3866.678500024136,4095,0,671,347
3867.630900000222,4095,0,604,339
3868.897400039714,4095,0,544,333
3870.6599000142887,4095,0,484,320
3872.36480001593,4095,0,433,306
3873.475300031714,3087,0,382,290
3874.6493000071496,1909,607,455,292
3875.8087000460364,867,2801,658,305
3877.585200010799,4095,0,470,282
3878.664000018034,4095,0,422,276
3879.755200003274,4095,0,378,267
3880.9917000471614,4095,0,342,258
3882.5704000191763,4095,0,313,251
3883.5480000125244,2629,0,281,241
3885.6348000117578,1535,1491,454,261
3886.70130004175,602,3231,647,274
3887.915800034534,0,4095,781,288
3889.7151999990456,0,4095,853,299
3890.6181000056677,0,4095,928,314
3891.9073000433855,0,4095,999,328
3893.5965000418946,0,4095,1069,346
3894.6450000512414,587,4095,1136,368
3896.7780000530183,1930,3184,1062,368
3898.083400039468,3028,848,842,354
3899.7321000206284,4095,0,700,347
3900.752800051123,4095,0,629,341
3901.876100047957,4095,0,567,336
3903.5673000034876,4095,0,503,325
3904.6827999991365,4095,0,453,310
3905.7715000235476,3824,0,400,297
3907.5914000277407,2277,0,354,279
3908.6494000512175,1187,2237,591,302
3909.77450000355,4095,0,445,277
3911.6193000227213,4095,0,400,273
3912.637600034941,4095,0,363,263
3913.655300042592,4095,0,332,257
3915.6280000461265,4095,0,304,250
3916.6691999998875,3061,0,275,242
3917.639799998142,1907,492,353,250
3919.6758000180125,859,2765,577,272
3920.7285000011325,120,4095,745,287
3922.6236000540666,0,4095,823,298
3923.6844000406563,0,4095,897,307
3924.707500031218,0,4095,969,322
3926.580900035333,0,4095,1041,336
3927.6780000072904,0,4095,1107,361
3929.546700033825,1535,4095,1175,378
3930.7144000194967,2701,1395,917,360
3932.6806000317447,3792,66,741,347
3933.64040000597,4095,0,662,346
3934.744300029706,4095,0,597,338
3936.5768000134267,4095,0,535,329
3937.660100054927,4095,0,478,319
3938.758600037545,4095,0,425,304
3939.817500009667,2652,0,372,286
3941.6540000238456,1535,1557,543,301
3942.731500021182,4095,0,438,282
3944.5315000484698,4095,0,396,275
3945.6254000542685,4095,0,357,269
3946.7024000477977,4095,0,326,263
3947.7859000326134,4095,0,304,259
3949.6843000524677,3809,0,274,250
3950.6997000426054,2273,0,251,240
3952.6199000538327,1184,2175,495,269
3953.730200009886,347,3760,680,279
3954.7753000515513,0,4095,784,291
3956.625100050587,0,4095,861,303
3957.7977000153624,0,4095,937,316
3958.691900013946,0,4095,1003,331
3960.601200000383,0,4095,1074,351
3961.768400040455,1081,4095,1149,373
3963.6912000132725,2320,2082,956,363
3964.787500037346,3375,450,774,349
3966.669500048738,4095,0,670,345
3967.706300027203,4095,0,603,338
3968.7812000047415,4095,0,541,331
3970.644000044558,4095,0,483,321
3971.6435000300407,4095,0,432,305
3972.7524000336416,3071,0,381,287
3974.6290000039153,1919,529,444,290
3975.6814000429586,880,2759,650,304
3977.5618000421673,4095,0,464,286
3978.66600000998,4095,0,418,275
3979.7980000148527,4095,0,375,272
3980.74790003011,4095,0,340,262
3982.6225000433624,4095,0,311,256
3983.754000044428,2640,0,277,242
3985.6134000001475,1535,1490,453,267
3986.7074000067078,592,3247,646,278
3987.6327000092715,0,4095,775,289
3989.666700013913,0,4095,850,300
3990.5719000380486,0,4095,927,313
3991.7235000175424,0,4095,994,327
3993.8019000110216,0,4095,1066,347
3994.712400017306,548,4095,1136,368
3996.6500000446104,1920,3216,1064,368
3997.783900005743,3043,857,845,355
3999.6257000020705,4095,0,701,347
4000.694500049576,4095,0,629,342
4001.608500024304,4095,0,567,336
4003.558600030374,4095,0,504,326
4004.6716000069864,4095,0,453,313
4005.7176000555046,3914,0,400,299
4007.524300017394,2295,0,353,281
4008.649300027173,1207,2215,589,302
4009.72339999862,4095,0,448,285
4011.6492000524886,4095,0,401,276
4012.6429000520147,4095,0,365,271
4013.8131999992765,4095,0,333,263
4015.5529000330716,4095,0,305,256
4016.787700005807,3101,0,275,244
4017.6811999990605,1924,416,347,251
4019.6329000173137,880,2723,574,272
4020.712200028356,134,4095,747,285
4022.5921000237577,0,4095,823,295
4023.7519000074826,0,4095,897,306
4024.6910999994725,0,4095,967,320
4026.63980005309,0,4095,1039,336
4027.768100029789,0,4095,1106,361
4029.57230003085,1506,4095,1174,379
4030.6803000275977,2663,1378,912,361
4032.578500045929,3758,48,736,348
4033.7666000123136,4095,0,658,343
4034.867500013206,4095,0,593,336
4036.677600000985,4095,0,534,327
4037.684300041292,4095,0,477,317
4038.7012000428513,4095,0,423,303
4039.8425000021234,2670,0,370,284
4041.667800047435,1569,1485,535,295
4043.110400030855,4095,0,436,279
4044.5703000295907,4095,0,395,274
4045.6865000305697,4095,0,355,270
4046.6847000061534,4095,0,323,261
4047.758300032001,4095,0,303,257
4049.5563000440598,3851,0,276,247
4050.8179000462405,2297,0,251,239
4052.649300021585,1214,2226,496,268
4053.650900023058,368,3856,688,284
4054.7951000044122,0,4095,785,290
4056.6756000043824,0,4095,865,304
4057.6907000504434,0,4095,939,316
4058.7026000139304,0,4095,1005,331
4060.6981000164524,0,4095,1075,351
4061.6103000356816,1069,4095,1147,373
4063.6047000298277,2297,2190,967,365
4064.64340002276,3354,490,783,351
4066.5320000262,4095,0,673,345
4067.6098000258207,4095,0,606,336
4068.626900028903,4095,0,545,331
4070.622600032948,4095,0,484,321
4071.5933000319637,4095,0,432,304
4072.6162000210024,3109,0,381,290
4074.7089000069536,1929,460,439,291
4075.6031000055373,885,2736,650,304
4077.5462000165135,4095,0,464,287
4078.6115000373684,4095,0,418,279
4079.7074000001885,4095,0,375,272
4080.7818000321276,4095,0,342,261
4082.5562000391074,4095,0,313,256
4083.7046000524424,2698,0,278,243
4085.5956000159495,1597,1479,455,265
4086.623800045345,629,3245,648,279
4087.6110000535846,0,4095,779,291
4089.539300010074,0,4095,854,301
4090.718300023582,0,4095,927,314
4091.6165000526235,0,4095,996,327
4093.6635000398383,0,4095,1069,349
4094.747000024654,551,4095,1136,368
4096.724600007292,1916,3251,1067,370
4097.8189000161365,3024,865,847,355
4099.579800036736,4095,0,703,344
4100.648900028318,4095,0,631,339
4101.759400044102,4095,0,569,336
4103.730500035454,4095,0,505,324
4104.677500028629,4095,0,455,311
4105.793000024278,3927,0,402,298
4107.597400026862,2296,0,355,281
4108.569500036538,1207,2214,590,301
4109.686000039801,4095,0,444,283
4111.535000032745,4095,0,400,274
4112.622900051065,4095,0,363,269
4113.6883000144735,4095,0,333,261
4115.586600033566,4095,0,305,256
4116.686800029129,3120,0,272,243
4117.711500031874,1938,485,353,254
4119.642000005115,880,2761,576,272
4120.729900023434,133,4095,743,288
4122.503100021277,0,4095,821,297
4123.654900002293,0,4095,899,307
4124.627200013492,0,4095,971,322
4126.489300047979,0,4095,1040,336
4127.650500042364,0,4095,1104,359
4129.620700026862,1506,4095,1175,380
4130.734100006521,2672,1439,919,361
4132.59970000945,3759,107,746,348
4133.667300047819,4095,0,662,340
4134.789900039323,4095,0,596,338
4136.641100049019,4095,0,536,329
4137.65810005134,4095,0,477,318
4138.748500030488,4095,0,427,303
4139.803900034167,2699,0,371,286
4141.810400004033,1590,1453,531,301
4142.661800025962,4095,0,434,283
4144.562400004361,4095,0,396,275
4145.73270000983,4095,0,358,270
4146.719700016547,4095,0,327,263
4148.616500024218,4095,0,304,256
4149.591800000053,3897,0,279,250
4150.696100026835,2305,0,253,240
4152.573200000916,1220,2242,498,265
4153.658600000199,365,3808,688,284
4155.646700004581,0,4095,784,291
4156.677300052252,0,4095,863,302
4157.750400016084,0,4095,938,316
4159.524100017734,0,4095,1005,333
4160.993800032884,0,4095,1076,350
4162.602500000503,1039,4095,1146,373
4163.808600045741,2273,2240,974,365
4165.629900002386,3335,498,785,350
4166.656400018837,4095,0,674,345
4167.718400014564,4095,0,607,337
4168.869500048459,4095,0,546,326
4170.695600041654,4095,0,484,320
4171.734400035348,4095,0,434,306
4172.697800036985,3158,0,384,288
4174.599900026806,1952,443,437,289
4175.719700055197,894,2716,649,304
4177.595900022425,4095,0,464,286
4178.710800013505,4095,0,417,277
4179.8450000351295,4095,0,375,270
4181.516600016039,4095,0,339,261
4182.669100002386,4095,0,309,255
4183.704100025352,2673,0,277,243
4185.625100042671,1584,1358,439,263
4186.752500012517,612,3173,637,276
4188.636400038376,0,4095,771,289
4189.661100041121,0,4095,848,302
4190.706100023817,0,4095,922,313
4191.809900046792,0,4095,990,326
4193.715200002771,0,4095,1061,346
4194.6978000341915,484,4095,1135,369
4196.621600014623,1885,3367,1073,370
4197.79380003456,3010,910,849,355
4199.648900015745,4095,0,704,347
4200.611100008246,4095,0,636,342
4201.681600010488,4095,0,569,336
4203.60280002933,4095,0,509,327
4204.582200036384,4095,0,457,314
4205.66430001054,4031,0,403,298
4207.5247000320815,2321,0,358,283
4208.732400031295,1233,2176,588,303
4209.696400037501,4095,0,447,287
4211.574500019196,4095,0,400,282
4212.631200032774,4095,0,363,272
4213.661000016145,4095,0,331,266
4215.519300021697,4095,0,304,256
4216.710600012448,3138,0,273,245
4217.7620000438765,1951,387,341,255
4219.664600037504,885,2709,567,274
4220.81840003375,139,4095,740,289
4222.823700052686,0,4095,820,295
4223.614500020631,0,4095,894,305
4224.986000044737,0,4095,963,321
4226.680600026157,0,4095,1035,336
4227.642100013327,0,4095,1104,359
4229.689500003587,1470,4095,1173,379
4230.841500044335,2635,1424,916,361
4232.721600041259,3695,101,742,348
4233.701800054405,4095,0,661,347
4234.890900028404,4095,0,595,339
4236.571400018875,4095,0,534,329
4237.724000005983,4095,0,474,318
4238.686500000767,4095,0,424,304
4240.618200041354,2698,0,373,285
4241.710300033446,1600,1392,527,298
4242.764900031034,4095,0,433,281
4244.641299999785,4095,0,393,277
4245.704200002365,4095,0,353,270
4246.776600019075,4095,0,323,260
4248.622800048906,4095,0,303,258
4249.696400016546,4006,0,274,246
4250.863200053573,2322,0,249,240
4252.666600048542,1233,2158,489,266
4253.651800041553,375,3762,679,282
4255.638800037559,0,4095,784,291
4256.640800042078,0,4095,858,302
4257.779100036714,0,4095,932,315
4259.61730000563,0,4095,1001,333
4260.68970002234,0,4095,1072,350
4262.6375000108965,1008,4095,1143,373
4263.726500037592,2267,2227,967,363
4265.608800051268,3323,509,784,352
4266.709700052161,4095,0,672,347
4267.7211000118405,4095,0,606,342
4269.531400001142,4095,0,545,331
4270.681900030468,4095,0,482,320
4271.656700002495,4095,0,432,310
4272.6701000356115,3190,0,382,292
4274.701900023501,1972,400,432,287
4275.780500029214,4095,0,419,281
4277.565000054892,4095,0,382,274
4278.669300023466,4095,0,346,270
4279.724400024861,4095,0,318,263
4280.81830003066,4095,0,299,259
4282.619400008116,4095,0,276,253
4283.734299999196,2735,0,251,240
4285.633800027426,1614,1431,427,259
4286.708600004204,645,3181,621,277
4287.8083000541665,0,4095,758,290
4289.75520003587,0,4095,835,299
4290.740400028881,0,4095,911,310
4291.723000002094,0,4095,977,326
4293.522400024813,0,4095,1051,345
4294.785100035369,450,4095,1124,368
4296.712200040929,1865,3468,1073,369
4297.827600035816,2955,943,848,357
4299.61970000295,4095,0,699,342
4300.708100025076,4095,0,629,341
4301.838200015482,4095,0,563,335
4303.61320002703,4095,0,503,323
4304.702699999325,4095,0,452,313
4305.775100016035,4016,0,400,299
4307.594700017944,2322,0,353,279
4308.702100010123,1237,2115,577,301
4309.716300049331,4095,0,443,286
4311.616700026207,4095,0,400,279
4312.6983000547625,4095,0,362,272
4313.7783000129275,4095,0,330,261
4315.5874000512995,4095,0,304,258
4316.705200006254,3214,0,273,249
4317.828800005373,1998,311,336,252
4319.7618999984115,934,2685,562,272
4320.818900014274,181,4095,739,286
4322.622500010766,0,4095,816,295
4323.652100050822,0,4095,894,305
4324.7869000188075,0,4095,961,321
4326.674500014633,0,4095,1035,337
4327.729600016028,0,4095,1104,359
4329.6184000209905,1470,4095,1170,383
4330.808099999558,2636,1535,925,362
4332.6402000384405,3696,160,751,347
4333.689100050833,4095,0,665,346
4334.802800032776,4095,0,598,337
4336.707500042394,4095,0,534,331
4337.614600022789,4095,0,477,323
4339.034200005699,4095,0,427,304
4340.055300039239,2705,0,373,286
4341.844400041737,1611,1418,528,299
4342.86420000717,4095,0,435,278
4344.623500015587,4095,0,395,274
4345.735600043554,4095,0,355,267
4346.767400042154,4095,0,325,259
4348.574400006328,4095,0,304,256
4349.710300040897,4042,0,275,247
4350.744600000326,2345,0,249,237
4352.665200014599,1245,2122,486,263
4353.875900036655,387,3690,673,282
4354.942200006917,0,4095,779,289
4356.597700039856,0,4095,858,303
4357.743800035678,0,4095,931,314
4359.603800054174,0,4095,1001,331
4360.678700031713,0,4095,1072,349
4361.82660004124,983,4095,1143,372
4363.676600041799,2241,2253,971,363
4364.904500020202,3297,507,785,358
4366.678600024898,4095,0,673,342
4367.722399998456,4095,0,607,337
4368.815499998163,4095,0,545,331
4370.517000032123,4095,0,486,321
4371.6119000455365,4095,0,434,307
4372.710600029677,3198,0,385,290
4374.735600023996,1982,387,432,289
4375.899000035133,923,2710,643,304
4377.487000019755,4095,0,464,287
4378.731000004336,4095,0,416,281
4379.788700025529,4095,0,374,272
4380.773600016255,4095,0,342,265
4382.63080001343,4095,0,314,256
4383.759000047576,2725,0,281,245
4385.652500030119,1631,1313,438,264
4386.584400024731,647,3139,637,279
4387.718600046355,0,4095,773,288
4389.5744000328705,0,4095,850,303
4390.584900043905,0,4095,923,314
4391.684100031853,0,4095,990,333
4393.543100042734,0,4095,1066,348
4394.672600028571,417,4095,1133,368
4396.591100026853,1843,3475,1083,371
4397.72060001269,2960,919,851,357
4399.550200032536,4095,0,704,346
4400.729400047567,4095,0,635,341
4401.733400009107,4095,0,571,335
4403.615600022022,4095,0,509,323
4404.573900043033,4095,0,455,311
4405.633000016678,4095,0,404,297
4406.720500031952,2358,0,354,277
4408.677300030831,1267,2085,577,297
4409.683100006077,4095,0,443,278
4411.530500045046,4095,0,399,272
4412.567800027318,4095,0,359,266
4413.5822000098415,4095,0,326,259
4415.4610999976285,4095,0,304,254
4416.5150000480935,3213,0,275,245
4417.605100024957,1995,351,336,247
4419.535100052599,930,2689,566,272
4420.743300055619,194,4095,739,286
4422.652700042818,0,4095,817,293
