timestamp_ms,emg1_raw,emg2_raw,fsr1,fsr2
1.5772999613545835,4095,0,381,272
2.2090999991633,4095,0,343,263
2.684099948965013,4095,0,317,256
3.1623999821022153,2800,0,285,243
3.787199966609478,1659,1328,439,262
4.321899963542819,666,3088,634,277
4.819099965970963,0,4095,775,293
5.557199998293072,0,4095,851,304
6.251799990423024,0,4095,926,311
6.8165999837219715,0,4095,990,329
7.3580999742262065,0,4095,1069,349
7.987099990714341,329,4095,1136,368
8.60219995956868,1829,3647,1099,371
9.263799991458654,2967,1035,874,358
9.848999965470284,4095,0,715,349
10.372499993536621,4095,0,647,346
11.116699955891818,4095,0,578,337
11.341799981892109,4095,0,511,330
11.626799998339266,4095,0,464,316
11.74159999936819,4095,0,412,302
11.86909998068586,2399,0,365,281
11.996199958957732,1282,2067,582,302
12.099099985789508,4095,0,455,287
12.221199984196573,4095,0,409,277
12.324699957389385,4095,0,370,270
12.428399990312755,4095,0,339,263
12.554699962493032,4095,0,313,256
12.801999982912093,3368,0,287,247
13.343999977223575,2018,262,336,252
13.921000005211681,935,2624,563,272
14.470599999185652,160,4095,742,290
14.949199976399541,0,4095,821,298
15.46510000480339,0,4095,898,309
15.989899984560907,0,4095,966,323
16.49469998665154,0,4095,1040,339
16.993400000501424,0,4095,1105,363
17.576899961568415,1378,4095,1177,385
18.187799956649542,2587,1616,937,367
18.713299999944866,3686,241,766,354
19.18229996226728,4095,0,674,349
19.693699956405908,4095,0,606,343
20.17949998844415,4095,0,543,336
20.655500004068017,4095,0,486,322
21.140199969522655,4095,0,434,309
21.619799954351038,2795,0,382,291
22.183099994435906,1639,1346,530,303
22.663499985355884,4095,0,444,282
23.159399977885187,4095,0,403,277
23.754999972879887,4095,0,366,272
24.650299979839474,4095,0,335,267
25.16530000139028,4095,0,310,258
25.65389999654144,4095,0,286,254
26.138799963518977,2419,0,258,242
26.72059996984899,1307,1999,481,268
27.26279996568337,422,3531,666,280
27.803100005257875,0,4095,783,290
28.293299954384565,0,4095,862,302
28.777799976523966,0,4095,934,315
29.329399985726923,0,4095,1002,331
29.841999989002943,0,4095,1075,348
30.402100004721433,901,4095,1145,373
30.979699979070574,2207,2283,976,359
31.5285999677144,3303,585,798,349
32.02459996100515,4095,0,675,346
32.51389996148646,4095,0,613,338
33.00539997871965,4095,0,546,334
33.53699995204806,4095,0,492,321
34.031899995170534,4095,0,442,307
34.52739998465404,3493,0,388,290
35.10809998260811,2039,198,416,288
35.648099961690605,962,2559,630,304
36.12770000472665,4095,0,467,285
36.60859999945387,4095,0,420,275
37.09779999917373,4095,0,378,270
37.72189997835085,4095,0,342,262
38.504500000271946,4095,0,318,256
39.25380000146106,2818,0,285,244
40.2658999664709,1671,1293,439,259
40.977399970870465,668,3068,629,276
41.269399982411414,0,4095,774,290
41.563999955542386,0,4095,849,299
41.853300004731864,0,4095,923,311
42.09559998707846,0,4095,992,326
42.21240000333637,0,4095,1065,345
42.340699990745634,235,4095,1133,368
42.47579997172579,1780,3647,1096,371
42.605799972079694,2921,1023,868,356
42.73240000475198,4095,0,711,347
42.851599981077015,4095,0,642,342
43.13049995107576,4095,0,578,336
43.2689999579452,4095,0,511,327
43.38449996430427,4095,0,464,317
43.49569999612868,4095,0,413,304
43.64910000003874,2426,0,365,283
43.78429998178035,1300,2057,579,302
43.90829999465495,4095,0,450,281
44.024999951943755,4095,0,407,275
44.2070999997668,4095,0,368,267
44.33499998413026,4095,0,336,261
44.44929998135194,4095,0,308,255
44.56329997628927,3402,0,279,247
44.88770000170916,2035,164,321,249
45.020699966698885,959,2559,552,271
45.14599998947233,176,4095,732,287
45.266599976457655,0,4095,815,297
45.386799960397184,0,4095,889,304
45.5033999751322,0,4095,960,321
45.62749998876825,0,4095,1035,336
46.0501000052318,0,4095,1102,358
46.33099999045953,1364,4095,1169,381
46.5262999641709,2559,1530,925,363
46.71520000556484,3665,203,754,349
46.88350000651553,4095,0,667,343
47.137699963059276,4095,0,602,339
47.398499969858676,4095,0,541,333
47.62579995440319,4095,0,482,319
47.847499954514205,4095,0,432,304
48.06919995462522,2833,0,378,285
48.44499996397644,1679,1232,511,300
48.83649997645989,4095,0,439,277
49.22279994934797,4095,0,400,275
49.570899980608374,4095,0,362,267
49.921899975743145,4095,0,331,264
50.14740000478923,4095,0,306,258
50.35029997816309,4095,0,285,251
50.54949998157099,2403,0,256,240
50.776899966876954,1296,2078,487,265
51.00269999820739,401,3600,669,279
51.22169997775927,0,4095,783,291
51.458099973388016,0,4095,859,302
51.67789995903149,0,4095,933,315
51.92719999467954,0,4095,1002,331
52.17939999420196,0,4095,1072,348
52.45779996039346,843,4095,1142,372
52.739699953235686,2179,2414,989,365
53.04159998195246,3273,621,803,351
53.55269997380674,4095,0,682,346
54.07379998359829,4095,0,613,339
54.81619999045506,4095,0,556,333
55.932799994479865,4095,0,495,323
56.509199959691614,4095,0,442,310
57.03739996533841,3504,0,394,294
57.64359998283908,2057,142,414,289
58.29509999603033,961,2554,627,304
58.81539999973029,4095,0,464,286
59.326999995391816,4095,0,419,276
59.83569996897131,4095,0,376,271
60.32319995574653,4095,0,342,263
60.8675999683328,4095,0,317,256
61.3885999773629,2855,0,283,245
61.98389997007325,1703,1203,432,258
62.677099951542914,686,3036,624,278
63.25459998333827,0,4095,769,289
63.779099960811436,0,4095,849,298
64.29579999530688,0,4095,923,310
64.80679998639971,0,4095,990,327
65.34269999247044,0,4095,1065,343
65.93069998780265,258,4095,1132,368
66.56359997577965,1781,3715,1103,371
67.20679998397827,2928,1050,875,355
67.92249996215105,4095,0,714,346
68.44119995366782,4095,0,647,343
68.98250000085682,4095,0,577,336
69.5051999646239,4095,0,523,326
70.01989998389035,4095,0,464,316
70.53109997650608,4095,0,413,301
71.04569999501109,2442,0,364,281
71.1814999813214,1314,1997,577,299
71.31079997634515,4095,0,452,287
71.43979996908456,4095,0,407,277
71.56069995835423,4095,0,368,271
71.67709997156635,4095,0,337,263
71.79399998858571,4095,0,313,259
71.93009997718036,3487,0,285,251
72.06009997753426,2066,170,326,251
72.18999997712672,976,2582,557,272
72.32439995277673,183,4095,735,288
72.45449995389208,0,4095,816,295
72.5704999640584,0,4095,893,306
72.6888999924995,0,4095,962,320
72.81169999623671,0,4095,1033,337
73.10679997317493,0,4095,1102,356
73.26829998055473,1328,4095,1171,382
73.40130000375211,2540,1606,931,365
73.59980000182986,3635,227,759,351
73.75129999127239,4095,0,671,347
73.87569994898513,4095,0,606,343
73.99949996033683,4095,0,544,334
74.25730000250041,4095,0,483,320
74.83489997684956,4095,0,434,308
75.41489996947348,2877,0,381,290
76.08069997513667,1696,1158,506,299
76.65139995515347,4095,0,437,280
77.21669995225966,4095,0,400,274
78.00169999245554,4095,0,359,271
78.69459997164086,4095,0,330,262
79.30619997205213,4095,0,305,259
80.07729996461421,4095,0,283,251
80.65839996561408,2454,0,254,240
81.3069999567233,1341,2037,485,263
82.25119998678565,442,3601,672,282
82.91209995513782,0,4095,784,290
83.5230999509804,0,4095,855,301
84.09849996678531,0,4095,931,313
84.77519999723881,0,4095,1002,330
85.35779995145276,0,4095,1072,351
85.98319999873638,830,4095,1142,369
86.68539999052882,2161,2527,999,365
87.62299997033551,3248,660,811,352
88.31779996398836,4095,0,685,347
89.6093999617733,4095,0,619,341
89.78320000460371,4095,0,557,334
89.99389997916296,4095,0,496,324
90.26789997005835,4095,0,445,309
90.39949998259544,3472,0,394,292
90.54499998455867,2062,125,413,288
90.66829999210313,4095,0,430,279
90.79379995819181,4095,0,386,275
90.92259994940832,4095,0,351,267
91.04519995162264,4095,0,322,259
91.1684999591671,4095,0,304,258
91.63089998764917,4095,0,283,251
92.61829999741167,2880,0,256,241
93.75219995854422,1717,1161,400,258
94.22369999811053,705,2991,601,275
94.35420000227168,0,4095,751,288
94.48579995660111,0,4095,835,299
94.62609997717664,0,4095,908,309
94.76979996543378,0,4095,976,321
94.90939998067915,0,4095,1049,341
95.06909997435287,240,4095,1119,364
95.2326999977231,1775,3797,1097,369
95.47349996864796,2912,1088,869,354
96.14049998344854,4095,0,707,343
96.44079999998212,4095,0,640,340
96.73229994950816,4095,0,576,336
97.02950000064448,4095,0,511,323
97.55399997811764,4095,0,463,314
98.15459995297715,4095,0,410,302
98.9362999680452,2465,0,361,281
99.6752999490127,1346,1935,570,297
100.30859999824315,4095,0,448,283
100.94410000601783,4095,0,403,275
101.55439999653026,4095,0,367,267
102.17739996733144,4095,0,336,262
102.8224999899976,4095,0,310,256
103.60849997960031,3514,0,283,246
104.37949997140095,2088,99,316,249
105.07150000194088,988,2544,550,272
105.71019997587427,196,4095,727,287
106.64039995754138,0,4095,813,290
107.22969996277243,0,4095,891,305
107.80209995573387,0,4095,960,320
108.4001999697648,0,4095,1034,336
108.99229999631643,0,4095,1099,358
109.84069999540225,1296,4095,1168,382
110.62199994921684,2514,1712,942,366
111.28889996325597,3609,302,768,353
111.8817999958992,4095,0,673,346
112.45999997481704,4095,0,605,341
113.04259998723865,4095,0,546,335
113.60939999576658,4095,0,486,321
114.17199997231364,4095,0,433,306
114.7802000050433,2885,0,383,290
115.42009998811409,1727,1235,511,297
115.97990000154823,4095,0,442,283
116.53759999899194,4095,0,400,275
117.11389996344224,4095,0,365,271
117.67419998068362,4095,0,334,264
118.27099998481572,4095,0,311,263
118.83569997735322,4095,0,290,251
119.39259996870533,2480,0,258,241
120.04999996861443,1341,1943,478,267
120.6685999641195,432,3490,662,279
121.27049994887784,0,4095,782,289
121.91589997382835,0,4095,858,299
122.62089998694137,0,4095,932,315
123.81189997540787,0,4095,999,330
124.42599999485537,0,4095,1070,350
125.04600000102073,779,4095,1139,372
125.45649998355657,2133,2487,993,367
125.84669998614118,3239,627,803,353
126.35129998670891,4095,0,682,347
126.86949997441843,4095,0,615,341
127.35409999731928,4095,0,555,335
127.82449997030199,4095,0,495,322
128.38029995327815,4095,0,445,306
128.94299998879433,3550,0,395,295
129.53899998683482,2105,30,397,285
130.24659996153787,1008,2475,619,304
130.8578999596648,4095,0,463,281
131.59839995205402,4095,0,416,275
132.17070000246167,4095,0,374,267
132.6886999886483,4095,0,339,259
133.22610000614077,4095,0,315,256
133.7426999816671,2877,0,285,246
134.33609995990992,1731,1123,425,263
134.90389997605234,709,2990,619,276
135.4169999831356,0,4095,767,291
136.13349996739998,0,4095,847,302
136.5345999947749,0,4095,918,315
136.71719998819754,0,4095,989,327
137.01049995142967,0,4095,1061,345
137.17359997099265,139,4095,1129,368
137.33339996542782,1719,4095,1134,378
137.49979995191097,2870,1152,892,365
137.67089997418225,4039,0,724,350
137.85319996532053,4095,0,654,349
137.9917999729514,4095,0,589,338
138.1281999638304,4095,0,529,331
138.50359997013584,4095,0,469,319
139.0419999952428,4095,0,418,304
139.33659996837378,2478,0,368,286
139.59629996679723,1353,1963,577,304
139.8106999695301,4095,0,453,285
140.01949998782948,4095,0,407,275
140.3408999904059,4095,0,368,272
140.6969999661669,4095,0,336,262
141.05779997771606,4095,0,311,257
141.4885999984108,3543,0,282,247
141.96999999694526,2107,77,311,251
142.4291000002995,1004,2511,547,271
142.86449999781325,199,4095,721,287
143.3435999788344,0,4095,812,294
143.85609998134896,0,4095,885,306
144.26169998478144,0,4095,959,320
144.7385999490507,0,4095,1023,336
145.1556999818422,0,4095,1096,358
145.6074999878183,1277,4095,1167,380
146.03279996663332,2495,1680,937,365
146.4433999499306,3581,269,762,352
146.81469998322427,4095,0,671,350
147.04389998223633,4095,0,599,339
147.20839995425195,4095,0,543,334
147.36069994978607,4095,0,482,320
147.5120999966748,4095,0,432,306
147.66519999830052,2947,0,380,288
147.8484999970533,1761,1136,505,298
148.02959997905418,4095,0,439,276
148.40329997241497,4095,0,397,274
148.7355999997817,4095,0,359,272
149.0623999852687,4095,0,327,262
149.40809999825433,4095,0,305,260
149.7343999799341,4095,0,283,251
150.06289997836575,2501,0,256,240
150.4222999792546,1383,1954,475,266
150.76419996330515,464,3457,656,282
151.04490000521764,0,4095,775,290
151.18349995464087,0,4095,851,303
151.32029994856566,0,4095,928,317
151.45579999079928,0,4095,995,331
151.59649995621294,0,4095,1071,351
151.7506999662146,730,4095,1139,373
151.91109996521845,2096,2529,995,368
152.11009996710345,3191,657,807,352
152.3835999541916,4095,0,683,349
152.52949995920062,4095,0,615,341
152.6616999763064,4095,0,559,335
152.79480000026524,4095,0,495,327
152.92919997591525,4095,0,442,310
153.0618999968283,3608,0,395,295
153.21929997298867,2118,80,405,289
153.37199997156858,1031,2517,624,304
153.54509995086119,4095,0,464,290
153.70829997118562,4095,0,417,283
154.12959997775033,4095,0,378,272
154.40259996103123,4095,0,345,266
154.67019996140152,4095,0,315,258
154.9531999626197,2894,0,286,247
155.257000005804,1728,1059,420,262
155.5399999488145,702,2960,617,278
155.81549995113164,0,4095,766,295
156.06589999515563,0,4095,846,304
156.19769995100796,0,4095,917,315
156.32989996811375,0,4095,987,327
156.4864999963902,0,4095,1058,347
156.6352999652736,90,4095,1126,368
156.81099996436387,1687,4059,1123,375
156.95999999297783,2835,1139,886,359
157.11579995695502,3995,0,720,348
157.3165999725461,4095,0,651,348
157.51069999532774,4095,0,586,338
157.70369995152578,4095,0,527,331
157.89579995907843,4095,0,466,320
158.0495999660343,4095,0,419,303
158.1803999724798,2503,0,368,286
158.3293000003323,1371,1902,572,304
158.46399997826666,4095,0,451,282
158.594099979382,4095,0,406,277
158.7244999827817,4095,0,368,269
158.85619999608025,4095,0,336,261
158.9864999987185,4095,0,316,257
159.11809995304793,3641,0,287,250
159.25529995001853,2144,25,309,247
159.41189997829497,1042,2498,547,272
159.58320000208914,232,4095,725,290
159.72900000633672,0,4095,813,299
159.87829997902736,0,4095,886,307
160.03139998065308,0,4095,959,324
160.1914999773726,0,4095,1023,336
160.33189999870956,0,4095,1095,361
160.4941999539733,1264,4095,1166,384
160.66279995720834,2494,1713,939,367
160.81049997592345,3575,302,767,352
160.94939998583868,4095,0,673,350
161.1276000039652,4095,0,604,341
161.30929999053478,4095,0,545,336
161.5870999521576,4095,0,484,325
161.8538000038825,4095,0,434,309
162.01229998841882,2958,0,383,291
162.16619999613613,1776,983,494,300
162.30369999539107,4095,0,438,283
162.43500000564381,4095,0,400,273
162.56579995388165,4095,0,362,272
162.7026999485679,4095,0,331,263
162.8402000060305,4095,0,309,259
162.98089997144416,4095,0,287,253
163.13000000081956,2496,0,257,241
163.31989999162033,1377,1809,465,265
163.5031999903731,464,3391,651,282
163.67969999555498,0,4095,774,291
163.8441999675706,0,4095,850,301
164.0192999620922,0,4095,926,314
164.18569994857535,0,4095,993,331
164.36110000358894,0,4095,1069,349
164.54579995479435,663,4095,1137,373
164.7962999995798,2069,2622,1005,366
165.12109996983781,3163,705,814,354
165.2887999662198,4095,0,687,346
165.45239998959005,4095,0,622,342
165.63209996093065,4095,0,558,336
165.79689999343827,4095,0,493,324
165.9609999624081,4095,0,445,311
166.12059995532036,3598,0,393,294
166.31109995068982,2144,1,397,288
166.5128999738954,1056,2469,618,304
166.67369997594506,4095,0,461,287
166.8286999920383,4095,0,413,282
167.00560000026599,4095,0,373,273
167.17359999893233,4095,0,338,266
167.32879995834082,4095,0,309,259
167.49619995243847,2956,0,282,247
167.67579998122528,1781,1042,414,262
167.84199996618554,752,2931,609,278
168.00010000588372,9,4095,761,293
168.15159999532625,0,4095,842,301
168.3070999570191,0,4095,916,311
168.4504000004381,0,4095,983,331
168.60649996669963,0,4095,1055,342
168.75939996680245,85,4095,1126,368
168.92769996775314,1680,4095,1143,378
169.10119995009154,2839,1200,898,366
169.26629998488352,4032,0,727,351
169.4118999876082,4095,0,658,350
169.58159999921918,4095,0,592,339
169.72129995701835,4095,0,531,332
169.8626999859698,4095,0,474,320
170.0014999951236,4095,0,425,303
170.13990000123158,2522,0,369,286
170.2965999720618,1390,1886,575,304
170.44939997140318,471,3451,741,314
170.60319997835904,4095,0,509,294
170.74269999284297,4095,0,453,285
170.88589997729287,4095,0,407,274
171.02650000015274,4095,0,368,267
171.18199996184558,3728,0,333,256
171.3342999573797,2171,0,336,254
171.49549996247515,1079,2443,567,275
171.65199998999014,242,4065,748,293
171.79559997748584,0,4095,831,299
171.93319997750223,0,4095,906,310
172.0721999881789,0,4095,976,329
172.23069997271523,0,4095,1043,339
172.378099989146,0,4095,1109,362
172.543799970299,1235,4095,1178,385
172.7056999807246,2451,1790,959,366
172.85799997625872,3563,309,780,354
173.00009995233268,4095,0,679,350
173.14629995962605,4095,0,615,343
173.29849995439872,4095,0,554,336
173.4430999495089,4095,0,494,325
173.58479998074472,4095,0,441,310
173.72229997999966,2963,0,389,293
173.87149995192885,1790,884,491,299
174.0214999881573,743,2894,681,311
174.15879998588935,4095,0,486,291
174.29619998438284,4095,0,433,286
174.43429998820648,4095,0,391,274
174.57249999279156,4095,0,354,268
174.7093999874778,4095,0,322,259
174.84769999282435,2535,0,290,246
175.00449996441603,1420,1765,485,272
175.15460000140592,481,3344,667,288
175.29270000522956,0,4095,790,300
175.4409999703057,0,4095,870,307
175.58260000078008,0,4095,943,321
175.73139996966347,0,4095,1008,336
175.88529997738078,0,4095,1079,354
176.04930000379682,640,4095,1150,379
176.22689995914698,2043,2725,1023,370
176.38149997219443,3146,737,829,362
176.52360000647604,4095,0,697,352
176.66699999244884,4095,0,625,347
176.81079998146743,4095,0,564,338
176.95259995525703,4095,0,503,329
177.09680000552908,4095,0,452,315
177.23919998388737,3617,0,400,299
177.3854999919422,2155,0,400,293
177.54179995972663,1037,2457,623,304
177.68530000466853,4095,0,463,286
177.8257999685593,4095,0,415,280
177.96739999903366,4095,0,375,272
178.1094999751076,4095,0,343,266
178.25009999796748,4095,0,314,259
178.3898999565281,3015,0,285,245
178.54890000307932,1807,932,402,261
178.7060999777168,772,2917,609,278
178.8607999915257,38,4095,761,290
179.0061999927275,0,4095,841,300
179.14959997870028,0,4095,913,311
179.29279996315017,0,4095,983,327
179.47829997865483,0,4095,1058,343
179.6432999544777,106,4095,1125,368
179.81979995965958,1674,4095,1136,377
179.9833999830298,2826,1200,895,361
180.12829998042434,3985,0,726,348
180.26860000099987,4095,0,654,347
180.41219998849556,4095,0,589,341
180.56599999545142,4095,0,529,333
180.7107999920845,4095,0,470,319
180.88619998889044,4095,0,419,305
181.19869998190552,2551,0,369,287
181.36829999275506,1426,1824,565,304
181.5161999547854,4095,0,448,286
181.67419999372214,4095,0,403,277
181.82050000177696,4095,0,368,271
181.96649994933978,4095,0,336,266
182.11599998176098,4095,0,312,259
182.2746999678202,3681,0,284,250
182.4219999834895,2175,0,299,249
182.59359995136037,1076,2422,535,272
182.74759995983914,254,4053,718,288
182.89169995114207,0,4095,805,297
183.05319995852187,0,4095,881,306
183.1996999680996,0,4095,953,320
183.35249996744096,0,4095,1021,336
183.5086999926716,0,4095,1090,358
183.67919995216653,1175,4095,1162,382
183.84919996606186,2416,1903,953,365
184.0177999692969,3501,389,781,353
184.16299996897578,4095,0,672,346
184.30599995190278,4095,0,607,339
184.44659997476265,4095,0,549,334
184.59129997063428,4095,0,487,323
184.7361999680288,4095,0,434,309
184.88009995780885,2989,0,385,290
185.03699998836964,1798,962,493,299
185.18349999794737,4095,0,434,282
185.32529997173697,4095,0,395,278
185.46759994933382,4095,0,359,272
185.6270999996923,4095,0,328,267
185.77290000393987,4095,0,306,263
185.91929995454848,4095,0,286,256
186.09239999204874,2593,0,258,242
186.35919998632744,1445,1742,462,266
186.52709998423234,528,3310,645,282
186.6872999817133,0,4095,771,290
186.8345999973826,0,4095,851,303
186.9799999985844,0,4095,925,318
187.14219995308667,0,4095,993,331
187.29599996004254,0,4095,1068,352
187.46459996327758,649,4095,1136,373
187.63379997108132,2047,2723,1010,368
187.79299996094778,3167,735,816,357
187.9398999735713,4095,0,687,346
188.09839995810762,4095,0,620,343
188.24129999848083,4095,0,560,336
188.3860999951139,4095,0,496,326
188.530899991747,4095,0,448,315
188.67649999447167,3761,0,398,302
188.82149999262765,2189,0,382,289
188.99379996582866,1101,2379,608,305
189.14869998116046,4095,0,459,286
189.29469998693094,4095,0,411,278
189.4412999972701,4095,0,372,271
189.5826999680139,4095,0,339,263
189.72500000381842,4095,0,316,258
189.87189995823428,3009,0,282,247
190.03209995571524,1808,801,394,257
190.19090000074357,773,2861,597,274
190.33859996125102,10,4095,756,289
190.4799999902025,0,4095,834,301
190.63279998954386,0,4095,911,312
190.78379997517914,0,4095,976,321
190.9369999775663,0,4095,1051,339
191.0910999868065,0,4095,1119,365
191.2591999862343,1600,4095,1145,377
191.42879999708384,2768,1259,901,362
191.58689997857437,3897,17,733,349
191.73649995354936,4095,0,656,345
191.88639998901635,4095,0,592,338
192.03949999064207,4095,0,530,330
192.18329997966066,4095,0,474,320
192.33839999651536,4095,0,426,304
192.4806999741122,2582,0,371,286
192.64209998073056,1449,1790,562,303
192.80149997211993,510,3350,730,311
192.9478999809362,4095,0,503,290
193.0955999996513,4095,0,448,283
193.24009999400005,4095,0,403,272
193.3835999807343,4095,0,365,263
193.52879998041317,3797,0,326,254
193.679699965287,2199,0,319,252
193.84729996090755,1106,2359,558,275
194.00639995001256,267,3946,732,293
194.15389996720478,0,4095,821,299
194.2987999645993,0,4095,897,310
194.44249995285645,0,4095,967,326
194.59529995219782,0,4095,1039,338
194.74869995610788,0,4095,1104,362
194.92759997956455,1164,4095,1171,384
195.0955999782309,2397,1917,965,368
195.25799999246374,3504,390,789,355
195.41689998004586,4095,0,686,352
195.56109997211024,4095,0,615,342
195.71179995546117,4095,0,553,336
195.86049998179078,4095,0,494,327
196.01669994881377,4095,0,441,308
196.16489997133613,3019,0,388,292
196.32119999732822,1841,813,479,300
196.4775999658741,795,2838,671,310
196.6285999515094,4095,0,482,288
196.77759998012334,4095,0,432,283
196.9245999935083,4095,0,387,272
197.07159994868562,4095,0,352,263
197.22119998186827,4095,0,321,256
197.39809999009594,2599,0,286,241
197.58709997404367,1479,1764,485,267
197.76919996365905,525,3346,669,279
197.9183999937959,0,4095,790,292
198.06749996496364,0,4095,865,303
198.21859995136037,0,4095,942,315
198.37349996669218,0,4095,1007,327
198.6064999946393,0,4095,1078,349
198.884499957785,610,4095,1143,369
199.06799995806068,2005,2854,1040,367
199.2323999875225,3130,784,834,354
199.38659999752417,4095,0,700,348
199.55719995778054,4095,0,629,342
199.70880000619218,4095,0,566,336
199.861700006295,4095,0,506,325
200.01229998888448,4095,0,457,310
200.16690000193194,3875,0,402,298
200.34169999416918,2224,0,380,286
200.51529997726902,1111,2351,608,304
200.6804999546148,4095,0,462,284
200.8291999809444,4095,0,415,279
200.97849995363504,4095,0,373,272
201.12779998453334,4095,0,338,263
201.27799996407703,4095,0,311,257
201.42850000411272,3055,0,282,246
201.5912999631837,1853,895,400,257
201.75750000635162,803,2881,602,275
201.9164999946952,51,4095,757,292
202.06699997652322,0,4095,837,300
202.21789996139705,0,4095,912,311
202.3718999698758,0,4095,980,325
202.59289996465668,0,4095,1053,342
202.76799995917827,0,4095,1121,367
202.97949999803677,1594,4095,1165,380
203.15179997123778,2768,1290,912,363
203.31059995805845,3909,34,738,351
203.47889995900914,4095,0,661,348
203.65089998813346,4095,0,596,341
203.80479999585077,4095,0,535,333
203.95819999976084,4095,0,475,322
204.10969998920336,4095,0,426,306
204.26849997602403,2606,0,372,289
204.44889995269477,1473,1646,554,303
204.60279996041209,4095,0,450,282
204.75340000120923,4095,0,403,276
204.9064000020735,4095,0,367,267
205.05889999913052,4095,0,336,262
205.21039998857304,4095,0,310,257
205.36289998563007,3858,0,285,250
205.5119999567978,2225,0,279,243
205.69719997001812,1115,2336,525,270
205.86059999186546,291,3923,702,285
206.01439999882132,0,4095,797,292
206.1697999597527,0,4095,876,304
206.32019999902695,0,4095,947,319
206.4762999652885,0,4095,1012,336
206.63319999584928,0,4095,1085,355
206.81449997937307,1113,4095,1157,379
206.98689995333552,2379,1915,950,363
207.15029997518286,3451,400,777,350
207.30169996386394,4095,0,671,348
207.45159999933094,4095,0,608,342
207.60209998115897,4095,0,546,335
207.7533999690786,4095,0,485,323
207.9031000030227,4095,0,435,308
208.05409998865798,3083,0,384,293
208.21769995382056,1857,697,464,295
208.3812999771908,814,2806,661,305
208.53889995487407,4095,0,478,291
208.68849998805672,4095,0,430,283
208.8384999660775,4095,0,386,272
208.99789995746687,4095,0,351,267
209.15069995680824,4095,0,320,257
209.30459996452555,2603,0,284,244
209.48629995109513,1482,1674,475,270
209.6519999904558,538,3274,656,281
209.8145000054501,0,4095,785,295
209.9756999523379,0,4095,863,304
210.13029996538535,0,4095,934,315
210.29259997885674,0,4095,1004,332
210.46449994901195,0,4095,1073,349
210.64209996256977,576,4095,1142,371
210.83289996022359,1971,2927,1042,370
211.00249997107312,3094,807,837,357
211.1596000031568,4095,0,701,352
211.3171999808401,4095,0,630,345
211.47559996461496,4095,0,569,336
211.6319999913685,4095,0,507,328
211.79019997362047,4095,0,455,313
211.94670000113547,3890,0,402,299
212.10249996511266,2249,0,377,287
212.2788999695331,1133,2331,603,304
212.4329999787733,4095,0,458,283
212.58999995188788,4095,0,415,278
212.77019998524338,4095,0,370,272
212.92939997510985,4095,0,337,265
213.08739995583892,4095,0,313,258
213.2393999490887,3039,0,281,249
213.40239996789023,1831,720,383,257
213.5668999981135,793,2800,591,274
213.72999995946884,48,4095,752,289
213.8859999831766,0,4095,833,301
214.04209994943812,0,4095,909,310
214.19899997999892,0,4095,976,325
214.36179999727756,0,4095,1050,341
214.55119998427108,0,4095,1118,366
214.86449998337775,1535,4095,1166,381
215.0390999740921,2730,1333,912,363
215.20069998223335,3859,55,741,350
215.359499969054,4095,0,663,350
215.51589999580756,4095,0,595,340
215.66909999819472,4095,0,537,333
215.8270999789238,4095,0,481,320
215.99509997759014,4095,0,431,307
216.15189994918182,2659,0,375,287
216.32740000495687,1521,1680,559,303
216.48419997654855,4095,0,448,282
216.6457999846898,4095,0,404,278
216.81019995594397,4095,0,368,270
216.96869999868795,4095,0,336,266
217.13780000573024,4095,0,311,260
217.30659995228052,3888,0,285,251
217.4692999687977,2241,0,273,246
217.64489996712655,1143,2293,511,272
217.81379997264594,300,3860,699,289
217.9988999851048,0,4095,794,294
218.15769997192547,0,4095,874,306
218.31059997202829,0,4095,945,321
218.47399999387562,0,4095,1012,336
218.63610000582412,0,4095,1084,355
218.8181999954395,1072,4095,1155,381
218.9928999869153,2352,2000,958,367
219.17299996130168,3423,437,783,353
219.35989998746663,4095,0,674,349
219.65019998606294,4095,0,607,341
219.81029998278245,4095,0,547,335
219.96849996503443,4095,0,487,323
220.1264000032097,4095,0,435,307
220.28429998317733,3098,0,385,292
220.45399999478832,1883,576,453,293
220.64119996502995,828,2741,651,304
220.80039995489642,4095,0,473,285
220.95839999383315,4095,0,428,278
221.12269996432588,4095,0,386,271
221.27719997661188,4095,0,348,263
221.44569997908548,4095,0,319,258
221.61439998308197,2653,0,286,246
221.79089998826385,1506,1585,465,267
221.9620999530889,547,3227,654,282
222.11709996918216,0,4095,784,294
222.27339999517426,0,4095,859,304
222.43319998960942,0,4095,935,320
222.59829996619374,0,4095,1003,334
222.76390000479296,0,4095,1072,352
222.94059995329008,479,4095,1141,373
223.12409995356575,1935,3115,1062,374
223.29069999977946,3045,883,848,359
223.453399958089,4095,0,704,351
223.6068999627605,4095,0,637,346
223.76099997200072,4095,0,573,338
223.91800000332296,4095,0,509,331
224.07759999623522,4095,0,455,317
224.23729998990893,3954,0,405,301
224.3946999660693,2273,0,377,289
224.5703999651596,1168,2320,606,305
224.7250999789685,4095,0,460,287
224.88329996122047,4095,0,413,282
225.0425999518484,4095,0,371,271
225.19719996489584,4095,0,337,269
225.3515999764204,4095,0,311,258
225.5074999993667,3088,0,282,250
225.67429998889565,1889,651,374,257
225.8524999488145,819,2755,582,275
226.02129995357245,65,4095,751,292
226.1832999647595,0,4095,830,299
226.35749995242804,0,4095,907,311
226.5116999624297,0,4095,975,325
226.68389999307692,0,4095,1046,340
226.85179999098182,0,4095,1116,365
227.03690000344068,1535,4095,1170,381
227.21539996564388,2717,1360,915,366
227.38009999739006,3856,89,747,351
227.54019999410957,4095,0,666,350
227.6954999542795,4095,0,598,339
227.852999989409,4095,0,542,333
228.01129997242242,4095,0,479,323
228.16850000526756,4095,0,431,305
228.33029995672405,2658,0,375,287
228.5095999832265,1520,1665,557,303
228.6712999921292,4095,0,448,286
228.84329996304587,4095,0,404,280
229.00459996890277,4095,0,368,271
229.16619997704402,4095,0,335,268
229.32719998061657,4095,0,313,258
229.49810000136495,4095,0,285,251
229.68599997693673,2304,0,257,243
229.86619995208457,1194,2217,498,269
230.04070000024512,337,3773,686,286
230.21179996430874,0,4095,787,292
230.37189996102825,0,4095,866,303
230.53139995317906,0,4095,939,319
230.69909994956106,0,4095,1007,333
230.8935999753885,0,4095,1078,353
231.2165999901481,1101,4095,1150,378
231.39919998357072,2348,2063,960,365
231.57479998189956,3426,475,784,354
231.73559998394921,4095,0,673,347
231.8995999521576,4095,0,607,340
232.07749996799976,4095,0,547,336
232.23839997081086,4095,0,485,321
232.41689999122173,4095,0,434,306
232.57699998794124,3153,0,385,295
232.75219998322427,1907,668,464,297
232.92619996936992,849,2763,656,310
233.08789997827262,4095,0,474,291
233.25069999555126,4095,0,429,282
233.41629997594282,4095,0,384,272
233.5750999627635,4095,0,347,267
233.73949999222532,4095,0,320,258
233.90559997642413,2645,0,283,246
234.08649995690212,1531,1519,459,265
234.2615999514237,567,3201,647,283
234.4178999774158,0,4095,781,294
234.5915999612771,0,4095,854,304
234.75919995689765,0,4095,931,317
234.94289995869622,0,4095,998,332
235.11429998325184,0,4095,1070,351
235.29129999224097,461,4095,1139,370
235.47559999860823,1917,3101,1058,368
235.65479996614158,3053,858,845,357
235.8198000001721,4095,0,702,349
236.0138999647461,4095,0,633,343
236.28469998948276,4095,0,569,336
236.45039997063577,4095,0,509,326
236.61829996854067,4095,0,458,314
236.78589996416122,4095,0,403,299
236.9483999791555,2304,0,368,286
237.13059996953234,1199,2256,595,304
237.28989996016026,4095,0,457,288
237.4540999880992,4095,0,406,281
237.62779997196048,4095,0,368,273
237.79059998923913,4095,0,336,266
237.97129996819422,4095,0,310,259
238.18849999224767,3177,0,279,247
238.38509997585788,1921,577,368,256
238.58429997926578,847,2790,583,275
238.76099998597056,80,4095,752,290
238.9409999595955,0,4095,828,299
239.10779994912446,0,4095,906,310
239.28959999466315,0,4095,974,327
239.45629998343065,0,4095,1045,343
239.62619999656454,0,4095,1111,366
239.81409997213632,1491,4095,1184,384
239.99869998078793,2681,1420,926,367
240.18409999553114,3791,112,752,353
240.34979997668415,4095,0,671,351
240.50889996578917,4095,0,604,342
240.67400000058115,4095,0,542,336
240.83649995736778,4095,0,483,323
240.99949997616932,4095,0,432,309
241.16229999344796,2704,0,381,290
241.34710000362247,1577,1456,536,303
241.50740000186488,4095,0,446,286
241.6660999879241,4095,0,402,280
241.83059995993972,4095,0,367,272
241.99359997874126,4095,0,336,267
242.15629999525845,4095,0,310,259
242.32029996346682,4045,0,285,254
242.48329998226836,2294,0,256,245
242.66930000158027,1185,2180,496,269
242.8640999714844,331,3731,681,284
243.05809999350458,0,4095,786,293
243.2237999746576,0,4095,865,306
243.38729999726638,0,4095,938,315
243.5591999674216,0,4095,1007,333
243.7431999715045,0,4095,1077,352
243.93329996382818,1039,4095,1152,374
244.1158999572508,2298,2109,962,366
244.29379997309297,3355,496,785,352
244.47589996270835,4095,0,674,346
244.64220000663772,4095,0,606,340
244.80749998474494,4095,0,546,334
244.98429999221116,4095,0,489,322
245.15219999011606,4095,0,435,309
245.31849997583777,3152,0,386,291
245.49859995022416,1923,607,457,293
245.67789997672662,861,2739,655,306
245.84279995178804,4095,0,475,289
246.0086999926716,4095,0,429,277
246.17529998067766,4095,0,385,272
246.33819999871776,4095,0,350,266
246.50249996921048,4095,0,319,256
246.6679999488406,2707,0,285,246
246.85149994911626,1591,1579,464,265
247.0282999565825,619,3212,651,279
247.19439999898896,0,4095,783,291
247.35999997938052,0,4095,857,304
247.55729996832088,0,4095,933,317
247.8321999660693,0,4095,997,331
248.0066999560222,0,4095,1071,351
248.1956999981776,438,4095,1138,370
248.3928999863565,1902,3268,1072,372
248.58739995397627,3055,895,850,361
248.7517999834381,4095,0,705,350
248.92849999014288,4095,0,637,346
249.09749999642372,4095,0,575,338
249.26879996201023,4095,0,510,330
249.434299999848,4095,0,459,315
249.6009999886155,4095,0,406,301
249.7744999709539,2315,0,359,283
249.9678999884054,1200,2178,590,302
250.13989995932207,4095,0,454,286
250.30459999106824,4095,0,407,278
250.4703999729827,4095,0,368,272
250.65790000371635,4095,0,336,263
250.8261000039056,4095,0,309,258
250.9942000033334,3229,0,278,247
251.1778000043705,1957,459,355,256
251.35839998256415,879,2718,576,272
251.53789995238185,119,4095,746,289
251.70579995028675,0,4095,822,298
251.8724999972619,0,4095,896,307
252.03859998146072,0,4095,969,324
252.21789994975552,0,4095,1040,338
252.39320000400767,0,4095,1108,362
252.61919997865334,1473,4095,1178,383
252.93649995001033,2670,1453,925,367
253.13279998954386,3783,138,752,352
253.29689995851368,4095,0,669,349
253.46519995946437,4095,0,600,343
253.63279995508492,4095,0,543,336
253.81219998234883,4095,0,481,324
253.97959997644648,4095,0,432,308
254.14209999144077,2734,0,377,291
254.3360999552533,1590,1441,535,302
254.50209999689832,4095,0,446,279
254.6660999651067,4095,0,403,274
254.84829995548353,4095,0,366,270
255.02109999069944,4095,0,334,264
255.18929999088868,4095,0,313,260
255.3555999766104,4087,0,286,251
255.5232999729924,2317,0,256,241
255.7136999676004,1201,2190,497,267
255.8949999511242,341,3716,685,286
256.06849999167025,0,4095,785,289
256.2328999629244,0,4095,865,304
256.4001999562606,0,4095,939,317
256.5784999751486,0,4095,1007,334
256.7533999681473,0,4095,1079,353
256.9540999829769,976,4095,1151,375
257.14149995474145,2273,2217,974,363
257.31699995230883,3346,525,790,351
257.48779997229576,4095,0,679,349
257.6509999926202,4095,0,609,343
257.8168999752961,4095,0,551,333
257.98369996482506,4095,0,490,324
258.14779999200255,4095,0,439,309
258.310699951835,3249,0,386,292
258.48659995244816,1967,441,441,290
258.6794999660924,897,2691,647,306
258.84389999555424,4095,0,471,287
259.00999997975305,4095,0,424,277
259.17809997918084,4095,0,381,272
259.3454999732785,4095,0,346,263
259.5105999498628,4095,0,320,258
259.6784000052139,2757,0,286,246
259.87419998273253,1615,1393,448,266
260.0543999578804,631,3134,641,281
260.227799997665,0,4095,778,291
260.49209997290745,0,4095,850,303
260.67499996861443,0,4095,927,314
260.84639999317005,0,4095,995,330
261.0275999759324,0,4095,1068,349
261.2288999953307,430,4095,1136,368
261.4434999995865,1883,3351,1075,370
261.64619997143745,3029,921,855,357
261.8316999869421,4095,0,705,346
262.0223999838345,4095,0,637,343
262.21620000433177,4095,0,576,336
262.41529994877055,4095,0,510,326
262.6005999627523,4095,0,463,316
262.7844999660738,4095,0,407,301
262.9620999796316,2350,0,358,282
263.1632999982685,1232,2143,585,302
263.34000000497326,4095,0,449,282
263.51429999340326,4095,0,405,276
263.6870999704115,4095,0,368,270
263.89099995139986,4095,0,335,262
264.11230000667274,4095,0,308,256
264.4379999837838,3221,0,283,245
264.6297999890521,1968,371,346,252
264.8155000060797,896,2675,571,271
264.99969995347783,123,4095,745,289
265.1771999662742,0,4095,823,295
265.3506000060588,0,4095,899,305
265.5273999553174,0,4095,969,320
265.71029995102435,0,4095,1041,338
265.89089998742566,0,4095,1105,365
266.1064999992959,1441,4095,1177,383
266.29509998019785,2640,1453,923,364
266.47909998428077,3746,129,752,351
266.6520999628119,4095,0,668,348
266.83089998550713,4095,0,599,339
267.02869997825474,4095,0,542,333
267.20879995264113,4095,0,482,320
267.38519995706156,4095,0,432,304
267.55859999684617,2743,0,378,287
267.7576999994926,1606,1377,531,301
267.93729997007176,4095,0,445,279
268.11479998286813,4095,0,403,278
268.2953999610618,4095,0,366,270
268.470199953299,4095,0,334,265
268.6490999767557,4095,0,309,260
268.8306999625638,4095,0,286,251
269.04789998661727,2375,0,257,243
269.3508999655023,1250,2138,494,266
269.5411999593489,382,3680,678,282
269.7307000053115,0,4095,785,290
269.90590000059456,0,4095,863,304
270.0796999852173,0,4095,936,317
270.26649995241314,0,4095,1004,333
270.4543999861926,0,4095,1075,353
270.65049996599555,944,4095,1147,373
270.8419999689795,2241,2227,973,366
271.0451000020839,3328,543,789,355
271.2156999623403,4095,0,677,347
271.3903999538161,4095,0,608,341
271.6529999743216,4095,0,551,334
271.89390000421554,4095,0,490,322
272.07119995728135,4095,0,436,307
272.24999997997656,3309,0,389,293
272.45899999979883,1985,317,429,291
272.6723999949172,906,2627,636,305
272.8462999803014,4095,0,466,288
273.02109997253865,4095,0,419,275
273.1950999586843,4095,0,380,270
273.3720999676734,4095,0,343,261
273.59419997083023,4095,0,316,256
273.79509998718277,2768,0,282,243
273.99429999059066,1636,1287,435,261
274.18359997682273,643,3059,627,277
274.361299991142,0,4095,769,290
274.5397999533452,0,4095,849,302
274.7129999916069,0,4095,925,315
274.8857999686152,0,4095,991,329
275.07509995484725,0,4095,1066,345
275.273599952925,358,4095,1135,368
275.475499976892,1873,3296,1072,369
275.67849995102733,2981,946,853,356
275.85509995697066,4095,0,704,347
276.04349999455735,4095,0,635,343
276.21979999821633,4095,0,575,336
276.43349999561906,4095,0,509,327
276.6234999871813,4095,0,461,313
276.8076999927871,4095,0,410,301
276.98500000406057,2367,0,359,282
277.1873999736272,1239,2087,579,303
277.36489998642355,4095,0,450,283
277.53999998094514,4095,0,404,275
277.7189000044018,4095,0,366,269
277.90009998716414,4095,0,336,261
278.08249997906387,4095,0,311,256
278.2678999938071,3297,0,281,245
278.4624999621883,2010,267,336,251
278.66379998158664,918,2631,560,272
278.9051999570802,142,4095,740,286
279.08349997596815,0,4095,817,296
279.26250000018626,0,4095,896,304
279.4422999722883,0,4095,967,320
279.6272999839857,0,4095,1039,336
279.81189999263734,0,4095,1105,356
280.0275000045076,1408,4095,1174,383
280.24619998177513,2611,1555,933,362
280.43799998704344,3717,221,763,351
280.616799951531,4095,0,673,347
280.81129997735843,4095,0,607,337
281.16159996716306,4095,0,544,331
281.34719998342916,4095,0,485,320
281.5256000030786,4095,0,432,305
281.70459996908903,2807,0,382,287
281.9225999992341,1660,1333,528,295
282.10099996067584,4095,0,445,277
282.2790999780409,4095,0,400,272
282.45189995504916,4095,0,365,266
282.6284999609925,4095,0,336,261
282.8167999978177,4095,0,307,256
282.9976999782957,4095,0,283,247
283.1797999679111,2384,0,256,240
283.37829996598884,1270,2066,488,264
283.56829995755106,391,3599,670,282
283.75119995325804,0,4095,783,290
283.9318999904208,0,4095,859,301
284.11069995490834,0,4095,935,316
284.29449995746836,0,4095,1003,329
284.47819995926693,0,4095,1073,348
284.6775999641977,921,4095,1146,371
284.8757999599911,2215,2331,979,364
285.07169999647886,3302,587,797,350
285.24739999556914,4095,0,678,345
285.42589995777234,4095,0,612,338
285.60549998655915,4095,0,553,333
285.78619996551424,4095,0,490,323
285.99010000471026,4095,0,438,308
286.2848999793641,3361,0,389,292
286.4803999545984,2027,305,429,290
286.67189995758235,951,2638,639,306
286.85189998941496,4095,0,466,290
287.06909995526075,4095,0,420,282
287.2551999753341,4095,0,381,272
287.4508999520913,4095,0,345,267
287.6473999931477,4095,0,317,259
287.8350999671966,2793,0,285,248
288.05249999277294,1661,1254,433,266
288.24829997029155,659,3071,630,281
288.42439997242764,0,4095,771,294
288.6026999913156,0,4095,848,304
288.785699987784,0,4095,921,316
288.968599983491,0,4095,991,330
289.15539995068684,0,4095,1065,350
289.35599996475503,318,4095,1133,370
289.556999981869,1845,3568,1091,375
289.7526999586262,2942,1035,869,363
289.92779995314777,4095,0,714,351
290.11209995951504,4095,0,640,346
290.29609996359795,4095,0,578,337
290.4714999604039,4095,0,511,329
290.6490999739617,4095,0,463,317
290.824799973052,4095,0,412,303
291.013199952431,2416,0,367,285
291.2114000064321,1298,2082,582,303
291.3925999891944,4095,0,451,283
291.5728999651037,4095,0,405,275
291.7947999667376,4095,0,368,271
291.9736999901943,4095,0,336,265
292.1548999729566,4095,0,312,257
292.33349999412894,3374,0,279,249
292.5239999894984,2046,282,336,252
292.71670000161976,959,2624,560,272
292.9096999578178,176,4095,741,289
293.0890999850817,0,4095,819,295
293.27189998002723,0,4095,896,306
293.45489997649565,0,4095,967,323
293.66500000469387,0,4095,1040,338
293.86729997349903,0,4095,1104,361
294.07639999408275,1379,4095,1174,384
294.27439998835325,2583,1598,935,363
294.4712999742478,3691,220,759,351
294.65929995058104,4095,0,671,349
294.84190000221133,4095,0,604,342
295.02429999411106,4095,0,544,334
295.21119996206835,4095,0,483,320
295.3925000037998,4095,0,432,306
295.5747999949381,2833,0,383,289
295.82309996476397,1676,1238,526,300
296.00479995133355,4095,0,443,285
296.18699999991804,4095,0,400,276
296.36829998344183,4095,0,365,271
296.548799960874,4095,0,332,263
296.74189997604117,4095,0,310,259
296.92539997631684,4095,0,283,253
297.1076999674551,2414,0,256,241
297.42329998407513,1291,2096,491,267
297.67770000034943,409,3623,672,279
297.8612000006251,0,4095,782,290
298.04619995411485,0,4095,861,303
298.2299999566749,0,4095,933,315
298.4225999680348,0,4095,1003,330
298.6152999801561,0,4095,1074,351
298.82339999312535,860,4095,1144,372
299.03259995626286,2197,2407,989,366
299.2330999695696,3294,604,802,353
299.4178999797441,4095,0,682,347
299.5995999663137,4095,0,615,341
299.7923999791965,4095,0,555,333
299.98309997608885,4095,0,494,322
300.1731999684125,4095,0,443,310
300.3893999848515,3418,0,393,297
300.6148999556899,2054,272,427,289
300.8150999667123,965,2614,639,304
301.00320000201464,4095,0,469,284
301.2006999924779,4095,0,423,275
301.38209997676313,4095,0,378,272
301.56249995343387,4095,0,347,261
301.7427999875508,4095,0,320,256
301.9285000045784,2831,0,284,242
302.1338999969885,1682,1197,431,261
302.367799973581,688,2992,624,275
302.7058999869041,0,4095,770,291
302.89469996932894,0,4095,848,303
303.07869997341186,0,4095,922,314
303.27289999695495,0,4095,986,327
303.4709999919869,0,4095,1063,343
303.67269995622337,279,4095,1131,368
303.88249998213723,1781,3529,1088,370
304.0832999977283,2927,1023,867,357
304.2657999903895,4095,0,708,347
304.44619996706024,4095,0,640,342
304.62819995591417,4095,0,577,337
304.8195999581367,4095,0,511,329
305.00289995688945,4095,0,464,308
305.18669995944947,4095,0,414,304
305.3704999620095,2457,0,365,282
305.5754999513738,1334,1985,576,304
305.75999995926395,4095,0,450,284
305.94619998009875,4095,0,406,277
306.1269999598153,4095,0,368,272
306.31949997041374,4095,0,337,266
306.4981999923475,4095,0,311,258
306.69769999803975,3407,0,285,252
306.9137999555096,2067,256,337,256
307.11249995511025,962,2609,560,272
307.3111999547109,172,4095,741,291
307.5158999999985,0,4095,817,301
307.69950000103563,0,4095,898,309
307.88169999141246,0,4095,966,324
308.08319995412603,0,4095,1039,337
308.2764999708161,0,4095,1104,361
308.4823999670334,1314,4095,1174,383
308.68129996815696,2535,1651,943,367
308.874599984847,3632,258,767,351
309.05599996913224,4095,0,675,347
309.238399961032,4095,0,607,342
309.4252999871969,4095,0,545,336
309.61209995439276,4095,0,485,323
309.7977999714203,4095,0,432,308
309.9837999907322,2867,0,381,294
310.19549997290596,1705,1206,511,302
310.3817999945022,4095,0,446,287
310.5686999624595,4095,0,400,278
310.7513999566436,4095,0,363,272
310.93429995235056,4095,0,334,267
311.11609999788925,4095,0,309,263
311.312599980738,4095,0,285,253
311.49870000081137,2454,0,256,241
311.7062999517657,1335,2035,485,268
311.90450000576675,434,3566,669,283
312.09409999428317,0,4095,781,292
312.2812999645248,0,4095,857,303
312.4690999975428,0,4095,930,317
312.68410000484437,0,4095,1001,331
312.877899967134,0,4095,1072,350
313.0842999671586,816,4095,1146,375
313.2846999797039,2154,2474,994,368
313.4841999853961,3249,630,806,354
313.6714999563992,4095,0,685,347
313.85919998865575,4095,0,618,342
314.0789999742992,4095,0,557,335
314.43569995462894,4095,0,495,323
314.6320999949239,4095,0,442,309
314.82069997582585,3454,0,394,293
315.01329998718575,2081,58,402,288
315.21289999363944,993,2475,619,303
315.3999999631196,4095,0,464,286
315.5868999892846,4095,0,417,275
315.77439996181056,4095,0,374,272
315.9606999834068,4095,0,342,261
316.1454999935813,4095,0,314,256
316.33709999732673,2848,0,281,241
316.5586999966763,1712,1153,423,261
316.7682999628596,703,2993,621,277
316.961899981834,0,4095,766,292
317.15580000309274,0,4095,846,301
317.3438999801874,0,4095,918,313
317.5408999668434,0,4095,988,325
317.7338999812491,0,4095,1059,343
317.94039998203516,222,4095,1130,367
318.15399997867644,1738,4095,1129,375
318.35630000568926,2902,1158,890,359
318.5939999530092,4084,0,720,348
318.8507999875583,4095,0,654,343
319.06959996558726,4095,0,588,338
319.2724999971688,4095,0,528,326
319.59119997918606,4095,0,469,318
319.78359998902306,4095,0,419,303
319.97229997068644,2467,0,368,284
320.18059998517856,1330,2018,583,301
320.36949996836483,4095,0,455,282
320.5659999512136,4095,0,406,273
320.7563000032678,4095,0,370,270
320.9465999971144,4095,0,337,263
321.1462000035681,4095,0,311,256
321.35629997355863,3627,0,286,247
321.5561999822967,2122,94,321,249
321.7602999648079,1002,2512,547,272
321.9750999705866,204,4095,729,286
322.1656999667175,0,4095,816,298
322.40369997452945,0,4095,890,305
322.64679996296763,0,4095,960,320
322.8525999584235,0,4095,1031,336
323.0557999922894,0,4095,1099,362
323.30729998648167,1275,4095,1170,383
323.53249995503575,2493,1591,929,366
323.74099997105077,3570,212,757,350
323.9332999801263,4095,0,667,347
324.12720000138506,4095,0,601,339
324.3201999575831,4095,0,543,334
324.5098000043072,4095,0,484,321
324.6934000053443,4095,0,432,305
324.8767000040971,2855,0,382,289
325.07399999303743,1713,994,491,296
325.26499999221414,4095,0,435,279
325.45539998682216,4095,0,400,276
325.6610999815166,4095,0,363,269
325.84909995784983,4095,0,334,263
326.0372999939136,4095,0,307,258
326.22649997938424,4095,0,283,251
326.4151999610476,2462,0,256,240
326.6235999763012,1351,1967,475,263
326.8398999935016,448,3504,660,284
327.05059996806085,0,4095,779,291
327.2452999954112,0,4095,857,304
327.4346999824047,0,4095,930,317
327.6311999652535,0,4095,1001,330
327.8289999580011,0,4095,1073,352
328.0415000044741,757,4095,1139,374
328.2807999639772,2115,2638,1009,367
328.4843000001274,3199,694,815,354
328.6798999761231,4095,0,688,346
328.86869995854795,4095,0,619,342
329.0580000029877,4095,0,558,336
329.2473999899812,4095,0,496,326
329.4369999784976,4095,0,446,309
329.6264999662526,3542,0,395,297
329.8219999996945,2103,80,402,289
330.0296999514103,1002,2512,624,304
330.2194999996573,4095,0,464,289
330.40859998436645,4095,0,416,281
330.5998999858275,4095,0,378,272
330.8973999810405,4095,0,340,264
331.1807999853045,4095,0,315,257
331.37509995140135,2925,0,282,245
331.58739999635145,1755,1045,414,259
331.8012999952771,735,2946,610,276
331.9998999941163,0,4095,765,289
332.2230000048876,0,4095,841,298
332.42309995694086,0,4095,916,311
332.63999997870997,0,4095,985,327
332.8460999764502,0,4095,1058,343
333.063600002788,183,4095,1125,366
333.3066999912262,1705,3890,1108,373
333.5262999753468,2864,1099,879,361
333.72279995819554,4035,0,718,347
333.91970000229776,4095,0,646,347
334.11319996230304,4095,0,579,338
334.31669999845326,4095,0,525,329
334.51409998815507,4095,0,465,318
334.7117999801412,4095,0,414,304
334.9049999960698,2490,0,367,286
335.11629997519776,1364,1887,567,302
335.31009999569505,4095,0,449,285
335.50459996331483,4095,0,405,278
335.8044999768026,4095,0,366,269
336.08259999891743,4095,0,335,263
336.2784999771975,4095,0,307,259
336.47340000607073,3551,0,281,250
336.6712999995798,2131,4,304,250
336.8997999932617,1031,2480,541,271
337.1206999872811,222,4093,719,288
337.31879998231307,0,4095,806,294
337.5192999956198,0,4095,881,306
337.720499956049,0,4095,953,320
337.92759996140376,0,4095,1021,336
338.13299995381385,0,4095,1092,357
338.3876999723725,1280,4095,1166,381
338.638799963519,2503,1742,939,365
338.88169995043427,3610,306,766,352
339.1092999954708,4095,0,669,347
339.3046999699436,4095,0,603,343
339.49939999729395,4095,0,543,334
339.7148999501951,4095,0,482,322
339.9068999569863,4095,0,432,309
340.09919996606186,2931,0,378,289
340.3052999638021,1759,974,490,295
340.4988999827765,4095,0,434,283
340.69139999337494,4095,0,396,275
340.8837000024505,4095,0,357,272
341.0759999533184,4095,0,327,266
341.2685999646783,4095,0,304,262
341.4619999821298,4095,0,283,254
341.66489995550364,2496,0,256,242
341.8836999917403,1365,1923,472,268
342.09359996020794,462,3477,657,283
342.2887999913655,0,4095,777,294
342.4828999559395,0,4095,853,303
342.6772999810055,0,4095,927,318
342.8774999920279,0,4095,995,331
343.09789998224005,0,4095,1070,351
343.31029996974394,710,4095,1138,372
343.5653999913484,2096,2785,1019,367
343.77089998451993,3183,759,823,355
343.9633999951184,4095,0,688,347
344.1583999665454,4095,0,622,338
344.3542000022717,4095,0,560,335
344.5533000049181,4095,0,498,322
344.74769997177646,4095,0,448,311
344.93949997704476,3581,0,397,295
345.1407999964431,2123,86,410,288
345.3540999908,1035,2510,625,304
345.5720999627374,4095,0,464,287
345.76739999465644,4095,0,418,279
345.9742999984883,4095,0,377,272
346.1710999836214,4095,0,343,263
346.36500000488013,4095,0,315,257
346.5598999755457,2938,0,283,245
346.7676999862306,1770,931,403,258
346.9743999885395,725,2896,602,274
347.16689999913797,0,4095,758,289
347.48279995983467,0,4095,838,301
347.7829999756068,0,4095,909,310
347.9973999783397,0,4095,981,326
348.20319997379556,0,4095,1056,343
348.41390000656247,99,4095,1123,368
348.6467999755405,1674,4095,1126,374
348.87599997455254,2829,1165,889,358
349.10130000207573,4012,0,720,350
349.3029999663122,4095,0,653,344
349.5019999681972,4095,0,583,336
349.7091999743134,4095,0,528,327
349.9140999629162,4095,0,466,315
350.11599998688325,4095,0,418,303
350.3148999880068,2551,0,368,283
350.55929998634383,1415,1852,565,303
350.7575999828987,4095,0,449,286
350.9543999680318,4095,0,403,276
351.15639999276027,4095,0,367,270
351.35539999464527,4095,0,336,263
351.55149997444823,4095,0,310,258
351.7473999527283,3614,0,283,250
351.9441999960691,2145,0,294,251
352.16099995886907,1040,2407,532,272
352.4007999803871,223,4026,715,289
352.62639995198697,0,4095,803,295
352.98889997648075,0,4095,880,307
353.1875999760814,0,4095,952,320
353.39829995064065,0,4095,1019,336
353.606199962087,0,4095,1089,361
353.8325999979861,1223,4095,1163,381
354.1226999950595,2453,1797,944,367
354.3962999829091,3536,341,770,350
354.5960999908857,4095,0,670,349
354.814299964346,4095,0,604,342
355.01259996090084,4095,0,544,335
355.210299952887,4095,0,483,321
355.4086999502033,4095,0,433,307
355.60670000268146,2989,0,381,290
355.82349996548146,1792,977,491,301
356.02129995822906,4095,0,433,282
356.21870000613853,4095,0,399,278
356.41750000650063,4095,0,358,272
356.6169999539852,4095,0,329,263
356.8150000064634,4095,0,304,266
357.01149998931214,4095,0,284,256
357.20829997444525,2539,0,256,243
357.4246999924071,1409,1831,464,266
357.63439995935187,494,3383,646,283
357.83299995819107,0,4095,771,294
358.0587999895215,0,4095,848,304
358.25649998150766,0,4095,923,317
358.4527999628335,0,4095,994,330
358.65949996514246,0,4095,1067,349
358.88539999723434,660,4095,1136,372
359.13060000166297,2043,2758,1014,368
359.3453000066802,3166,758,819,355
359.5478999777697,4095,0,688,347
359.75139995571226,4095,0,620,339
359.95419998653233,4095,0,560,335
360.16949999611825,4095,0,496,323
360.370599955786,4095,0,447,310
360.5719999759458,3729,0,399,297
360.7753999531269,2189,0,388,287
360.9976999578066,1093,2419,613,304
361.20059998938814,4095,0,460,282
361.40459997113794,4095,0,412,278
361.6133999894373,4095,0,368,272
361.8209999985993,4095,0,337,261
362.0280000031926,4095,0,311,257
362.23440000321716,2971,0,281,246
362.45759995654225,1808,910,399,259
362.67729999963194,753,2896,603,274
362.8927999525331,16,4095,758,288
363.1006999639794,0,4095,838,300
363.3068999624811,0,4095,912,315
363.5132999625057,0,4095,981,328
363.7487999512814,0,4095,1053,343
364.0117999748327,36,4095,1119,368
364.4162999698892,1635,4095,1137,375
364.65730000054464,2799,1201,895,365
364.8758999770507,3954,0,721,352
365.08499999763444,4095,0,655,350
365.29419996077195,4095,0,587,340
365.50429998897016,4095,0,531,333
365.7369999564253,4095,0,469,320
365.96639995696023,4095,0,418,304
366.1971999681555,2551,0,369,287
366.43009999534115,1426,1763,559,304
366.6537999524735,507,3333,726,315
366.87490000622347,4095,0,499,294
367.08959995303303,4095,0,448,286
367.2985999728553,4095,0,401,275
367.5084999995306,4095,0,361,268
367.7165999542922,3765,0,323,256
367.92659998172894,2191,0,329,255
368.1565999868326,1088,2413,560,274
368.3790999930352,247,4031,737,293
368.67929995059967,0,4095,827,301
368.934599973727,0,4095,901,310
369.20809996081516,0,4095,973,326
369.5054999552667,0,4095,1040,341
369.7373999748379,0,4095,1105,360
369.97519998112693,1180,4095,1177,383
370.21669995738193,2419,1899,968,368
370.4520000028424,3524,373,787,354
370.6714999862015,4095,0,687,351
370.8884999505244,4095,0,621,344
371.10499996924773,4095,0,557,336
371.32709997240454,4095,0,495,325
371.5540999546647,4095,0,442,311
371.77369999699295,3014,0,389,295
372.00139998458326,1834,899,489,300
372.2573999548331,783,2890,679,311
372.4686999921687,4095,0,487,289
372.6792999659665,4095,0,432,281
372.8869999758899,4095,0,394,271
373.0985999573022,4095,0,354,265
373.3021999942139,4095,0,323,256
373.5045999637805,2556,0,288,242
373.7482999567874,1433,1710,480,267
373.9850999554619,491,3321,663,283
374.1864999756217,0,4095,787,293
374.38779999502003,0,4095,866,303
374.58999996306375,0,4095,939,319
374.7995999874547,0,4095,1006,333
375.00689999433234,0,4095,1077,353
375.2301000058651,630,4095,1149,371
375.4575999919325,2018,2731,1023,368
375.6735000060871,3133,722,849,355
375.8854999905452,4095,0,693,348
376.0918999905698,4095,0,624,343
376.293099950999,4095,0,562,336
376.49479997344315,4095,0,502,325
376.70099997194484,4095,0,451,313
376.9042000058107,3739,0,400,295
377.10769998375326,2193,0,381,285
377.3319000029005,1095,2371,608,304
377.5378999998793,4095,0,459,288
377.76139995548874,4095,0,415,279
377.9653999954462,4095,0,373,272
378.1803000019863,4095,0,337,263
378.38929996360093,4095,0,313,257
378.6110999644734,3023,0,281,245
378.8307999493554,1840,751,384,256
379.0482999756932,797,2816,589,274
379.2598999571055,48,4095,753,289
379.4632999924943,0,4095,832,299
379.66579996282235,0,4095,911,310
379.869399999734,0,4095,976,326
380.07909996667877,0,4095,1051,340
380.2896999986842,0,4095,1118,364
380.55010000243783,1609,4095,1138,375
380.8119999594055,2790,1235,897,360
381.17939996300265,3952,0,725,349
381.4057999989018,4095,0,655,343
381.6114999935962,4095,0,589,339
381.8180999951437,4095,0,529,331
382.0613999851048,4095,0,471,317
382.2894999757409,4095,0,423,304
382.49999994877726,2585,0,369,288
382.7303999569267,1457,1710,558,301
382.93999998131767,4095,0,448,283
383.14960000570863,4095,0,401,274
383.35899997036904,4095,0,366,269
383.5914999945089,4095,0,335,266
383.8114999816753,4095,0,310,258
384.0562999830581,3815,0,281,250
384.27239999873564,2227,0,281,246
384.50669997837394,1133,2368,527,272
384.73279995378107,290,3984,705,287
384.9456000025384,0,4095,800,295
385.17189997946844,0,4095,875,305
385.3844999684952,0,4095,946,321
385.6188000063412,0,4095,1013,335
385.9900999814272,0,4095,1088,355
386.2366999965161,1158,4095,1156,377
386.4696999662556,2416,1968,957,365
386.69729995308444,3519,411,778,351
386.9060999713838,4095,0,671,347
387.1146999881603,4095,0,606,338
387.3215999919921,4095,0,545,334
387.5313999596983,4095,0,486,323
387.7606999594718,4095,0,434,309
387.9700999823399,3090,0,384,290
388.19409999996424,1879,749,469,295
388.4182999609038,835,2790,661,306
388.6296999990009,4095,0,479,288
388.83799995528534,4095,0,432,281
389.04669997282326,4095,0,390,272
389.2807999509387,4095,0,354,266
389.5098000066355,4095,0,321,257
389.721899991855,2605,0,289,246
389.95359995169565,1485,1698,481,270
390.17829997465014,542,3311,662,284
390.39029995910823,0,4095,785,295
390.5968999606557,0,4095,865,304
390.8032999606803,0,4095,941,320
391.0162999527529,0,4095,1008,334
391.2309999577701,0,4095,1074,351
391.45799999823794,560,4095,1144,372
391.69069996569306,1988,2991,1052,372
391.91499998560175,3113,814,842,359
392.1234000008553,4095,0,703,351
392.3371999990195,4095,0,634,343
392.55069999489933,4095,0,569,336
392.76339998468757,4095,0,511,329
392.9931999882683,4095,0,455,315
393.20769999176264,3814,0,405,299
393.4259999659844,2230,0,385,290
393.6699999612756,1133,2349,613,305
393.88429996324703,4095,0,464,286
394.09959997283295,4095,0,418,278
394.3151999847032,4095,0,375,272
394.5321000064723,4095,0,342,265
394.7723999735899,4095,0,317,258
394.99780000187457,3090,0,286,249
395.24869999149814,1872,720,384,259
395.4752999707125,835,2803,592,276
395.697099971585,79,4095,754,291
395.91149997431785,0,4095,835,302
396.1251999717206,0,4095,912,311
396.3400999782607,0,4095,978,327
396.56109997304156,0,4095,1051,343
396.78459998685867,0,4095,1119,368
397.05179998418316,1583,4095,1152,380
397.2933999611996,2763,1264,907,363
397.52479997696355,3919,9,734,350
397.75249996455386,4095,0,656,348
397.97079999698326,4095,0,593,338
398.1878999620676,4095,0,533,333
398.40549998916686,4095,0,474,319
398.6257999786176,4095,0,428,304
398.8454999634996,2615,0,375,285
399.09479999914765,1490,1645,555,303
399.3254999513738,551,3250,720,311
399.54089996172115,4095,0,503,291
399.7594999964349,4095,0,451,286
399.97699996456504,4095,0,405,274
400.1949999947101,4095,0,368,266
400.4117999575101,3951,0,331,258
400.6276999716647,2250,0,311,254
400.8637999650091,1153,2282,547,273
401.11310000065714,301,3841,722,289
401.33629995398223,0,4095,818,299
401.5570000046864,0,4095,895,307
401.7865999485366,0,4095,967,321
402.04349998384714,0,4095,1038,338
402.31979999225587,0,4095,1103,360
402.6804000022821,1098,4095,1171,383
402.9258999507874,2384,1921,965,368
403.16749998601153,3491,368,785,353
403.3942999667488,4095,0,683,352
403.6134000052698,4095,0,614,347
403.832699987106,4095,0,557,336
404.051499965135,4095,0,496,330
404.2729999637231,4095,0,442,312
404.5007999520749,3151,0,393,294
404.7463999595493,1911,656,465,297
405.0073999678716,864,2780,664,309
405.2318999893032,4095,0,482,290
405.45699995709583,4095,0,432,281
405.68520000670105,4095,0,389,273
405.9084999607876,4095,0,353,267
406.1311999685131,4095,0,322,259
406.3520999625325,2651,0,289,246
406.59369999775663,1525,1621,474,267
406.8303999956697,576,3261,658,284
407.0532000041567,0,4095,785,295
407.2951999842189,0,4095,864,304
407.5169999850914,0,4095,938,317
407.7462999848649,0,4095,1006,331
407.97469997778535,0,4095,1074,348
408.21679995860904,511,4095,1143,372
408.46559999044985,1964,3103,1063,371
408.70189998531714,3107,854,848,357
408.92319998238236,4095,0,706,348
409.14899995550513,4095,0,635,347
409.3843000009656,4095,0,576,336
409.6024999744259,4095,0,511,327
409.81969999847934,4095,0,461,314
410.03939998336136,4018,0,410,299
410.2654999587685,2271,0,374,286
410.5054999818094,1173,2293,607,304
410.8099999721162,4095,0,463,287
411.07349999947473,4095,0,416,279
411.29859996726736,4095,0,373,272
411.523999995552,4095,0,340,267
411.7495999671519,4095,0,315,259
411.9724999764003,3093,0,283,245
412.212900002487,1893,661,381,256
412.4507999513298,832,2803,592,274
412.68159996252507,73,4095,756,289
412.91389998514205,0,4095,832,299
413.18089998094365,0,4095,909,309
413.4067999548279,0,4095,977,323
413.6429999489337,0,4095,1050,340
413.88199996436015,0,4095,1117,366
414.32859998894855,1522,4095,1185,383
414.58280000369996,2718,1376,926,365
414.8162999772467,3851,93,752,350
415.0513999629766,4095,0,672,349
415.2798999566585,4095,0,604,340
415.5064999940805,4095,0,543,333
415.7316999626346,4095,0,484,320
415.9583000000566,4095,0,433,304
416.18499998003244,2655,0,381,287
416.4341999567114,1523,1622,555,304
416.6626999503933,4095,0,451,285
416.914600005839,4095,0,405,279
417.1407999820076,4095,0,368,272
417.366299952846,4095,0,336,267
417.5913999788463,4095,0,316,258
417.81559999799356,4095,0,285,249
418.04489999776706,2300,0,267,243
418.29379997216165,1197,2267,511,272
418.5269000008702,336,3866,697,288
418.7489000032656,0,4095,797,293
419.04289997182786,0,4095,871,304
419.3449000013061,0,4095,945,320
419.5755999535322,0,4095,1010,333
419.82779995305464,0,4095,1082,354
420.08339997846633,1041,4095,1155,375
420.8937999792397,2324,2095,966,363
422.84899996593595,3405,469,791,352
423.83179999887943,4095,0,677,345
424.87559997243807,4095,0,609,337
426.80570000084117,4095,0,550,333
427.8267999761738,4095,0,492,320
428.8521999842487,4095,0,438,304
430.8996999752708,3149,0,389,290
431.8290999508463,1917,672,464,293
433.80139995133504,856,2762,660,304
434.8352999659255,4095,0,480,287
435.8490000013262,4095,0,432,278
436.9197000050917,4095,0,386,272
438.80399997578934,4095,0,353,264
439.8863999522291,4095,0,321,256
440.8450999762863,2666,0,289,243
442.8938999772072,1535,1488,459,265
443.9384999568574,578,3163,645,280
445.84639999084175,0,4095,782,291
446.93769997684285,0,4095,858,301
447.8878999943845,0,4095,931,312
449.9308999511413,0,4095,1002,329
450.9288999834098,0,4095,1073,345
452.8903999598697,486,4095,1139,370
454.0821999544278,1934,3038,1052,368
455.92759997816756,3058,848,843,355
456.9306999910623,4095,0,702,346
457.90019998094067,4095,0,631,343
459.96919996105134,4095,0,570,336
460.94259998062626,4095,0,508,326
462.06960000563413,4095,0,458,316
463.8039999990724,4095,0,405,301
464.95949995005503,2320,0,358,283
466.077699966263,1206,2192,589,304
467.91809995193034,4095,0,456,285
468.968799978029,4095,0,407,278
470.2548999921419,4095,0,369,269
471.79250000044703,4095,0,336,263
472.9595999815501,4095,0,313,256
474.50129996286705,3159,0,283,246
476.34309995919466,1911,506,359,256
477.6695999898948,834,2710,576,272
478.84509997675195,64,4095,751,289
479.9318999866955,0,4095,829,295
481.035599950701,0,4095,902,306
482.2713999892585,0,4095,973,321
484.06919999979436,0,4095,1045,338
484.9627999938093,0,4095,1111,362
486.9033999857493,1459,4095,1167,381
488.08409995399415,2659,1379,914,364
489.85689994879067,3760,97,748,349
490.9472999861464,4095,0,663,349
492.0154999708757,4095,0,598,341
493.90149995451793,4095,0,537,333
494.97439997503534,4095,0,477,318
495.97230000654235,4095,0,431,304
497.9845999623649,2710,0,375,287
499.0480999695137,1558,1582,551,299
500.91899995459244,4095,0,448,282
502.73979996563867,4095,0,405,273
503.95189999835566,4095,0,368,267
504.95430000592023,4095,0,334,260
506.1381999985315,4095,0,313,256
507.2400999488309,4095,0,288,248
508.28999996883795,2323,0,257,240
509.8467999487184,1200,2202,498,267
510.83549996837974,342,3739,684,279
512.8286999533884,0,4095,786,289
513.9290999504738,0,4095,864,301
515.170999977272,0,4095,939,314
516.8232999858446,0,4095,1006,334
517.88379997015,0,4095,1078,352
519.8926999582909,1019,4095,1150,371
520.9878999739885,2310,2125,965,364
522.8431999566965,3394,480,784,348
524.0098999929614,4095,0,673,343
524.8536999570206,4095,0,610,337
526.8410999560729,4095,0,547,331
528.2506999792531,4095,0,489,320
529.4232000014745,4095,0,437,306
530.9127999935299,3190,0,385,289
532.1029999759048,1939,442,442,290
533.8440999621525,869,2711,650,304
535.0392999825999,4095,0,473,282
536.2892999546602,4095,0,426,275
537.0463999570347,4095,0,382,272
538.8479999965057,4095,0,348,265
539.8336999933235,4095,0,320,256
540.967799955979,2704,0,285,244
543.0716999690048,1574,1479,458,263
544.1302999970503,589,3163,644,279
546.0878000012599,0,4095,780,292
547.0132000045851,0,4095,854,303
548.0533999507315,0,4095,931,313
549.8971999622881,0,4095,999,327
551.0230999789201,0,4095,1071,346
552.8972999891266,365,4095,1137,369
554.0641999687068,1871,3274,1072,370
556.1181999510154,2997,939,855,356
557.310999953188,4095,0,707,347
558.2733000046574,4095,0,640,347
559.903499961365,4095,0,575,336
560.9256000025198,4095,0,511,327
562.071799999103,4095,0,461,314
563.1254999898374,4095,0,407,301
564.9105999618769,2320,0,365,283
566.0713999532163,1204,2242,593,304
567.1980999759398,4095,0,454,286
569.0938999759965,4095,0,409,277
569.9947999673896,4095,0,370,271
571.8579999520443,4095,0,337,264
573.0032999999821,4095,0,314,258
574.0354000008665,3264,0,284,250
575.9271999704652,1976,480,364,256
577.0802999613807,902,2701,577,273
578.9599999552593,132,4095,751,289
579.9786999705248,0,4095,827,298
581.0947999707423,0,4095,906,306
582.9608999774791,0,4095,974,323
583.9163999771699,0,4095,1042,338
585.2164999814704,0,4095,1109,364
587.1541999513283,1469,4095,1181,383
588.310899969656,2672,1445,926,366
590.0113999960013,3803,128,753,352
590.9874999779277,4095,0,670,349
592.9185999557376,4095,0,604,342
593.9886999549344,4095,0,544,334
595.058299950324,4095,0,484,320
596.2017999845557,4095,0,432,307
597.96839999035,2758,0,382,287
599.0321999997832,1599,1463,543,302
600.8536999579519,4095,0,448,283
601.8871999694966,4095,0,406,275
603.2111999811605,4095,0,368,270
604.906199965626,4095,0,336,262
605.9783999808133,4095,0,313,257
606.9030999788083,4095,0,288,252
608.0253999680281,2352,0,258,241
609.9348999559879,1219,2183,498,269
610.9910999657586,352,3717,686,281
612.845900002867,0,4095,785,290
613.8288999791257,0,4095,863,303
614.8508999613114,0,4095,941,315
616.8877999880351,0,4095,1008,330
617.9226999520324,0,4095,1081,350
619.8317999951541,969,4095,1151,374
620.9516999660991,2252,2223,975,364
622.8446000022814,3335,528,794,351
623.9159999531694,4095,0,678,346
625.0239999499172,4095,0,611,340
626.8611999694258,4095,0,553,331
627.9554999782704,4095,0,494,321
628.9566999766976,4095,0,439,308
630.7862999965437,3245,0,389,290
632.009900000412,1959,415,439,292
633.9038999867626,893,2684,647,304
635.2068999549374,4095,0,476,286
636.248099966906,4095,0,429,278
637.2626999509521,4095,0,386,272
638.9510000008158,4095,0,350,265
640.5257000005804,4095,0,320,256
641.8445999734104,2766,0,287,243
642.906499968376,1621,1340,446,262
643.979299988132,629,3099,637,282
645.9111999720335,0,4095,779,290
647.0766999991611,0,4095,854,304
648.1302999891341,0,4095,928,315
649.7913000057451,0,4095,993,330
650.9645999758504,0,4095,1069,351
652.7944999979809,347,4095,1136,368
654.0318999905139,1856,3312,1074,370
655.8508999878541,3005,924,854,359
656.8428999744356,4095,0,707,352
658.0165000050329,4095,0,639,348
659.7999999648891,4095,0,575,338
661.0098999808542,4095,0,511,327
661.9174999650568,4095,0,460,317
663.186899968423,4095,0,407,303
664.7897999500856,2352,0,361,285
665.91379995225,1221,2166,591,304
667.8316000034101,4095,0,454,289
668.9210999757051,4095,0,407,279
669.9347999528982,4095,0,368,272
671.8196999863721,4095,0,336,263
672.9098999639973,4095,0,313,260
673.9231999963522,3295,0,283,249
675.8044000016525,2003,387,348,256
676.9048999994993,914,2688,573,272
678.7841999903321,169,4095,749,288
679.8943000030704,0,4095,823,299
680.9313999838196,0,4095,898,308
682.0117000024766,0,4095,971,324
683.9143999968655,0,4095,1043,337
684.9418999627233,0,4095,1109,359
686.8772999732755,1427,4095,1177,381
688.0453999619931,2631,1515,932,365
689.8263999610208,3755,178,757,349
690.9397999988869,4095,0,673,347
692.8074999595992,4095,0,604,341
693.9169999677688,4095,0,544,333
694.9273999780416,4095,0,483,321
696.1506999796256,4095,0,432,304
697.9493999970146,2779,0,380,289
698.9707999746315,1639,1328,528,297
700.8265999611467,4095,0,445,282
701.9037999561988,4095,0,405,277
703.1241999939084,4095,0,367,272
704.8138999962248,4095,0,335,265
705.8726999675855,4095,0,313,261
706.925299949944,4095,0,287,251
707.9760999768041,2380,0,258,242
709.9150999565609,1260,2112,496,265
711.1082999617793,381,3649,678,285
713.0487999529578,0,4095,784,291
713.9949999982491,0,4095,865,303
715.0625999784097,0,4095,937,314
716.9301999965683,0,4095,1007,333
717.8875999525189,0,4095,1075,352
719.9355000047944,911,4095,1147,373
720.9541999618523,2224,2303,977,363
723.0219999910332,3318,576,797,351
723.9464999875054,4095,0,681,345
724.9233999755234,4095,0,612,342
726.8877999740653,4095,0,553,333
727.9206999810413,4095,0,492,321
728.8914999808185,4095,0,443,308
730.8516000048257,3381,0,390,291
731.9568999810144,2018,413,441,291
733.9145999867469,925,2673,647,304
735.0991999846883,4095,0,475,287
735.9978999593295,4095,0,427,277
737.0974999503233,4095,0,383,271
738.9652999700047,4095,0,350,262
739.9457999854349,4095,0,320,256
740.9323999891058,2784,0,289,245
743.0199999944307,1648,1311,445,261
744.1975999972783,637,3070,637,275
745.8468999830075,0,4095,775,293
747.0405999920331,0,4095,853,299
748.106699960772,0,4095,927,315
750.0336999655701,0,4095,995,329
751.0189999593422,0,4095,1070,346
752.9350999975577,311,4095,1136,368
754.0097999735735,1831,3559,1093,373
755.7766999816522,2974,977,863,358
756.9025999982841,4095,0,714,349
757.9550999798812,4095,0,643,345
759.7870999597944,4095,0,578,336
760.9260999597609,4095,0,511,331
761.9373999768868,4095,0,464,317
762.9963999497704,4095,0,412,300
764.9543999577872,2387,0,363,283
766.0847999504767,1275,2032,577,302
767.8327999892645,4095,0,455,284
769.0167999826372,4095,0,409,278
770.0983999529853,4095,0,369,271
771.8640999519266,4095,0,337,263
772.876399976667,4095,0,314,256
774.1354999598116,3347,0,285,247
776.1400999734178,2019,239,336,253
777.4105999851599,923,2599,560,272
778.991799976211,178,4095,739,286
780.1569000002928,0,4095,818,298
781.3094999874011,0,4095,897,309
782.2984999511391,0,4095,967,323
784.1281999717467,0,4095,1038,338
785.1904999697581,0,4095,1104,359
787.0754000032321,1422,4095,1175,384
788.6160999769345,2609,1588,935,367
789.9779999861494,3727,222,762,352
790.9707999788225,4095,0,674,351
792.8000999963842,4095,0,605,342
793.9534999895841,4095,0,547,336
795.0711000012234,4095,0,485,323
796.2318999925628,4095,0,434,307
797.9692999506369,2800,0,382,291
799.0237000049092,1648,1317,528,304
800.9304999723099,4095,0,445,286
801.92239995813,4095,0,406,277
803.062199964188,4095,0,368,272
804.8116999561898,4095,0,336,263
806.075599975884,4095,0,311,259
807.1211999631487,4095,0,289,254
808.0922999652103,2423,0,259,242
810.0022999569774,1299,2078,494,270
811.914199963212,414,3615,674,282
812.8700999659486,0,4095,785,291
813.888099975884,0,4095,866,305
815.1202999870293,0,4095,939,317
816.9160999823362,0,4095,1007,335
818.1727000046521,0,4095,1078,353
819.9955999734811,880,4095,1150,374
821.0651999688707,2202,2448,995,368
822.8444999549538,3277,638,811,353
824.0595999523066,4095,0,687,348
825.0463999575004,4095,0,621,343
826.8511999631301,4095,0,559,336
827.8957000002265,4095,0,496,324
828.9697999716736,4095,0,447,315
830.9108999674208,3337,0,397,295
832.131999952253,2022,280,432,290
833.9813000056893,947,2601,638,305
834.8029999760911,4095,0,474,288
836.3429000019096,4095,0,427,278
837.3912999522872,4095,0,384,272
838.9708999893628,4095,0,348,268
839.9549999739975,4095,0,319,259
840.9774999599904,2821,0,287,247
842.9078999906778,1679,1252,437,267
844.0451999776997,672,3035,630,282
845.9001999581233,0,4095,777,292
847.0892999903299,0,4095,851,304
847.8824999765493,0,4095,925,315
849.0672999760136,0,4095,994,332
850.8638999774121,0,4095,1066,350
852.7605999843217,260,4095,1133,369
853.953999991063,1794,3529,1090,374
855.8215999510139,2954,990,865,360
856.8725999793969,4095,0,711,351
857.9660999821499,4095,0,642,347
859.8364999634214,4095,0,577,336
860.9399999841116,4095,0,511,331
861.9355999981053,4095,0,464,317
863.056099973619,4095,0,412,304
864.9572999565862,2427,0,365,281
866.1290999734774,1313,1968,576,304
867.8673999966122,4095,0,454,281
868.9624999533407,4095,0,407,272
870.039600005839,4095,0,368,267
872.0253999927081,4095,0,336,259
873.547299997881,4095,0,311,254
874.6357999625616,3440,0,284,246
875.9158999891952,2062,329,343,251
876.9699999829754,978,2628,564,272
878.1206999556161,192,4095,745,287
879.9190999707207,0,4095,823,297
881.2202999833971,0,4095,897,305
882.8500999952666,0,4095,967,321
884.0046999976039,0,4095,1040,339
884.9479999626055,0,4095,1106,357
886.9373999768868,1327,4095,1173,381
888.0659999558702,2535,1600,940,363
889.9655999848619,3626,222,765,351
891.0360999871045,4095,0,675,346
892.8990999702364,4095,0,607,341
893.9142999588512,4095,0,549,336
895.0537999626249,4095,0,491,322
895.943499985151,4095,0,435,307
897.9558999999426,2827,0,384,291
898.9705999847502,1680,1168,510,302
900.9379000053741,4095,0,444,282
901.8900999799371,4095,0,403,276
903.0692999949679,4095,0,366,268
904.8118999926373,4095,0,336,263
905.9474999667145,4095,0,314,259
907.0351999835111,4095,0,289,249
908.1084999488667,2436,0,261,240
909.9439999554306,1321,1973,485,268
911.1687999684364,434,3520,665,282
913.0297999945469,0,4095,784,289
914.0585999703035,0,4095,861,302
915.1551999966614,0,4095,935,315
917.04699996626,0,4095,1002,331
918.1853999616578,0,4095,1072,349
920.1896999729797,846,4095,1146,370
921.3141999789514,2171,2448,992,363
923.0047999881208,3271,630,807,353
924.0399999544024,4095,0,686,343
924.8925999854691,4095,0,619,337
926.8874999834225,4095,0,558,333
928.0245999689214,4095,0,496,320
929.0997999487445,4095,0,444,307
931.0651999549009,3493,0,395,291
932.3754999786615,2090,87,407,285
933.9137999922968,1023,2500,624,304
935.0062999874353,4095,0,464,287
935.994400002528,4095,0,420,276
937.3654999653809,4095,0,381,272
938.9666999923065,4095,0,343,265
940.1162999565713,4095,0,317,256
941.1904999869876,2879,0,284,245
943.0833999649622,1711,1129,422,259
944.2573999986053,687,2985,621,278
946.031800005585,0,4095,768,289
947.1696999971755,0,4095,848,300
948.2360999681987,0,4095,919,312
949.9525999999605,0,4095,987,323
951.0903999907896,0,4095,1062,345
952.9139999649487,177,4095,1131,367
954.1408999939449,1734,3987,1119,375
955.8814999763854,2877,1124,884,362
956.8669999716803,4031,0,720,352
958.1371999811381,4095,0,654,346
959.9418999860063,4095,0,585,340
960.9778999583796,4095,0,528,331
962.0039999717847,4095,0,468,319
963.9043000061065,4095,0,418,304
964.9561999831349,2447,0,368,286
966.140299977269,1322,2046,586,304
967.8510999656282,4095,0,458,288
968.9496000064537,4095,0,413,283
969.9364999542013,4095,0,373,272
971.8120999750681,4095,0,337,267
972.8467999957502,4095,0,313,258
973.9278999622911,3523,0,285,250
975.8128999965265,2102,161,327,256
977.0274999900721,1041,2515,555,272
978.9235999924131,205,4095,735,288
979.9347999505699,0,4095,816,299
980.9528999612667,0,4095,893,307
982.8788999584503,0,4095,962,323
984.0088000055403,0,4095,1035,336
985.2250999538228,0,4095,1103,361
986.9565999833867,1324,4095,1170,382
988.8389999978244,2532,1716,944,368
990.0129999732599,3642,292,768,353
990.9840999753214,4095,0,675,349
992.8292999975383,4095,0,609,339
994.0340999746695,4095,0,546,335
995.1666999841109,4095,0,486,323
997.1090999897569,4095,0,434,308
997.8682999499142,2869,0,384,289
999.9615999986418,1712,1093,503,299
1001.1642999597825,4095,0,444,282
1002.2262999555096,4095,0,400,272
1003.2276999554597,4095,0,366,267
1004.9035999691114,4095,0,333,262
1006.0333999572322,4095,0,312,257
1007.0779999950901,4095,0,287,250
1008.8787999702618,2478,0,261,240
1010.1026999764144,1357,1918,477,265
1011.9100000010803,451,3468,659,281
1013.0242999875918,0,4095,781,290
1014.1817999538034,0,4095,859,302
1015.9471999504603,0,4095,932,314
1017.0154999941587,0,4095,999,333
1018.0618999875151,0,4095,1072,349
1019.8871999746189,781,4095,1142,371
1021.116699965205,2128,2515,997,367
1022.8519999654964,3214,656,811,351
1023.9809000049718,4095,0,683,343
1024.999899964314,4095,0,617,341
1026.8194999662228,4095,0,556,335
1027.9337999527343,4095,0,496,323
1029.0283999638632,4095,0,445,311
1030.9177999733947,3552,0,395,295
1031.9237999501638,2102,0,397,287
1033.8427999522537,1035,2443,615,304
1035.037299967371,4095,0,463,286
1036.1531999660656,4095,0,416,278
1037.1446999488398,4095,0,374,270
1038.7841999763623,4095,0,340,265
1040.0186000042595,4095,0,314,257
1041.048699989915,2918,0,282,246
1042.9265999700874,1770,1072,419,260
1044.0159999998286,752,2981,621,279
1045.9549999795854,0,4095,767,291
1046.8679000041448,0,4095,847,301
1048.0879999813624,0,4095,919,309
1049.8663999605924,0,4095,987,326
1051.1220999760553,0,4095,1060,342
1053.0430999933742,137,4095,1127,367
1054.4045999995433,1712,4095,1145,378
1055.8913999702781,2877,1210,902,361
1057.1002999786288,4057,0,731,348
1058.1699999747798,4095,0,656,346
1059.9360999767669,4095,0,592,338
1060.9552999958396,4095,0,531,330
1062.0147999725305,4095,0,477,320
1063.8784999609925,4095,0,423,304
1064.9384999996983,2512,0,370,283
1066.0575999645516,1378,1923,575,302
1067.8223999566399,4095,0,453,286
1068.977399962023,4095,0,407,279
1070.001299958676,4095,0,369,271
1071.8944999971427,4095,0,336,265
1072.9620999773033,4095,0,311,258
1074.0311999688856,3581,0,286,248
1075.8617999963462,2131,9,306,249
1077.0505999680609,1034,2465,540,271
1078.8231999613345,203,4095,720,288
1079.8851999570616,0,4095,809,294
1080.7757999864407,0,4095,883,305
1081.9013000000268,0,4095,956,321
1083.882899954915,0,4095,1023,335
1085.1316999760456,0,4095,1093,358
1087.0504999766126,1246,4095,1166,379
1088.0656999652274,2470,1712,939,363
1089.9206000030972,3543,286,765,350
1090.980999986641,4095,0,670,347
1092.8118999581784,4095,0,603,342
1093.7532999669202,4095,0,543,334
1094.8311999673024,4095,0,484,322
1095.8903999999166,4095,0,433,307
1097.8332999511622,2944,0,383,292
1098.8667999627069,1774,922,488,297
1100.8149999543093,4095,0,439,282
1101.7924000043422,4095,0,400,274
1102.9037999687716,4095,0,364,270
1103.9159999927506,4095,0,333,263
1105.9254999854602,4095,0,308,260
1106.8825999973342,4095,0,288,253
1107.9835999989882,2501,0,258,240
1109.9069999763742,1385,1856,467,266
1111.0828999662772,469,3397,656,279
1112.8956999746151,0,4095,777,291
1114.0963999787346,0,4095,853,304
1115.2065999922343,0,4095,927,317
1116.8381999596022,0,4095,997,330
1117.9229999543168,0,4095,1069,350
1119.8234999901615,722,4095,1137,371
1121.3505999767222,2096,2735,1015,368
1123.2070999685675,3191,733,821,355
1124.496599950362,4095,0,689,347
1125.8360999636352,4095,0,623,347
1127.211399958469,4095,0,560,336
1128.374999971129,4095,0,496,325
1129.5492999488488,4095,0,447,313
1130.6650000042282,3602,0,398,298
1132.0621999911964,2165,0,390,287
1133.2880999543704,1060,2416,613,304
1134.9474999587983,4095,0,462,289
1136.0796999651939,4095,0,418,281
1137.4113999772817,4095,0,375,272
1139.0966000035405,4095,0,343,265
1139.9002999532968,4095,0,317,261
1141.1708999658003,2943,0,285,247
1142.9563999990933,1771,966,409,262
1144.2903999704868,734,2926,610,278
1145.4986999742687,2,4095,765,292
1146.9853000016883,0,4095,845,302
1148.1666999752633,0,4095,917,314
1149.1847999859601,0,4095,982,328
1150.9879999794066,0,4095,1056,346
1152.010399964638,50,4095,1125,368
1153.9013999863528,1649,4095,1137,378
1155.1626999862492,2819,1207,897,364
1156.9776999531314,3981,0,728,349
1157.9143999842927,4095,0,658,349
1158.9633999974467,4095,0,591,338
1160.9404999762774,4095,0,529,330
1161.9087999570183,4095,0,473,319
1162.9241000046022,4095,0,424,304
1164.795699995011,2550,0,371,286
1165.9820000058971,1424,1793,563,302
1167.8199999732897,507,3351,731,314
1168.9254999510013,4095,0,505,289
1169.9852999881841,4095,0,454,281
1170.9869999904186,4095,0,406,272
1172.9169999598525,4095,0,367,259
1173.856999957934,3719,0,331,254
1174.9994999845512,2200,0,331,253
1176.8598000053316,1079,2429,565,273
1177.9392999596894,238,4075,743,291
1179.7824999666773,0,4095,829,299
1180.898399965372,0,4095,903,309
1181.9422999978997,0,4095,976,323
1183.8399999542162,0,4095,1042,338
1184.9104999564588,0,4095,1107,358
1186.8027999880724,1194,4095,1178,385
1188.0887000006624,2438,1821,961,368
1189.864099957049,3527,339,784,355
1191.0325000062585,4095,0,687,350
1192.061499983538,4095,0,615,343
1193.9210999989882,4095,0,557,336
1195.0941999675706,4095,0,496,331
1195.938999997452,4095,0,445,310
1198.001699987799,2955,0,390,293
1199.0002999664284,1778,941,495,299
1200.8779000025243,736,2917,685,307
1202.00130000012,4095,0,490,293
1202.801899984479,4095,0,439,282
1204.1632999898866,4095,0,397,275
1205.9171999571845,4095,0,360,267
1206.938999996055,4095,0,327,258
1207.9845999833196,2559,0,291,245
1209.9215000052936,1443,1827,494,270
1211.137999955099,496,3413,677,285
1212.993799999822,0,4095,798,297
1213.8530999654904,0,4095,874,304
1215.087799995672,0,4095,944,320
1216.8966999743134,0,4095,1008,330
1218.0103999562562,0,4095,1083,353
1219.976799970027,662,4095,1151,375
1220.945099950768,2045,2794,1040,370
1222.959799983073,3136,746,832,356
1223.9826999721117,4095,0,700,351
1225.0620999839157,4095,0,631,345
1226.9236999563873,4095,0,570,336
1227.9645999660715,4095,0,508,326
1229.1395000065677,4095,0,454,315
1230.848099978175,3773,0,403,299
1231.964299979154,2220,0,383,287
1232.9237999510951,1081,2369,611,304
1234.8096999921836,4095,0,464,289
1236.067899968475,4095,0,417,279
1237.60409996612,4095,0,375,272
1238.9491999638267,4095,0,343,266
1239.9699999950826,4095,0,316,264
1240.9847999806516,2998,0,285,256
1242.9020999697968,1828,873,400,259
1243.9457000000402,783,2871,601,278
1245.8915999741293,34,4095,759,292
1246.9544999767095,0,4095,838,301
1247.9658999945968,0,4095,912,310
1249.1969999973662,0,4095,982,325
1250.966099963989,0,4095,1055,343
1251.9835999701172,0,4095,1122,365
1253.9810999878682,1615,4095,1149,377
1255.0886999815702,2795,1235,902,361
1256.9314999855123,3942,14,733,350
1258.0969999544322,4095,0,657,347
1259.8609999986365,4095,0,592,339
1260.9751999843866,4095,0,535,330
1262.1619999990799,4095,0,475,320
1262.9766999743879,4095,0,423,304
1264.88099998096,2559,0,372,283
1265.8629999496043,1447,1827,566,303
1267.8586999536492,4095,0,454,285
1268.9010999747552,4095,0,406,278
1269.9272999889217,4095,0,368,271
1270.9796999697573,4095,0,336,265
1272.8354999562725,4095,0,315,259
1273.882399953436,3789,0,287,251
1274.9420999898575,2227,0,283,246
1276.8910999875516,1088,2378,528,271
1278.0612999922596,265,3981,709,288
1279.8425999935716,0,4095,801,295
1280.869599955622,0,4095,880,304
1281.9686000002548,0,4095,951,320
1283.8653999497183,0,4095,1017,336
1284.8879999946803,0,4095,1089,354
1286.8517999886535,1175,4095,1161,377
1288.0573999718763,2416,1891,951,365
1289.999699976761,3507,381,774,350
1290.8984999521635,4095,0,673,345
1292.043299996294,4095,0,607,338
1293.988699966576,4095,0,546,334
1294.9765999801457,4095,0,487,322
1296.0455999709666,4095,0,436,306
1297.8350999765098,3055,0,386,291
1299.022299994249,1833,772,474,294
1301.0351999546401,785,2818,669,307
1302.039899979718,4095,0,483,290
1303.0580999911763,4095,0,432,282
1303.9111999678425,4095,0,391,272
1305.8979999623261,4095,0,355,266
1306.9915999658406,4095,0,323,257
1307.9990999540314,2598,0,289,247
1309.9493999616243,1473,1689,481,268
1311.067099974025,530,3323,665,284
1312.9000999615528,0,4095,791,294
1314.0025999746285,0,4095,866,304
1315.1482999674045,0,4095,941,318
1316.9329999946058,0,4095,1006,335
1317.9607999627478,0,4095,1077,353
1319.9080000049435,629,4095,1147,374
1320.9978999802843,2013,2928,1047,370
1322.9894999531098,3129,823,843,359
1324.1303999675438,4095,0,703,351
1325.0495999818668,4095,0,634,348
1326.9011999946088,4095,0,572,336
1327.8581000049599,4095,0,507,333
1329.102999996394,4095,0,457,314
1331.028399989009,3861,0,404,299
1331.886800006032,2223,0,379,288
1332.9196999548003,1097,2351,609,304
1334.7995999502018,4095,0,464,286
1335.90639999602,4095,0,417,281
1336.9144999887794,4095,0,376,272
1338.7992999632843,4095,0,340,265
1339.9087999714538,4095,0,315,257
1340.9082999569364,3026,0,283,245
1342.8254000027664,1841,737,387,257
1343.9884999534115,786,2831,593,275
1345.8940999698825,43,4095,755,290
1346.9355999841355,0,4095,835,300
1347.866799973417,0,4095,911,309
1349.8099999851547,0,4095,981,326
1350.8653999888338,0,4095,1051,341
1351.9222000031732,0,4095,1119,364
1353.8357999641448,1595,4095,1162,378
1354.9401999916881,2774,1301,912,361
1356.8954999791458,3943,64,741,349
1357.8770000021905,4095,0,662,347
1358.9554999489337,4095,0,594,338
1360.8486999874003,4095,0,538,331
1361.9862999767065,4095,0,480,320
1363.2977999513969,4095,0,430,304
1364.9204999674112,2636,0,373,287
1365.8980999607593,1502,1711,560,302
1367.750099976547,4095,0,450,281
1368.838299997151,4095,0,407,278
1369.9069999856874,4095,0,369,270
1370.9603999741375,4095,0,337,266
1372.9247999726795,4095,0,313,261
1373.9982999977656,3901,0,286,251
1375.1024999655783,2224,0,261,244
1376.952899969183,1115,2268,505,269
1378.105699957814,278,3801,690,285
1379.9049999797717,0,4095,790,293
1380.8739999658428,0,4095,870,304
1381.9523999700323,0,4095,944,318
1384.066200000234,0,4095,1008,336
1385.169999965001,0,4095,1082,352
1386.806099966634,1122,4095,1152,378
1388.0187000031583,2382,1890,944,366
1389.905899995938,3461,393,773,353
1390.9437999827787,4095,0,669,348
1391.9752999790944,4095,0,603,341
1393.8374999561347,4095,0,545,336
1394.886799971573,4095,0,484,323
1395.9450999973342,4095,0,433,308
1397.8149999747984,3063,0,384,290
1398.8959999987856,1863,741,468,295
1400.865099974908,819,2818,663,306
1401.9728999701329,4095,0,480,289
1402.9314999934286,4095,0,432,279
1403.9878000039607,4095,0,388,272
1405.9388999594375,4095,0,354,265
1406.884700001683,4095,0,322,256
1408.0362999811769,2651,0,288,242
1409.9545999779366,1508,1665,477,267
1411.0887999995612,561,3291,661,282
1412.885500001721,0,4095,785,291
1414.005599974189,0,4095,865,304
1414.909399987664,0,4095,939,316
1416.9310999568552,0,4095,1006,331
1418.015499948524,0,4095,1077,351
1420.0316999922507,542,4095,1147,371
1420.9663999499753,1953,3054,1057,368
1422.904799983371,3061,848,848,357
1423.9917999948375,4095,0,705,349
1425.0998999923468,4095,0,635,342
1426.8934999709018,4095,0,575,336
1427.9824999975972,4095,0,510,331
1429.0070999995805,4095,0,459,314
1431.0400999966078,3952,0,406,301
1431.8404999794438,2247,0,371,287
1433.0315999686718,1146,2295,601,304
1434.933699958492,4095,0,463,289
1436.0655999626033,4095,0,415,281
1436.9089999818243,4095,0,374,272
1438.9637999702245,4095,0,343,263
1439.9764999980107,4095,0,317,256
1441.0248000058345,3135,0,285,249
1442.909499979578,1905,615,371,256
1444.0202999976464,839,2781,586,274
1445.8899999735877,81,4095,752,291
1446.8988999724388,0,4095,832,302
1447.920799953863,0,4095,906,311
1449.2080999771133,0,4095,976,324
1450.9283999796025,0,4095,1047,341
1452.0736999693327,0,4095,1116,366
1454.007099964656,1535,4095,1157,379
1455.059700005222,2734,1307,905,363
1456.9618999958038,3857,44,736,350
1457.9796000034548,4095,0,659,347
1459.898200002499,4095,0,593,341
1460.9576999791898,4095,0,531,332
1461.9122999720275,4095,0,479,321
1462.9841999849305,4095,0,428,306
1464.9199999985285,2659,0,373,290
1466.0003999597393,1506,1535,544,302
1467.8729999577627,4095,0,448,280
1468.8943999935873,4095,0,404,276
1469.877399969846,4095,0,366,270
1471.0553999757394,4095,0,335,263
1472.9621000005864,4095,0,311,261
1473.9078999846242,4043,0,286,254
1474.9782999861054,2263,0,278,250
1476.865499978885,1153,2336,525,272
1478.0366999912076,299,3958,705,290
1479.803299997002,0,4095,800,297
1480.8944999822415,0,4095,877,304
1482.1230999659747,0,4095,945,320
1483.884899993427,0,4095,1014,335
1484.9420999526046,0,4095,1087,354
1487.293199985288,1049,4095,1158,378
1489.1617999528535,2330,2105,970,368
1490.302599966526,3405,479,790,353
1491.332399949897,4095,0,682,351
1492.2986999736167,4095,0,613,341
1493.9257999649271,4095,0,551,336
1494.8672999744304,4095,0,494,325
1495.8860999904573,4095,0,441,310
1497.9070999543183,3174,0,389,295
1498.9019999629818,1906,679,465,295
1500.8068999741226,850,2787,663,310
1501.8615999724716,4095,0,480,287
1503.0414999928325,4095,0,432,276
1503.9932999643497,4095,0,387,272
1505.8853999944404,4095,0,352,265
1506.972200004384,4095,0,323,257
1508.036799961701,2672,0,288,246
1509.978499962017,1535,1474,462,270
1511.152699997183,576,3154,651,283
1512.94299995061,0,4095,784,293
1513.921899953857,0,4095,859,303
1515.0095999706537,0,4095,934,318
1516.8494999525137,0,4095,1003,333
1517.9898999631405,0,4095,1072,349
1519.860400003381,463,4095,1139,374
1521.0160999558866,1923,3022,1055,371
1522.9551999946125,3041,851,839,356
1523.9799999981187,4095,0,703,349
1525.0206000055186,4095,0,633,346
1526.7998999916017,4095,0,570,336
1527.9555000015534,4095,0,509,329
1528.964500001166,4095,0,458,316
1530.8563999715261,4042,0,402,301
1531.9463000050746,2279,0,358,285
1533.0460999975912,1169,2227,592,304
1534.9320999812335,4095,0,457,283
1535.9990999568254,4095,0,411,277
1537.0058999978937,4095,0,371,269
1538.9442999730818,4095,0,337,261
1539.9507999536581,4095,0,314,256
1540.9740000031888,3180,0,283,246
1542.8614999982528,1931,623,374,254
1544.0346999675967,866,2768,587,274
1545.9334999904968,110,4095,752,290
1546.84649995761,0,4095,832,298
1547.889799985569,0,4095,909,309
1549.82909996761,0,4095,976,323
1550.826299993787,0,4095,1047,340
1551.975299953483,0,4095,1115,363
1553.9024999598041,1508,4095,1185,382
1555.8181999949738,2692,1418,928,366
1556.8829999538139,3829,112,753,351
1557.9391999635845,4095,0,673,350
1559.8200999666005,4095,0,605,345
1560.952499974519,4095,0,546,335
1561.989999958314,4095,0,486,325
1563.8275999808684,4095,0,433,307
1564.8683999897912,2690,0,382,291
1565.970700001344,1559,1511,549,304
1567.8330999799073,4095,0,452,285
1568.882499996107,4095,0,403,279
1569.898199988529,4095,0,369,272
1571.8278999556787,4095,0,336,268
1573.0447999667376,4095,0,314,260
1573.904799995944,4095,0,288,254
1575.7762999855913,2318,0,258,245
1576.9279999658465,1200,2224,502,270
1578.7817999953404,336,3760,688,287
1579.8880999791436,0,4095,787,294
1580.8781999512576,0,4095,870,305
1581.9157999940217,0,4095,944,318
1583.8523999555036,0,4095,1008,335
1584.9236999638379,0,4095,1081,354
1586.8857000023127,1012,4095,1152,379
1587.9601999768056,2301,2103,964,368
1589.9078999646008,3375,496,786,355
1590.9477999666706,4095,0,675,347
1592.8030999493785,4095,0,607,340
1593.8504999503493,4095,0,550,334
1594.9923999723978,4095,0,491,323
1595.9431999945082,4095,0,438,311
1597.924100002274,3233,0,387,295
1599.1388999973424,1951,543,451,295
1600.8633999736048,4095,0,432,281
1602.0971999969333,4095,0,390,274
1603.0630999593996,4095,0,355,272
1604.1254999581724,4095,0,326,262
1605.8838999597356,4095,0,306,263
1606.9687999552116,4095,0,286,253
1607.8731999732554,2704,0,258,243
1609.878999995999,1577,1420,432,262
1610.891999967862,605,3121,623,277
1612.810799968429,0,4095,759,289
1613.8739999732934,0,4095,842,299
1614.8762999800965,0,4095,913,314
1616.7946999776177,0,4095,983,327
1617.8841999499127,0,4095,1061,346
1619.8122999630868,455,4095,1128,369
1620.9066999726929,1904,3174,1057,368
1622.7942999685183,3024,898,843,357
1623.9723999751732,4095,0,696,349
1624.9143999884836,4095,0,629,343
1626.8057999550365,4095,0,566,336
1627.9140999540687,4095,0,505,325
1628.991599951405,4095,0,453,316
1630.0454000011086,4095,0,403,301
1631.9246999919415,2323,0,357,285
1633.049600000959,1208,2189,588,304
1634.9195999791846,4095,0,453,287
1635.941999964416,4095,0,410,278
1636.9912999798544,4095,0,369,270
1638.78769997973,4095,0,336,266
1640.0011999648996,4095,0,310,257
1640.9510999801569,3260,0,283,250
1642.8057999582961,1979,477,359,257
1643.9438999514095,906,2687,573,273
1645.920799986925,115,4095,749,289
1646.9196999678388,0,4095,829,298
1647.9046999593265,0,4095,902,309
1649.8119999887422,0,4095,973,322
1650.8574999752454,0,4095,1042,341
1651.9967999774963,0,4095,1109,361
1654.0643000043929,1455,4095,1177,380
1655.949399981182,2635,1453,927,367
1656.921899993904,3739,129,752,352
1658.1284999847412,4095,0,670,350
1659.942600002978,4095,0,602,341
1660.8607999514788,4095,0,543,336
1662.125799979549,4095,0,484,323
1663.917500001844,4095,0,432,307
1664.8560999892652,2704,0,381,289
1666.238699981477,1571,1387,533,302
1667.9594999877736,4095,0,448,283
1669.0382999950089,4095,0,402,278
1670.1303999871016,4095,0,368,271
1671.998999954667,4095,0,336,266
1672.7884999709204,4095,0,313,261
1673.9346999675035,4095,0,288,253
1674.892799986992,2351,0,260,243
1677.0057999528944,1247,2144,496,270
1678.8844999973662,377,3664,678,285
1679.9016000004485,0,4095,786,295
1680.95439998433,0,4095,865,305
1682.033799996134,0,4095,938,320
1683.9425999787636,0,4095,1007,335
1685.0411999621429,0,4095,1076,352
1686.8065999587998,978,4095,1150,375
1687.858299992513,2275,2185,971,367
1689.8102999548428,3345,541,790,355
1690.871500002686,4095,0,677,349
1691.9602999696508,4095,0,612,342
1693.9001999562606,4095,0,550,336
1694.930800003931,4095,0,491,322
1695.9262999589555,4095,0,439,310
1697.8605999611318,3293,0,389,294
1698.9054000005126,1988,431,442,292
1700.0618999591097,919,2671,647,305
1701.8201999599114,4095,0,471,278
1702.9341000015847,4095,0,423,274
1703.9210999500938,4095,0,384,267
1705.8020999538712,4095,0,347,262
1706.8905999767594,4095,0,321,251
1707.8772999811918,2727,0,287,242
1709.8735999898054,1608,1421,452,261
1710.9653999796137,621,3119,638,276
1712.8493000054732,0,4095,779,290
1713.8488999917172,0,4095,853,301
1715.0252999854274,0,4095,928,315
1716.848799958825,0,4095,995,326
1717.9624999989755,0,4095,1069,346
1719.8567999876104,323,4095,1136,369
1720.9648999851197,1847,3376,1082,369
1722.9250999516807,2989,950,859,358
1723.916899994947,4095,0,709,350
1725.0999999814667,4095,0,640,345
1726.9069000030868,4095,0,576,337
1727.9063999885693,4095,0,511,330
1729.034599964507,4095,0,462,317
1730.9309999691322,4095,0,410,301
1731.910099973902,2364,0,363,282
1732.8874999657273,1249,2096,583,302
1734.8100999952294,4095,0,458,286
1735.8249999815598,4095,0,409,279
1736.898899951484,4095,0,371,272
1738.940899958834,4095,0,339,267
1739.9222999811172,4095,0,311,259
1740.9738999558613,3327,0,283,250
1742.918899981305,2008,390,351,257
1744.0153999486938,922,2673,572,272
1745.9129999624565,144,4095,746,291
1746.9320999807678,0,4095,825,303
1748.017699981574,0,4095,900,310
1749.7682999819517,0,4095,973,323
1750.9553999989294,0,4095,1042,339
1752.013299963437,0,4095,1106,363
1753.9659999893047,1418,4095,1175,384
1755.8494999539107,2623,1520,931,366
1756.9301999756135,3723,178,759,352
1758.010599995032,4095,0,671,349
1759.7700000042096,4095,0,605,340
1760.9064999851398,4095,0,544,334
1761.9489000062458,4095,0,484,325
1763.890000001993,4095,0,432,309
1764.8306000046432,2771,0,381,289
1765.99189999979,1623,1344,528,301
1767.839099979028,4095,0,448,283
1768.8415999873541,4095,0,402,278
1769.8984000016935,4095,0,368,272
1771.7628999962471,4095,0,336,267
1772.88869995391,4095,0,311,262
1774.0549999871291,4095,0,288,254
1775.0024999841116,2370,0,262,242
1776.8951999605633,1255,2109,496,269
1778.8112999987788,375,3678,683,287
1779.8482999787666,0,4095,787,294
1780.9308999567293,0,4095,867,307
1781.9494999712333,0,4095,941,320
1783.841600001324,0,4095,1008,333
1784.9455999676138,0,4095,1078,353
1786.8828999926336,906,4095,1151,374
1787.9664999782108,2215,2352,987,368
1789.8503000033088,3306,589,803,353
1790.903499990236,4095,0,685,351
1791.960799950175,4095,0,617,343
1793.9614999922924,4095,0,557,336
1794.8943999945186,4095,0,496,324
1795.92559998855,4095,0,445,309
1797.8149999980815,3367,0,394,295
1798.9019999513403,2009,344,435,292
1800.8153999689966,934,2637,643,305
1801.8448999500833,4095,0,473,287
1802.8983999975026,4095,0,427,279
1803.9682999951765,4095,0,384,272
1805.855699989479,4095,0,351,265
1806.866099999752,4095,0,320,257
1807.9303999547847,2793,0,289,245
1809.8375999834388,1647,1200,433,259
1810.9663999639452,638,3040,629,277
1812.8128999960609,0,4095,773,291
1813.826399971731,0,4095,850,300
1814.957799972035,0,4095,927,314
1816.8272000038996,0,4095,993,329
1817.8985999547876,0,4095,1066,348
1819.746799999848,290,4095,1135,368
1820.9308999939822,1806,3450,1085,371
1822.8227999643423,2939,983,863,356
1823.93959996989,4095,0,709,349
1824.8563999659382,4095,0,641,345
1826.8267999519594,4095,0,576,337
1828.1710000010207,4095,0,511,329
1829.542199964635,4095,0,464,317
1830.183699959889,4095,0,412,301
1831.8717999500223,2410,0,363,282
1832.9388999845833,1286,2039,579,303
1834.829700004775,4095,0,452,287
1835.8925999491476,4095,0,407,279
1836.9470000034198,4095,0,368,272
1838.8865999877453,4095,0,336,263
1840.2319999877363,4095,0,313,256
1841.4580999524333,3275,0,284,245
1843.479799979832,2007,231,335,253
1847.6940999971703,935,2603,561,272
1848.6753999604844,155,4095,743,288
1849.4976999936625,0,4095,821,299
1850.382599979639,0,4095,895,308
1851.5448999824002,0,4095,967,323
1852.4754999671131,0,4095,1040,339
1853.1635999679565,0,4095,1104,358
1853.868899983354,1370,4095,1175,384
1854.9792999983765,2559,1588,935,364
1856.9592999992892,3693,215,763,352
1857.888299971819,4095,0,672,347
1859.8354999558069,4095,0,606,342
1860.9632999869063,4095,0,545,333
1862.1299999649636,4095,0,486,321
1863.8821999775246,4095,0,435,307
1864.9514999706298,2832,0,383,289
1866.0051999613643,1670,1232,511,299
1867.9107999778353,4095,0,447,281
1868.9727999735624,4095,0,404,275
1869.9754999834113,4095,0,367,272
1871.86469999142,4095,0,335,263
1872.9231999604963,4095,0,314,261
1873.9524999982677,4095,0,287,251
1875.1606000005268,2417,0,258,240
1877.1506999619305,1296,2026,487,266
1878.8196999812499,407,3568,671,283
1879.8506999737583,0,4095,783,290
1880.933099950198,0,4095,862,303
1881.9508999586105,0,4095,934,315
1883.868100005202,0,4095,1003,330
1884.864799969364,0,4095,1074,350
1886.832999996841,831,4095,1143,372
1887.9098999896087,2164,2425,990,364
1889.8302000015974,3250,623,806,351
1890.8347999677062,4095,0,684,346
1891.914599982556,4095,0,615,343
1893.9612999674864,4095,0,557,336
1894.9261999805458,4095,0,496,323
1896.046799956821,4095,0,447,311
1897.8464999818243,3403,0,394,292
1898.876199964434,2045,261,427,289
1900.8010999532416,960,2608,638,304
1902.0032999687828,4095,0,470,285
1902.9139999765903,4095,0,423,277
1903.9769999799319,4095,0,382,270
1906.0085999662988,4095,0,347,261
1907.0113999769092,4095,0,320,257
1907.999299990479,2847,0,286,243
1909.972099994775,1701,1255,435,262
1911.1596999573521,694,3027,627,277
1912.882799981162,0,4095,775,290
1913.8725999509916,0,4095,849,300
1914.9405999924056,0,4095,926,314
1916.9000999536365,0,4095,991,324
1917.9014999535866,0,4095,1069,345
1919.7816999512725,205,4095,1133,368
1920.995499996934,1765,3730,1104,371
1922.925499966368,2911,1023,871,357
1923.905499977991,4095,0,715,347
1924.9260999495164,4095,0,645,345
1926.8495999858715,4095,0,581,337
1927.9669999959879,4095,0,526,327
1929.012899985537,4095,0,464,315
1930.8173999888822,4095,0,415,302
1931.9538999698125,2432,0,368,283
1933.0384999630041,1307,2025,579,304
1934.8944999510422,4095,0,458,288
1935.9561000019312,4095,0,411,278
1937.0613999781199,4095,0,369,272
1938.867199991364,4095,0,336,263
1939.837699988857,4095,0,314,259
1941.0139999818057,3467,0,285,250
1942.8338999859989,2077,126,320,252
1943.9221999491565,977,2544,555,272
1945.897099969443,180,4095,733,290
1946.980899956543,0,4095,816,299
1948.000599979423,0,4095,893,309
1949.8980999924242,0,4095,962,323
1951.0427999775857,0,4095,1035,338
1952.03169999877,0,4095,1102,363
1954.0860999841243,1318,4095,1170,385
1955.858699977398,2535,1663,939,368
1956.946499994956,3648,249,764,353
1958.0074999830686,4095,0,674,352
1959.907199954614,4095,0,605,346
1960.9423999791034,4095,0,544,336
1962.0057999854907,4095,0,485,324
1963.894899992738,4095,0,433,307
1964.9359000031836,2846,0,384,293
1966.050599992741,1687,1138,506,302
1967.9718999541365,4095,0,446,283
1969.1329000052065,4095,0,406,278
1970.0586999533698,4095,0,368,271
1971.9795999699272,4095,0,335,265
1973.1467999517918,4095,0,311,261
1974.1390999988653,4095,0,287,253
1975.9126999997534,2457,0,259,241
1976.8425999791361,1343,1968,481,263
1979.0390999987721,435,3504,663,279
1979.8789999913424,0,4095,784,285
1981.0081999748945,0,4095,859,302
1981.9369000033475,0,4095,936,314
1983.9853000012226,0,4095,1003,329
1984.9716000026092,0,4095,1072,349
1986.9507999974303,804,4095,1142,370
1988.2957999943756,2134,2518,999,367
1990.0478000054136,3216,668,811,352
1991.2557000061497,4095,0,688,346
1992.42329999106,4095,0,620,338
1994.0252999658696,4095,0,559,336
1995.7305999705568,4095,0,499,323
1996.913799957838,4095,0,447,311
1998.1199000030756,3451,0,398,294
1998.9485999685712,2082,111,411,287
1999.9849000014365,4095,0,427,278
2001.9622999825515,4095,0,387,273
2002.9340999899432,4095,0,354,267
2003.9818999939598,4095,0,326,260
2006.029199983459,4095,0,307,259
2006.8388999789022,4095,0,288,252
2008.0460999743082,2896,0,259,243
2009.9617999512702,1729,1131,401,258
2010.9756999881938,720,2963,599,273
2012.9437999567017,0,4095,752,288
2014.3146999762394,0,4095,832,299
2015.0474999682046,0,4095,910,311
2016.9081999920309,0,4095,977,323
2018.1213999749161,0,4095,1051,343
2018.9104999881238,173,4095,1120,366
2020.9790999651887,1733,3963,1106,374
2022.8908999706618,2885,1117,877,359
2023.9430999499746,4086,0,710,350
2024.9503999948502,4095,0,642,343
2026.9332999596372,4095,0,579,337
2027.9340999550186,4095,0,511,325
2029.0406999993138,4095,0,464,317
2030.913700000383,4095,0,414,303
2031.8194999708794,2480,0,366,285
2032.9918999923393,1363,1934,573,301
2034.8158999695443,4095,0,453,284
2035.9590000007302,4095,0,409,273
2037.0117999846116,4095,0,368,272
2038.8722999487072,4095,0,336,264
2039.8872999940068,4095,0,311,259
2040.9652999951504,3555,0,287,247
2042.0627999701537,2117,0,305,250
2043.9731999649666,1014,2469,542,272
2045.8533999626525,220,4083,720,287
2047.0059999497607,0,4095,811,298
2047.9395999573171,0,4095,886,307
2048.938099993393,0,4095,959,321
2050.8860999834724,0,4095,1023,336
2051.910499983933,0,4095,1093,357
2053.901999955997,1274,4095,1168,382
2054.957599961199,2509,1718,941,363
2056.9029999896884,3599,289,766,350
2057.9845999600366,4095,0,671,347
2059.029299998656,4095,0,603,340
2060.889499960467,4095,0,543,332
2061.9321999838576,4095,0,483,321
2063.0163999740034,4095,0,434,305
2064.901599951554,2925,0,383,288
2065.8791000023484,1747,1015,496,298
2067.8804999915883,4095,0,443,285
2068.876299948897,4095,0,401,277
2069.975099992007,4095,0,366,269
2070.9873999585398,4095,0,333,263
2072.9137999587692,4095,0,314,261
2074.2779999854974,4095,0,289,254
2075.260999961756,2499,0,259,240
2076.962499995716,1369,1905,475,266
2077.974699961487,461,3454,658,279
2079.8637999687344,0,4095,778,290
2080.9776999522,0,4095,857,303
2081.9663999718614,0,4095,931,315
2083.9276000042446,0,4095,1001,331
2084.892199956812,0,4095,1073,349
2086.9042999693193,738,4095,1139,369
2087.9512999672443,2113,2610,1007,365
2089.9062999524176,3211,715,817,352
2090.9613999538124,4095,0,688,346
2091.9903999892995,4095,0,622,343
2094.0362999681383,4095,0,559,336
2094.9632999836467,4095,0,498,326
2095.9871999803,4095,0,448,310
2097.894499951508,3610,0,398,297
2098.9326999988407,2131,112,414,291
2100.9054000023752,1038,2513,627,305
2101.869199948851,4095,0,468,289
2103.0373999965377,4095,0,422,279
2104.896100005135,4095,0,381,271
2105.840799980797,4095,0,347,266
2106.886899971869,4095,0,319,258
2107.9646999714896,2907,0,285,245
2109.8680999712087,1753,1071,419,262
2111.823299957905,719,2949,618,278
2112.87979996996,0,4095,767,290
2114.341799984686,0,4095,848,302
2116.1191999563016,0,4095,917,313
2117.679099959787,0,4095,989,324
2118.4610999771394,0,4095,1061,345
2119.7427999577485,90,4095,1127,368
2120.8428999525495,1691,4095,1127,373
2122.8657999890856,2843,1168,891,359
2123.8394999527372,4030,0,720,349
2124.8916999902576,4095,0,653,346
2126.8742999527603,4095,0,587,336
2127.8644999838434,4095,0,529,331
2128.8481999654323,4095,0,469,315
2130.8593999710865,4095,0,421,303
2131.8032999988645,2516,0,369,283
2132.970699982252,1393,1856,568,302
2134.826199966483,4095,0,454,278
2135.833799955435,4095,0,408,273
2136.934499954805,4095,0,370,269
2138.889499998186,4095,0,338,263
2139.908999961335,4095,0,315,258
2141.0415999707766,3703,0,285,250
2142.799399967771,2174,0,290,247
2144.82109999517,1074,2393,529,270
2146.8748999759555,254,3984,709,289
2147.8588999598287,0,4095,802,295
2149.5361999841407,0,4095,880,307
2151.502699998673,0,4095,949,320
2153.7170999799855,0,4095,1021,336
2156.166700005997,0,4095,1090,357
2158.291600004304,1254,4095,1161,381
2160.361499991268,2480,1714,935,362
2161.7662999778986,3570,288,761,349
2163.963300001342,4095,0,666,346
2167.140899982769,4095,0,602,340
2170.441599970218,4095,0,543,334
2175.297199981287,4095,0,482,320
2180.403499980457,4095,0,432,305
2185.054300003685,2943,0,381,288
2188.441999955103,1776,992,494,295
2191.537399950903,4095,0,439,282
2193.2619999861345,4095,0,399,275
2195.3021999797784,4095,0,362,270
2197.739699971862,4095,0,334,263
2200.490399962291,4095,0,310,261
2203.5756999976,4095,0,285,253
2206.676099973265,2533,0,258,241
2210.0592000060715,1405,1804,464,264
2213.446599955205,490,3350,649,276
2216.667699976824,0,4095,774,290
2219.7132000001147,0,4095,850,301
2222.451799956616,0,4095,925,313
2225.1913999789394,0,4095,992,327
2227.7842999901623,0,4095,1069,348
2230.2028999547474,708,4095,1136,369
2232.2781999828294,2070,2642,1007,367
2234.394799976144,3170,736,816,350
2235.8110999921337,4095,0,688,346
2237.3476999928243,4095,0,624,339
2239.217199967243,4095,0,558,331
2241.1737999645993,4095,0,496,323
2243.222999968566,4095,0,446,310
2243.947799957823,3745,0,396,295
2244.504699949175,2163,0,384,285
2245.3238999587484,1070,2390,609,302
2246.381399978418,4095,0,464,286
2247.5465000024997,4095,0,417,277
2249.2197999963537,4095,0,375,272
2249.7311999904923,4095,0,343,262
2250.0221999944188,4095,0,320,256
2250.307599955704,2959,0,288,249
2250.5928999744356,1782,848,403,261
2250.8647999493405,746,2895,608,276
2251.177900005132,7,4095,762,292
2251.51549995644,0,4095,842,301
2251.8438999541104,0,4095,914,311
2252.1601999760605,0,4095,983,323
2252.982699952554,0,4095,1056,341
2254.0965999942273,16,4095,1123,363
2255.1841999520548,1648,4095,1151,378
2255.861299985554,2806,1239,903,361
2256.7370999604464,3965,15,735,350
2257.6917999540456,4095,0,658,347
2258.47859994974,4095,0,593,337
2259.193999983836,4095,0,534,331
2260.1244999677874,4095,0,474,318
2261.002099956386,4095,0,426,304
2262.109100003727,2559,0,374,282
2262.509299966041,1424,1871,574,299
2262.7895000041462,4095,0,454,282
2263.060499972198,4095,0,409,279
2263.328399974853,4095,0,368,272
2264.0714999870397,4095,0,338,265
2264.627499971539,4095,0,314,260
2264.9861999670975,3760,0,286,249
2265.4850999824703,2189,0,285,245
2266.0058999899775,1088,2371,528,270
2266.3655999931507,253,3975,707,287
2266.6739999549463,0,4095,802,292
2266.986599948723,0,4095,879,304
2267.266799986828,0,4095,947,320
2267.5897000008263,0,4095,1015,336
2267.915299977176,0,4095,1088,355
2268.2246000040323,1181,4095,1161,379
2268.841099983547,2434,1831,944,366
2269.258899963461,3517,363,771,352
2269.5217999862507,4095,0,671,347
2270.0523999519646,4095,0,605,339
2270.964399969671,4095,0,544,334
2272.517199977301,4095,0,485,321
2274.202600005083,4095,0,433,308
2275.6069999886677,3024,0,384,291
2276.4170999871567,1805,764,469,294
2276.8007999984547,775,2829,663,306
2277.1007999544963,4095,0,482,287
2277.3855999694206,4095,0,432,278
2277.8035999508575,4095,0,387,271
2278.077700000722,4095,0,353,262
2278.3221999998204,4095,0,322,256
2278.583799954504,2551,0,289,245
2278.911799949128,1443,1789,492,270
2279.265499964822,510,3362,671,283
2279.8713999800384,0,4095,791,294
2280.8321999618784,0,4095,866,304
2281.8684999947436,0,4095,943,318
2283.7957000010647,0,4095,1008,333
2284.953999973368,0,4095,1078,349
2286.8470999528654,630,4095,1150,373
2288.303299981635,2055,2802,1035,368
2290.0744999642484,3172,731,831,357
2291.5197999682277,4095,0,697,349
2292.0567999826744,4095,0,629,341
2293.879799952265,4095,0,565,336
2294.8193000047468,4095,0,505,327
2295.820700004697,4095,0,453,315
2297.8188999695703,3834,0,401,298
2298.966099973768,2219,0,371,287
2300.438199948985,1122,2320,599,304
2302.047199977096,4095,0,462,288
2303.002699976787,4095,0,415,279
2304.2580999899656,4095,0,371,272
2305.867099959869,4095,0,338,266
2306.767400004901,4095,0,314,256
2307.8659999882802,3041,0,284,247
2309.8202999681234,1846,731,385,257
2310.8502999530174,797,2823,592,274
2312.796199985314,34,4095,756,291
2314.6883999579586,0,4095,834,301
2316.403199976776,0,4095,911,309
2318.0794999934733,0,4095,977,326
2319.5544999907725,0,4095,1050,342
2320.919599966146,0,4095,1117,365
2322.3589999834076,1614,4095,1151,378
2322.9811000055633,2779,1269,901,361
2324.1589999524876,3943,9,733,350
2325.4591999575496,4095,0,657,346
2325.959599984344,4095,0,592,341
2327.8158999746665,4095,0,533,333
2328.8537999615073,4095,0,475,319
2329.8660999862477,4095,0,426,304
2331.8072999827564,2595,0,370,284
2332.8112000017427,1459,1725,560,303
2334.8239999613725,528,3341,727,311
2335.787199961487,4095,0,505,288
2336.91109996289,4095,0,449,281
2337.8433999605477,4095,0,405,272
2339.788099983707,4095,0,367,263
2340.917899971828,3810,0,329,253
2341.83219994884,2205,0,321,250
2343.8270000042394,1127,2329,553,272
2344.9497999972664,286,3929,727,286
2346.806599991396,0,4095,819,295
2347.8776999982074,0,4095,895,307
2348.95149996737,0,4095,966,321
2350.828900001943,0,4095,1040,336
2351.9109999760985,0,4095,1102,355
2353.8712000008672,1127,4095,1169,382
2354.912999959197,2384,1917,965,368
2356.828299991321,3475,400,786,353
2357.7980999834836,4095,0,685,349
2358.9117999654263,4095,0,619,342
2360.813499952201,4095,0,555,335
2361.860499950126,4095,0,496,325
2362.8937999601476,4095,0,443,309
2364.849299949128,3099,0,388,290
2365.8928999793716,1863,790,479,294
2367.8080999525264,808,2837,671,305
2368.8180999597535,4095,0,486,289
2369.8936000000685,4095,0,435,279
2371.0887999623083,4095,0,391,273
2372.8090999647975,4095,0,359,263
2373.8851999514736,4095,0,325,256
2375.033399963286,2606,0,291,244
2376.8560999887995,1483,1663,479,265
2377.894999983255,545,3283,666,283
2379.890799988061,0,4095,787,293
2380.869199987501,0,4095,867,304
2381.9089999888092,0,4095,940,314
2383.8559999712743,0,4095,1007,330
2384.8516999860294,0,4095,1077,350
2386.78559998516,564,4095,1147,371
2387.9540999769233,1986,2927,1045,369
2389.843299984932,3094,812,841,354
2390.9765999997035,4095,0,703,349
2392.32980000088,4095,0,635,343
2394.0597999608144,4095,0,570,336
2395.7516999798827,4095,0,509,326
2396.63059997838,4095,0,457,310
2397.8440999635495,3969,0,403,297
2398.885899980087,2257,0,372,283
2399.9209000030532,1152,2321,603,304
2401.8321000039577,4095,0,462,285
2402.878699998837,4095,0,411,277
2404.061899986118,4095,0,373,270
2405.7845999486744,4095,0,341,263
2406.8621000042185,4095,0,314,257
2407.8558000037447,3061,0,284,246
2409.8950999905355,1851,653,379,257
2410.881599993445,803,2790,591,273
2412.8009999985807,48,4095,752,289
2413.8765999814495,0,4095,835,292
2414.9136999621987,0,4095,910,308
2416.7865999625064,0,4095,976,322
2417.8673999849707,0,4095,1050,338
2418.926999962423,0,4095,1119,365
2420.928399951663,1559,4095,1163,378
2422.817699960433,2736,1315,912,359
2423.8650999614038,3924,16,735,349
2424.988399958238,4095,0,661,346
2426.774399995338,4095,0,595,338
2427.866499987431,4095,0,537,331
2429.0409999666736,4095,0,476,318
2429.943799972534,4095,0,429,304
2431.9602999603376,2646,0,374,287
2433.017599978484,1503,1653,557,303
2434.825300006196,4095,0,451,283
2435.8745999634266,4095,0,407,277
2437.019200006034,4095,0,368,272
2438.8171999598853,4095,0,337,265
2439.9023999576457,4095,0,313,260
2440.9098000032827,3969,0,288,251
2441.8087999802083,2256,0,275,244
2443.896799988579,1152,2307,490,270
2444.963199959602,309,3851,700,285
2446.814999973867,0,4095,797,295
2447.8997999685816,0,4095,875,304
2448.821800004225,0,4095,947,319
2450.835899973754,0,4095,1011,335
2451.947800000198,0,4095,1087,354
2453.7609999533743,1088,4095,1156,381
2455.1218999549747,2352,1967,955,365
2456.9071999867447,3411,434,781,354
2457.901599991601,4095,0,674,349
2458.9938999852166,4095,0,608,342
2460.884999949485,4095,0,545,336
2461.8507999693975,4095,0,489,325
2462.967599974945,4095,0,437,311
2464.8053999990225,3166,0,387,293
2465.9437999944203,1891,651,464,295
2467.842699959874,848,2752,656,306
2468.9636999974027,4095,0,480,286
2469.990699959453,4095,0,432,278
2470.8264999790117,4095,0,387,272
2472.8042999631725,4095,0,353,263
2473.917299997993,4095,0,323,257
2474.9412999954075,2665,0,290,244
2476.835699984804,1535,1584,466,266
2477.8336999588646,579,3230,656,279
2479.8717999947257,0,4095,784,293
2480.857999995351,0,4095,863,304
2481.8436999921687,0,4095,937,315
2483.77160000382,0,4095,1005,330
2484.8523999680765,0,4095,1074,350
2486.8231999571435,498,4095,1144,371
2487.8994000027888,1962,3063,1059,372
2489.7561999969184,3086,861,848,358
2490.801299980376,4095,0,704,349
2491.9669999508187,4095,0,639,343
2493.808600003831,4095,0,573,337
2494.8234999901615,4095,0,510,330
2495.854999986477,4095,0,461,315
2497.7916999487206,3936,0,407,299
2499.0974999964237,2256,0,362,286
2499.9793999595568,1166,2244,595,304
2501.875099958852,4095,0,459,283
2502.8948999824934,4095,0,412,275
2503.9136999985203,4095,0,371,272
2505.7603999739513,4095,0,339,263
2506.8730000057258,4095,0,314,258
2507.8795999870636,3195,0,285,247
2509.807299997192,1933,650,375,256
2510.8964999672025,879,2773,591,274
2512.8567999927327,115,4095,753,290
2513.994599983562,0,4095,832,300
2515.0804999866523,0,4095,909,311
2516.9913999852724,0,4095,976,326
2518.24189996114,0,4095,1050,340
2519.223299983423,0,4095,1115,363
2521.152200002689,1531,4095,1169,381
2523.006899980828,2720,1345,917,362
2524.117599998135,3877,64,745,350
2524.908499966841,4095,0,669,350
2526.901299948804,4095,0,599,340
2528.2469999510795,4095,0,539,332
2529.2087999987416,4095,0,481,320
2530.352399975527,4095,0,431,305
2531.937599997036,2672,0,378,287
2533.0414999625646,1530,1535,545,301
2534.8379999632016,4095,0,448,283
2535.955799976364,4095,0,402,278
2537.0410999748856,4095,0,368,272
2538.7707999907434,4095,0,336,266
2539.883599965833,4095,0,315,259
2540.9544999711215,4095,0,287,250
2542.0184999820776,2309,0,258,242
2543.9982999814674,1199,2215,503,270
2545.8291999530047,336,3773,688,287
2547.0861999783665,0,4095,789,294
2548.1895999982953,0,4095,869,304
2549.1717999684624,0,4095,942,319
2550.9827999630943,0,4095,1008,333
2552.016499976162,0,4095,1078,353
2554.0000000037253,1040,4095,1152,373
2555.313799995929,2320,2101,963,365
2557.1502999519,3399,501,791,353
2558.1577999982983,4095,0,677,350
2559.899799991399,4095,0,609,340
2560.9234999865294,4095,0,550,336
2562.0652999496087,4095,0,491,321
2563.179599994328,4095,0,438,307
2564.867499982938,3188,0,389,290
2565.9978999756277,1909,569,457,295
2567.040199995972,4095,0,433,282
2569.002299977001,4095,0,398,274
2569.9230000027455,4095,0,358,270
2571.0024999571033,4095,0,330,265
2572.8572999942116,4095,0,309,260
2573.8752000033855,4095,0,287,253
2574.925299966708,2692,0,257,243
2576.9495999556966,1554,1513,437,259
2578.122999984771,593,3173,626,277
2579.904499987606,0,4095,763,289
2580.9344999725,0,4095,843,301
2582.009899953846,0,4095,917,313
2583.915499970317,0,4095,986,325
2585.1127000059932,0,4095,1060,345
2586.7888999637216,438,4095,1130,368
2587.9905999754556,1909,3172,1056,368
2589.8813999956474,3037,922,846,353
2591.0498999874108,4095,0,698,347
2592.6525999675505,4095,0,631,342
2593.8177999923937,4095,0,567,336
2594.90739996545,4095,0,507,324
2596.307899977546,4095,0,455,314
2597.193099965807,4095,0,403,299
2598.9687999826856,2320,0,365,284
2600.03129998222,1216,2238,592,303
2601.9138999981806,4095,0,452,287
2602.940899960231,4095,0,406,278
2604.148799960967,4095,0,369,272
2605.8485999819823,4095,0,336,263
2606.9436999969184,4095,0,311,256
2607.8695000032894,3279,0,283,246
2609.8591999616474,1959,570,367,256
2611.0963999526575,886,2736,579,272
2612.9626999609172,121,4095,751,289
2613.9790999586694,0,4095,829,295
2615.0010999990627,0,4095,903,307
2616.073199955281,0,4095,974,320
2617.9323999676853,0,4095,1045,339
2619.070999964606,0,4095,1109,359
2621.0281999665312,1477,4095,1183,383
2622.2605999791995,2704,1437,926,362
2623.9590999903157,3793,144,755,350
2625.0850999495015,4095,0,670,347
2626.797499950044,4095,0,603,341
2627.941099985037,4095,0,541,334
2629.0299999527633,4095,0,485,321
2630.1061999984086,4095,0,432,305
2631.948199996259,2719,0,378,285
2633.041699999012,1583,1450,539,302
2634.780599968508,4095,0,450,279
2635.9178999555297,4095,0,403,275
2636.9740999653004,4095,0,368,272
2638.8648999854922,4095,0,336,263
2639.915799954906,4095,0,314,257
2641.0474999574944,4095,0,287,249
2642.081899975892,2327,0,258,240
2643.889600003604,1220,2160,496,264
2645.1087999739684,359,3699,684,278
2646.9273999682628,0,4095,786,289
2648.111999966204,0,4095,867,301
2649.0001999773085,0,4095,939,311
2651.159899949562,0,4095,1007,329
2652.190499997232,0,4095,1079,349
2653.895499999635,976,4095,1151,371
2654.9793999874964,2267,2214,976,363
2656.8167999503203,3343,559,797,350
2658.0482999561355,4095,0,678,345
2659.149899962358,4095,0,609,340
2661.0577999963425,4095,0,553,331
2662.1787999756634,4095,0,494,320
2663.185399957001,4095,0,441,306
2664.919899951201,3281,0,391,291
2666.1933999857865,1952,438,447,290
2667.2051000059582,885,2655,647,306
2668.890699977055,4095,0,473,287
2669.913799967617,4095,0,429,282
2670.9787999861874,4095,0,385,272
2672.8919000015594,4095,0,348,263
2673.9864999544807,4095,0,319,257
2675.1651999657042,2746,0,283,244
2677.3533999803476,1600,1424,454,263
2678.782599978149,636,3125,640,279
2679.7942999983206,0,4095,778,293
2680.8971999562345,0,4095,853,302
2682.036399957724,0,4095,927,311
2683.8208999834023,0,4095,997,329
2684.8604999831878,0,4095,1070,346
2686.0374999814667,358,4095,1136,368
2688.033699989319,1872,3358,1079,372
2689.85069997143,2979,959,862,358
2690.941099950578,4095,0,709,348
2691.982999967877,4095,0,638,346
2693.786399962846,4095,0,576,336
2694.835399976,4095,0,511,327
2696.014599991031,4095,0,462,314
2697.1345999627374,4095,0,410,301
2698.811999987811,2352,0,360,284
2700.061099953018,1232,2173,586,303
2701.833999948576,4095,0,451,283
2702.8680999646895,4095,0,407,275
2704.035200004,4095,0,367,270
2705.8050999767147,4095,0,335,261
2706.8325000000186,4095,0,310,258
2708.1596999778412,3290,0,280,247
2709.81569995638,1981,433,351,256
2710.938999953214,902,2682,571,272
2712.807999982033,139,4095,747,288
2713.832999987062,0,4095,825,300
2714.98349995818,0,4095,902,307
2715.9900999977253,0,4095,967,323
2717.87160000531,0,4095,1040,336
2718.926100002136,0,4095,1107,359
2720.900399959646,1446,4095,1181,381
2722.3522999556735,2661,1517,932,365
2723.900599987246,3738,213,763,350
2724.9866999918595,4095,0,673,348
2726.923599955626,4095,0,608,339
2727.8873999603093,4095,0,546,333
2728.99559995858,4095,0,484,321
2729.9897999619134,4095,0,432,305
2731.861599953845,2750,0,380,288
2733.1257999758236,1600,1390,530,299
2734.9145999760367,4095,0,445,278
2736.0333999968134,4095,0,401,272
2737.0761999627575,4095,0,365,269
2738.240099977702,4095,0,335,263
2739.99539995566,4095,0,310,258
2740.9804000053555,4095,0,285,249
2742.0879999990575,2377,0,254,240
2743.852899991907,1270,2128,493,266
2745.000099996105,400,3655,676,279
2746.935500006657,0,4095,784,290
2747.7997999521904,0,4095,863,303
2748.9287999924272,0,4095,939,318
2750.8789999992587,0,4095,1006,332
2751.9457999733277,0,4095,1073,350
2753.8599999970756,917,4095,1147,374
2755.019699980039,2242,2314,979,367
2756.8867999943905,3317,582,797,351
2757.8911999589764,4095,0,679,349
2758.985699969344,4095,0,614,342
2760.8256999519654,4095,0,555,336
2761.933500005398,4095,0,493,322
2763.068599975668,4095,0,441,311
2764.8340999730863,3376,0,390,292
2765.9833999932744,2002,299,429,291
2767.1216999879107,927,2605,637,304
2768.9771999721415,4095,0,467,287
2769.947199965827,4095,0,421,276
2771.034499979578,4095,0,379,271
2772.953999985475,4095,0,343,263
2774.032699991949,4095,0,315,256
2775.1088999793865,2781,0,281,243
2776.9548999494873,1622,1343,439,259
2777.897199965082,640,3099,629,278
2779.9181999871507,0,4095,771,290
2781.1437000054866,0,4095,851,302
2782.0583999855444,0,4095,927,314
2784.0243999962695,0,4095,992,328
2784.912999952212,0,4095,1067,346
2786.272800003644,291,4095,1136,368
2788.0347999744117,1835,3568,1091,371
2789.8495999979787,2960,1008,865,359
2790.924199973233,4095,0,710,351
2792.0050999964587,4095,0,641,345
2793.9079999923706,4095,0,576,338
2794.992099981755,4095,0,511,331
2796.033599996008,4095,0,462,318
2797.8967999806628,4095,0,411,304
2798.990999988746,2410,0,363,283
2800.0669999746606,1287,2042,577,303
2802.081400004681,4095,0,449,278
2803.0953999841586,4095,0,405,274
2804.0770999505185,4095,0,367,266
2806.014999980107,4095,0,336,261
2807.0688999723643,4095,0,310,257
2807.9391999635845,3407,0,279,245
2809.8669999744743,2018,278,337,251
2811.0063999774866,933,2607,560,273
2812.925499980338,150,4095,737,288
2813.8738999841735,0,4095,817,298
2815.1081999531016,0,4095,895,306
2816.8843999737874,0,4095,963,322
2817.9613999673165,0,4095,1038,337
2819.0865999786183,0,4095,1104,361
2820.9661999717355,1401,4095,1173,381
2822.8845999692567,2583,1535,929,363
2824.097599950619,3664,208,756,350
2824.9765999498777,4095,0,669,350
2826.9742999691516,4095,0,603,343
2827.9150999733247,4095,0,545,332
2829.0411999914795,4095,0,483,322
2830.274199950509,4095,0,432,307
2831.9846999947913,2805,0,379,290
2833.0737999640405,1648,1264,511,298
2834.994699980598,4095,0,445,283
2835.9458000049926,4095,0,400,274
2837.0744999847375,4095,0,363,270
2838.928799959831,4095,0,331,265
2839.969399967231,4095,0,309,259
2840.9497999818996,4095,0,285,254
2842.0423999777995,2406,0,257,240
2843.9831999712624,1292,2054,487,266
2845.90669994941,407,3575,671,282
2846.932599961292,0,4095,783,291
2848.055399954319,0,4095,862,303
2849.061899993103,0,4095,934,315
2850.9551999741234,0,4095,1005,331
2852.0618999609724,0,4095,1073,351
2853.95309998421,854,4095,1146,373
2855.028999969363,2196,2405,988,363
2856.9916999549605,3276,638,805,353
2857.941399968695,4095,0,684,346
2858.9962999685667,4095,0,619,339
2861.0732999513857,4095,0,557,334
2862.3066999716684,4095,0,496,323
2863.8493999606,4095,0,443,307
2865.0662999716587,3443,0,394,292
2866.150099958759,2035,213,423,290
2867.924399964977,960,2559,631,304
2868.9643999678083,4095,0,469,289
2870.1391999493353,4095,0,421,274
2871.216600004118,4095,0,380,272
2872.9148999555036,4095,0,345,266
2874.073999992106,4095,0,315,257
2874.9733999720775,2817,0,283,244
2877.0312999840826,1664,1296,438,263
2878.0319999787025,657,3050,627,276
2879.918499966152,0,4095,771,289
2881.037099985406,0,4095,848,298
2882.0186999510042,0,4095,925,314
2884.0702999732457,0,4095,991,325
2885.0499999825843,0,4095,1066,345
2886.8751999689266,225,4095,1133,368
2888.033800001722,1791,3725,1104,372
2889.965399983339,2918,1062,877,357
2891.0408999654464,4095,0,718,348
2892.676599964034,4095,0,644,343
2893.9819999504834,4095,0,583,336
2894.944300001953,4095,0,525,326
2896.0713999695145,4095,0,464,314
2897.940099996049,4095,0,414,302
2898.9827999612316,2433,0,366,282
2900.1996999722905,1311,2045,582,303
2901.89099998679,4095,0,453,289
2903.0717999557965,4095,0,410,279
2903.9678999688476,4095,0,369,272
2905.9298999491148,4095,0,337,268
2907.0021999650635,4095,0,311,259
2908.3812999888323,3458,0,284,251
2910.035299952142,2061,218,333,255
2911.0345999943092,976,2559,559,272
2913.011899974663,175,4095,735,290
2914.0219999826513,0,4095,817,297
2914.99289998319,0,4095,895,310
2916.8820999911986,0,4095,963,324
2917.943499982357,0,4095,1037,337
2918.982599978335,0,4095,1104,358
2920.992999977898,1375,4095,1171,381
2922.989399987273,2550,1599,935,366
2923.9970999769866,3637,235,763,353
2925.1722999615595,4095,0,671,349
2926.8493999843486,4095,0,603,340
2927.846599952318,4095,0,543,333
2928.9580999757163,4095,0,484,322
2930.8680999674834,4095,0,433,305
2931.964799994603,2865,0,381,289
2932.9611999564804,1694,1146,507,298
2934.8615999915637,4095,0,443,281
2935.9646999510005,4095,0,400,275
2937.1533999801613,4095,0,363,271
2938.928699993994,4095,0,333,262
2939.8784999502823,4095,0,309,259
2941.083099984098,4095,0,284,250
2943.019500002265,2437,0,256,241
2943.8521999982186,1333,1991,480,266
2945.840500004124,432,3516,661,280
2946.8364999629557,0,4095,782,293
2947.971099987626,0,4095,858,302
2949.8248999589123,0,4095,930,315
2951.0259999660775,0,4095,998,334
2952.0073999883607,0,4095,1072,351
2953.895599988755,803,4095,1141,374
2955.021899950225,2160,2509,997,368
2956.895599956624,3223,671,811,354
2958.1131999730133,4095,0,686,347
2959.0499000041746,4095,0,618,341
2960.9677999978885,4095,0,559,336
2961.8525999831036,4095,0,496,325
2963.102399953641,4095,0,443,311
2964.8081999621354,3530,0,394,294
2966.1231999634765,2082,151,416,290
2967.931499995757,1007,2531,627,304
2969.126799958758,4095,0,466,287
2970.007899974007,4095,0,419,279
2971.7620000010356,4095,0,379,272
2972.8627000004053,4095,0,342,265
2973.9777999930084,4095,0,319,257
2975.3345999633893,2869,0,285,245
2977.0241999649443,1707,1136,423,262
2978.893799998332,701,2971,621,278
2979.8545999801718,0,4095,769,294
2981.0566999949515,0,4095,847,304
2982.10929997731,0,4095,919,316
2983.947700005956,0,4095,990,329
2984.9714000010863,0,4095,1059,347
2986.9468999677338,181,4095,1131,368
2988.2513000047766,1754,3830,1107,375
2990.1592999813147,2901,1081,877,363
2991.5171999600716,4081,0,715,349
2992.7907999954186,4095,0,647,348
2994.0916000050493,4095,0,582,339
2995.087399962358,4095,0,526,333
2996.1037999601103,4095,0,464,318
2997.952100005932,4095,0,414,304
2998.83709999267,2464,0,365,286
3000.8176999981515,1341,1920,569,304
3001.9344000029378,4095,0,449,284
3003.0349000007845,4095,0,403,278
3004.1329999803565,4095,0,368,270
3006.021299981512,4095,0,336,266
3007.8219999559224,4095,0,309,259
3009.0245999745093,3526,0,281,248
3010.2868999820203,2093,39,307,251
3011.425699980464,1002,2483,543,272
3013.0158999818377,203,4095,722,289
3014.670699951239,0,4095,811,295
3015.7404000055976,0,4095,885,306
3017.10609998554,0,4095,959,320
3018.449299968779,0,4095,1023,336
3019.6356999804266,0,4095,1095,357
3021.188999991864,1322,4095,1167,381
3022.9289999697357,2538,1707,939,364
3024.2954999557696,3635,322,769,352
3025.5200999672525,4095,0,671,347
3027.124799962621,4095,0,605,340
3027.99169998616,4095,0,544,332
3029.0758999763057,4095,0,485,322
3030.9337999788113,4095,0,433,309
3032.0218999986537,2938,0,384,291
3033.9399999938905,1733,1121,503,301
3034.9425000022165,4095,0,441,279
3036.042899999302,4095,0,400,274
3037.051099992823,4095,0,361,270
3038.9569999533705,4095,0,333,265
3040.095999953337,4095,0,307,259
3041.1283999565057,4095,0,283,252
3043.212799995672,2473,0,256,241
3044.4458999554627,1341,1899,470,266
3045.9704999811947,433,3419,656,282
3046.9305999577045,0,4095,775,293
3048.0242999619804,0,4095,853,304
3049.8772999853827,0,4095,929,315
3050.992499978747,0,4095,997,330
3052.0413999911398,0,4095,1070,351
3053.8930000038818,739,4095,1139,373
3055.059699981939,2128,2525,996,367
3056.900699972175,3207,687,813,355
3057.8739999909885,4095,0,684,349
3058.893299952615,4095,0,617,341
3060.936799971387,4095,0,555,336
3061.8974999524653,4095,0,496,326
3062.95189994853,4095,0,443,311
3064.9821999832056,3710,0,395,298
3066.1298999912106,2139,29,400,289
3067.8454999579117,1061,2470,621,304
3068.8825999968685,4095,0,464,290
3070.1186999795027,4095,0,418,282
3071.943399962038,4095,0,375,273
3073.0156999779865,4095,0,341,266
3074.1869999910705,4095,0,317,257
3075.1037999871187,2928,0,283,246
3076.9982999772765,1747,1040,414,261
3078.8066999521106,727,2928,611,276
3079.864399973303,0,4095,764,289
3081.0370999970473,0,4095,839,301
3081.9407999515533,0,4095,914,311
3083.9103999896906,0,4095,985,325
3084.8916999530047,0,4095,1056,341
3086.782599973958,67,4095,1123,367
3088.082999980543,1695,4095,1129,374
3089.84909998253,2846,1184,893,359
3091.0898000001907,4034,0,720,349
3092.123599955812,4095,0,655,348
3094.096999964677,4095,0,589,338
3094.8590000043623,4095,0,528,331
3095.912999997381,4095,0,467,318
3097.829799982719,4095,0,419,304
3098.8398999907076,2514,0,368,290
3099.9817999545485,1382,1857,566,302
3101.8315999535844,4095,0,451,286
3102.855000004638,4095,0,411,278
3103.974499972537,4095,0,368,271
3105.8812999981456,4095,0,336,265
3106.9228999549523,4095,0,314,259
3108.4637999883853,3658,0,284,253
3109.80669996934,2143,3,304,247
3111.0423000063747,1058,2480,541,272
3112.800500006415,238,4095,720,289
3114.0085999504663,0,4095,810,298
3114.9156999890693,0,4095,885,307
3116.881199995987,0,4095,957,320
3117.800699954387,0,4095,1023,336
3119.0335999708623,0,4095,1094,355
3120.8473999868147,1249,4095,1165,379
3122.806800005492,2477,1767,944,364
3123.9177999668755,3555,326,771,351
3125.085899955593,4095,0,671,347
3126.916099980008,4095,0,605,341
3127.9222999583,4095,0,544,334
3128.97239997983,4095,0,485,322
3130.915699992329,4095,0,434,309
3131.8246999871917,2991,0,384,289
3133.077799982857,1771,1009,496,298
3134.943499986548,4095,0,439,282
3135.8451999840327,4095,0,400,279
3136.935399961658,4095,0,363,272
3138.7703999644145,4095,0,332,266
3139.9255999713205,4095,0,310,258
3141.0998000064865,4095,0,285,251
3142.005199973937,2537,0,257,240
3143.8393999706022,1414,1840,465,265
3145.833699963987,497,3371,647,279
3146.9744999776594,0,4095,771,290
3147.9259000043385,0,4095,850,304
3148.974099953193,0,4095,925,314
3150.7962999748997,0,4095,994,333
3151.9172999542207,0,4095,1070,351
3153.8223999668844,665,4095,1136,369
3154.94509995915,2075,2720,1012,367
3156.881799979601,3163,742,818,353
3157.9018000047654,4095,0,688,347
3158.9740999625064,4095,0,622,342
3160.843299992848,4095,0,560,336
3161.8715999647975,4095,0,497,326
3163.075899996329,4095,0,448,310
3164.976799977012,3690,0,400,299
3165.997499949299,2150,0,392,290
3167.5869000027888,1066,2439,618,305
3168.969099991955,4095,0,463,288
3170.246399997268,4095,0,416,283
3171.261899988167,4095,0,374,272
3172.8674999903888,4095,0,342,266
3174.120399984531,4095,0,316,257
3175.3474999568425,2967,0,283,247
3176.9196999957785,1783,879,400,259
3177.808999957051,751,2871,602,276
3179.8419999540783,10,4095,758,292
3181.179399951361,0,4095,839,301
3182.1912999730557,0,4095,912,311
3183.971799968276,0,4095,979,327
3185.1667999872006,0,4095,1053,341
3186.294899962377,18,4095,1119,368
3188.0943999858573,1648,4095,1127,371
3189.8386999964714,2800,1200,893,359
3191.0976999788545,3946,0,720,349
3192.0747999683954,4095,0,654,347
3193.9043999882415,4095,0,587,338
3194.9890999821946,4095,0,528,331
3195.929499983322,4095,0,467,320
3197.200199996587,4095,0,418,304
3198.856999981217,2548,0,368,285
3200.220700004138,1408,1799,561,302
3201.9617999903858,4095,0,450,286
3202.996199950576,4095,0,404,277
3204.008699976839,4095,0,367,271
3205.8045999729075,4095,0,336,263
3206.9143999833614,4095,0,309,258
3208.0768999876454,3712,0,283,249
3209.07929999521,2173,0,285,245
3210.921599995345,1075,2368,528,269
3212.234399979934,256,3952,704,285
3214.0951000037603,0,4095,799,291
3214.803699986078,0,4095,877,304
3215.897899994161,0,4095,946,320
3217.883499979507,0,4095,1010,336
3218.9412000006996,0,4095,1087,357
3220.8647999796085,1213,4095,1160,379
3221.982199989725,2448,1845,944,365
3223.861299979035,3534,384,775,351
3224.970899987966,4095,0,669,345
3225.7991999504156,4095,0,606,338
3227.8315000003204,4095,0,546,333
3228.9540999918245,4095,0,485,320
3229.830599972047,4095,0,433,310
3231.817499967292,3013,0,384,291
3232.8588999807835,1810,887,482,297
3234.7888999502175,773,2857,670,306
3235.92089995509,4095,0,482,290
3236.9574999902397,4095,0,432,283
3238.179099978879,4095,0,393,273
3239.9313999922015,4095,0,356,263
3240.930899977684,4095,0,323,257
3242.0171999838203,2559,0,288,243
3243.847999954596,1442,1725,485,269
3244.923899997957,509,3319,667,285
3246.8861999805085,0,4095,790,293
3247.8989999508485,0,4095,867,304
3248.9992000046186,0,4095,941,317
3250.9053999674506,0,4095,1007,332
3251.979199994821,0,4095,1080,351
3253.8290999946184,598,4095,1147,372
3254.981799982488,2028,2781,1034,368
3256.85429997975,3125,747,832,357
3257.967599958647,4095,0,697,351
3259.2658000066876,4095,0,630,345
3260.8551000012085,4095,0,566,336
3262.147500005085,4095,0,506,326
3262.9622999811545,4095,0,452,314
3264.9901999975555,3767,0,400,298
3265.9522999892943,2192,0,386,287
3267.0596999814734,1088,2382,611,304
3268.8907999545336,4095,0,459,285
3269.9606999522075,4095,0,414,275
3271.0909000015818,4095,0,374,271
3272.976199979894,4095,0,340,263
3273.9243999822065,4095,0,315,257
3274.98269994976,3035,0,283,243
3276.867799984757,1819,784,393,256
3277.9710000031628,766,2843,595,273
3279.8312999657355,33,4095,759,288
3280.9172999695875,0,4095,838,299
3281.9420999730937,0,4095,912,307
3283.821099961642,0,4095,981,323
3284.9159999750555,0,4095,1053,342
3285.977899970021,0,4095,1120,368
3288.16579998238,1598,4095,1140,378
3289.8552999831736,2768,1232,898,361
3290.8539999625646,3919,0,726,350
3292.0186999836005,4095,0,656,346
3292.9690000019036,4095,0,592,341
3294.875299965497,4095,0,531,332
3295.9018999827094,4095,0,471,320
3297.1753999590874,4095,0,423,304
3298.8458999898285,2618,0,371,285
3299.9849999905564,1460,1732,560,303
3301.972699991893,4095,0,449,286
3302.8857999597676,4095,0,405,278
3303.9157000021078,4095,0,368,271
3304.9885999644175,4095,0,336,266
3306.8454999593087,4095,0,311,259
3308.0581999965943,3907,0,286,250
3309.048899973277,2224,0,279,245
3311.005199968349,1113,2352,526,271
3312.107499979902,290,3888,703,286
3313.922100001946,0,4095,799,293
3315.02499995986,0,4095,879,307
3315.9499999601394,0,4095,949,317
3317.818899988197,0,4095,1013,334
3319.1090999753214,0,4095,1088,354
3320.961499994155,1136,4095,1158,377
3322.044399974402,2396,1936,951,362
3323.977499967441,3467,405,778,351
3325.026999984402,4095,0,674,346
3326.1230000061914,4095,0,605,343
3327.9517999617383,4095,0,546,335
3328.995199990459,4095,0,489,323
3330.1727999933064,4095,0,434,307
3331.769799988251,3061,0,385,290
3333.1535999896005,1841,750,471,299
3334.9295999505557,794,2822,669,307
3335.957099974621,4095,0,480,285
3337.092500005383,4095,0,432,277
3338.1106999586336,4095,0,388,268
3339.9529999587685,4095,0,348,262
3340.992199955508,4095,0,322,256
3342.107699951157,2611,0,290,246
3343.9979999675415,1475,1718,483,267
3345.2388999867253,528,3295,665,285
3346.8663999810815,0,4095,788,294
3348.0072999955155,0,4095,867,304
3349.004299961962,0,4095,943,318
3350.892999966163,0,4095,1007,331
3352.0275999908336,0,4095,1077,351
3353.909700002987,553,4095,1146,372
3355.1125999656506,1990,2923,1046,368
3356.980799988378,3088,812,841,359
3358.0075999489054,4095,0,703,351
3359.0935999527574,4095,0,634,350
3361.0093999886885,4095,0,573,337
3362.1259999927133,4095,0,511,329
3362.968700006604,4095,0,459,315
3364.16569998255,3973,0,405,301
3366.0340999485925,2241,0,370,285
3367.1679999679327,1138,2287,599,304
3368.9436999848112,4095,0,455,284
3370.0543000013568,4095,0,414,275
3371.082399971783,4095,0,371,271
3372.9159999638796,4095,0,338,263
3374.036699999124,4095,0,315,258
3375.0476999557577,3126,0,283,246
3376.963299990166,1869,717,382,256
3378.0321999802254,811,2805,592,277
3379.79399994947,54,4095,755,290
3381.00959995063,0,4095,833,299
3381.9925999850966,0,4095,910,309
3383.1684999749996,0,4095,977,326
3385.0363999954425,0,4095,1051,342
3386.039599950891,0,4095,1118,367
3387.999199971091,1565,4095,1153,379
3389.13510000566,2737,1287,905,363
3391.1765999509953,3868,42,735,352
3392.101899953559,4095,0,661,351
3393.2478999486193,4095,0,592,338
3394.828599994071,4095,0,534,333
3396.0314999567345,4095,0,475,321
3396.9617999973707,4095,0,428,304
3398.79559999099,2634,0,373,288
3399.953799962532,1488,1606,547,304
3401.8114999635145,4095,0,448,287
3402.8456999803893,4095,0,405,279
3403.995800006669,4095,0,368,272
3404.9646999919787,4095,0,336,266
3406.8401999538764,4095,0,310,258
3407.9295999836177,4080,0,285,253
3408.9632999966852,2261,0,273,246
3410.996599995997,1152,2280,510,271
3412.1754999505356,314,3845,694,286
3413.835199957248,0,4095,795,295
3414.965999952983,0,4095,869,305
3415.9914999618195,0,4095,944,321
3417.94299997855,0,4095,1010,335
3418.9004999934696,0,4095,1085,353
3420.8549999748357,1089,4095,1154,379
3422.0061999512836,2377,2041,960,367
3423.936099978164,3442,462,784,354
3424.939099990297,4095,0,677,349
3425.959599961061,4095,0,609,341
3427.8153000050224,4095,0,551,336
3429.154999961611,4095,0,490,324
3429.8560000024736,4095,0,438,310
3431.809199973941,3146,0,390,294
3432.8921999549493,1893,694,467,297
3434.011899982579,846,2785,661,307
3435.866499959957,4095,0,482,289
3436.89109996194,4095,0,432,279
3437.9852999700233,4095,0,390,272
3439.8650999646634,4095,0,353,263
3440.906499978155,4095,0,323,257
3441.9696999830194,2651,0,289,244
3443.841899977997,1523,1558,464,264
3445.1234999578446,573,3189,653,279
3446.8469999847002,0,4095,784,290
3447.9166999808513,0,4095,861,301
3448.933499981649,0,4095,935,316
3450.8364999783225,0,4095,1002,331
3451.9456999842077,0,4095,1072,348
3453.849399986211,499,4095,1142,370
3455.0478999735788,1961,3071,1058,368
3456.872899958398,3066,859,848,358
3457.927999959793,4095,0,704,347
3459.166499960702,4095,0,636,344
3460.855199955404,4095,0,571,336
3461.8500999640673,4095,0,509,327
3463.007199985441,4095,0,458,313
3464.8077999590896,4085,0,405,299
3465.8712999662384,2266,0,363,285
3467.021399992518,1159,2256,593,304
3468.8372999662533,4095,0,454,281
3469.9203000054695,4095,0,410,279
3470.9753999486566,4095,0,368,269
3472.8264999575913,4095,0,336,265
3473.893299989868,4095,0,310,258
3474.9744999571703,3150,0,282,246
3476.9045999855734,1889,607,369,256
3477.914899995085,820,2755,582,275
3479.784799972549,65,4095,752,291
3480.9760999633,0,4095,831,295
3481.9163999636658,0,4095,903,305
3483.127399988007,0,4095,976,327
3484.921899973415,0,4095,1041,339
3485.893399978522,0,4095,1110,364
3487.829599995166,1504,4095,1181,383
3489.039199950639,2690,1393,925,365
3490.88070000289,3807,111,752,350
3491.951599949971,4095,0,669,348
3493.7973999767564,4095,0,603,339
3494.8543999926187,4095,0,543,332
3495.9719000034966,4095,0,481,321
3496.966299950145,4095,0,432,304
3498.8395999534987,2683,0,380,288
3499.9824999831617,1535,1535,546,302
3501.835899951402,4095,0,450,281
3502.867300005164,4095,0,407,274
3503.960100002587,4095,0,368,269
3505.8154999860562,4095,0,337,261
3506.8585999542847,4095,0,314,258
3508.0037000006996,4095,0,286,249
3509.0499999932945,2310,0,258,241
3510.94019995071,1191,2224,506,267
3512.1324999490753,336,3771,690,284
3513.881799997762,0,4095,789,291
3515.0150999543257,0,4095,870,304
3516.106499999296,0,4095,943,315
3517.8266000002623,0,4095,1009,334
3518.9806999987923,0,4095,1081,354
3520.888599974569,1021,4095,1152,375
3522.0400999533013,2314,2114,965,365
3523.890999960713,3390,506,788,353
3524.9576999922283,4095,0,676,348
3526.0113999829628,4095,0,608,342
3527.865699958056,4095,0,550,331
3528.914399968926,4095,0,491,323
3530.07689997321,4095,0,436,312
3532.02699997928,3232,0,389,291
3533.0800999654457,1939,571,455,297
3535.00079998048,874,2731,656,306
3536.121499957517,4095,0,475,290
3537.0879999827594,4095,0,430,281
3538.910799950827,4095,0,384,272
3539.8208999540657,4095,0,350,266
3541.1117000039667,4095,0,321,259
3542.49769996386,2718,0,288,246
3543.957599962596,1563,1482,461,266
3545.099399983883,591,3158,647,282
3546.969899965916,0,4095,782,290
3547.993099957239,0,4095,858,303
3549.0331999608316,0,4095,931,315
3550.8768999716267,0,4095,997,330
3551.9973000045866,0,4095,1071,347
3554.072399972938,368,4095,1136,369
3555.12729997281,1881,3071,1054,369
3556.9390999735333,2997,871,846,356
3557.921700004954,4095,0,700,348
3559.084399952553,4095,0,633,344
3560.9170999960043,4095,0,570,336
3561.897399951704,4095,0,507,327
3563.034599996172,4095,0,457,313
3564.9717999622226,4095,0,404,301
3566.1075999960303,2314,0,357,283
3567.044799972791,1201,2203,589,304
3568.9223999506794,4095,0,455,288
3570.0276999850757,4095,0,407,279
3571.0538999992423,4095,0,370,272
3572.953199967742,4095,0,337,267
3574.0033999900334,4095,0,275,259
3575.065699988045,3275,0,282,243
3577.0749999792315,1947,430,355,255
3578.064999950584,881,2687,575,274
3579.872499976773,113,4095,750,290
3581.0273999813944,0,4095,826,298
3582.0074999937788,0,4095,900,310
3583.817899983842,0,4095,971,324
3584.9607999552973,0,4095,1042,341
3586.093299963977,0,4095,1109,364
3588.0461999913678,1483,4095,1179,382
3589.8987999535166,2677,1424,925,366
3590.977399959229,3810,135,752,352
3592.038100003265,4095,0,668,347
3593.9035000046715,4095,0,602,339
3594.9781999806874,4095,0,543,332
3596.120699949097,4095,0,483,321
3597.9319000034593,4095,0,432,304
3599.1957999649458,2735,0,380,289
3600.0652999500744,1575,1443,537,299
3602.002599975094,4095,0,447,279
3602.918199962005,4095,0,403,273
3604.0778000024147,4095,0,368,269
3605.949699995108,4095,0,336,262
3606.9577999878675,4095,0,311,257
3608.042399981059,4095,0,286,249
3609.8688999773003,2343,0,259,240
3611.307699989993,1226,2130,496,265
3612.9173999652267,343,3609,677,281
3613.9606999931857,0,4095,785,289
3614.9661999661475,0,4095,865,302
3616.0450999741443,0,4095,939,317
3618.126299988944,0,4095,1007,331
3619.1920999553986,0,4095,1076,352
3620.9671999677084,923,4095,1149,375
3622.0291999634355,2253,2149,967,365
3623.9626999595203,3319,528,787,349
3625.029999995604,4095,0,675,346
3626.079099951312,4095,0,609,339
3627.85009999061,4095,0,550,335
3629.0501999901608,4095,0,489,323
3630.0336999702267,4095,0,439,311
3631.8585999542847,3276,0,387,293
3633.028199954424,1949,448,444,293
3634.884900006,882,2682,645,307
3635.983899992425,4095,0,475,283
3637.017000000924,4095,0,428,273
3638.145299977623,4095,0,384,270
3639.9423999828286,4095,0,350,261
3641.022099996917,4095,0,323,253
3642.096199968364,2759,0,288,242
3644.005699956324,1607,1424,454,266
3645.0797999859788,613,3137,643,279
3646.934099961072,0,4095,782,290
3647.946699988097,0,4095,857,303
3648.940799990669,0,4095,933,316
3650.9174999664538,0,4095,997,330
3651.96389995981,0,4095,1071,348
3653.9131999597885,333,4095,1137,368
3655.0073999678716,1856,3485,1089,373
3656.974599987734,2995,999,868,361
3657.929899985902,4095,0,714,349
3659.163999953307,4095,0,643,346
3660.9226999571547,4095,0,577,337
3661.9563999702223,4095,0,523,327
3663.2112999795936,4095,0,463,313
3664.8756999638863,4095,0,413,301
3665.9227999625728,2368,0,365,282
3666.987999982666,1239,2143,587,302
3668.8541999901645,4095,0,453,285
3670.1984999817796,4095,0,411,274
3671.039499982726,4095,0,369,269
3672.9482999653555,4095,0,338,266
3673.9559999550693,4095,0,312,257
3675.0401000026613,3319,0,285,246
3676.9465999677777,1989,339,343,255
3678.107799962163,902,2662,570,272
3680.059499980416,126,4095,745,289
3680.956900003366,0,4095,823,294
3682.249699952081,0,4095,898,307
3684.0280999895185,0,4095,969,322
3685.806399967987,0,4095,1040,336
3688.037699961569,0,4095,1106,362
3688.9455000055023,1409,4095,1177,381
3689.9241999490187,2623,1485,927,365
3691.0262999590486,3718,154,754,351
3692.1400999999605,4095,0,669,349
3693.9785999711603,4095,0,603,342
3694.892700004857,4095,0,542,331
3695.995799964294,4095,0,481,321
3697.933399991598,4095,0,432,304
3698.858299991116,2782,0,382,288
3700.1105999806896,1616,1295,524,297
3701.934499957133,4095,0,445,278
3703.0084999860264,4095,0,403,275
3703.9551999769174,4095,0,365,270
3705.9672999894246,4095,0,334,260
3706.929099978879,4095,0,310,259
3708.150599966757,4095,0,286,250
3709.0960999485105,2383,0,259,240
3711.217799980659,1261,2135,496,266
3712.925300002098,372,3648,677,279
3714.0220999717712,0,4095,784,291
3715.023899974767,0,4095,863,302
3716.0725999856368,0,4095,939,316
3718.0208999780007,0,4095,1005,331
3718.9604999730363,0,4095,1075,349
3721.0097999777645,894,4095,1149,374
3721.9390999525785,2224,2291,979,363
3723.9109999500215,3313,572,799,352
3724.9207999557257,4095,0,681,348
3726.152799965348,4095,0,614,339
3727.9149999958463,4095,0,554,333
3728.9306999882683,4095,0,496,321
3730.2253999514505,4095,0,441,311
3732.0049999980256,3389,0,391,295
3733.107999956701,2010,378,437,294
3734.906299971044,941,2667,647,305
3735.919400001876,4095,0,470,286
3737.0102999848314,4095,0,423,279
3738.9191999682225,4095,0,384,271
3739.8830999736674,4095,0,347,263
3741.035799961537,4095,0,319,258
3742.148899997119,2815,0,286,245
3743.973799981177,1663,1293,441,262
3745.0874999631196,654,3071,630,277
3746.9377999659628,0,4095,775,289
3747.9251999757253,0,4095,849,301
3748.942399979569,0,4095,926,313
3750.798799970653,0,4095,993,325
3751.9095999887213,0,4095,1062,347
3753.9125999901444,260,4095,1135,370
3754.981099977158,1808,3616,1095,371
3757.099999987986,2947,1023,871,360
3758.0983999650925,4095,0,713,349
3759.0944999828935,4095,0,643,343
3760.9161000000313,4095,0,579,337
3761.9883999577723,4095,0,511,329
3763.0435999599285,4095,0,464,318
3764.813799993135,4095,0,413,301
3765.951399982441,2402,0,362,285
3767.112699977588,1271,2047,582,302
3769.032899988815,4095,0,453,283
3769.998300005682,4095,0,406,275
3771.0791999707,4095,0,368,269
3772.964100004174,4095,0,336,263
3773.9781999844126,4095,0,314,256
3775.0151999644004,3456,0,285,246
3777.082699991297,2044,266,336,253
3778.228399984073,944,2607,560,271
3779.8865999793634,158,4095,739,287
3781.093499972485,0,4095,817,295
3782.146199955605,0,4095,895,307
3783.9535999810323,0,4095,963,321
3785.0387999787927,0,4095,1038,336
3786.268599971663,0,4095,1104,361
3788.0953999701887,1391,4095,1173,382
3789.930099970661,2608,1535,928,363
3790.966500004288,3712,203,756,351
3792.066399997566,4095,0,670,346
3793.988899968099,4095,0,603,342
3794.9773999862373,4095,0,542,332
3796.0843999753706,4095,0,483,322
3797.820599982515,4095,0,432,305
3799.0056999842636,2837,0,383,289
3800.1484999549575,1654,1237,511,299
3801.947499974631,4095,0,443,284
3803.0227999552153,4095,0,400,277
3804.06649998622,4095,0,366,270
3805.9322999906726,4095,0,334,263
3807.0263999979943,4095,0,310,260
3808.030499960296,4095,0,286,253
3809.865099960007,2435,0,259,240
3810.9639000031166,1298,1968,480,266
3812.179400003515,419,3488,663,278
3813.883499999065,0,4095,780,291
3815.066699986346,0,4095,858,303
3816.8050999520347,0,4095,933,318
3817.9617999703623,0,4095,999,331
3819.081499997992,0,4095,1072,351
3821.0860999533907,823,4095,1142,375
3821.9598999712616,2182,2384,986,366
3824.0279000019655,3265,605,802,353
3824.9675999977626,4095,0,681,348
3825.996799976565,4095,0,614,339
3827.9044999508187,4095,0,554,334
3828.9714999846183,4095,0,495,324
3829.999699955806,4095,0,442,311
3831.869399989955,3458,0,391,293
3832.955199992284,2036,246,423,289
3834.8446000018157,950,2603,637,304
3836.0753000015393,4095,0,469,287
3837.0070999953896,4095,0,425,281
3838.0064999801107,4095,0,383,272
3839.9163999711163,4095,0,347,260
3840.835699986201,4095,0,319,256
3841.863799956627,2864,0,286,243
3843.925599998329,1679,1232,433,262
3844.9497999972664,668,3037,627,279
3846.866099978797,0,4095,774,290
3847.9431999730878,0,4095,850,302
3848.9094999968074,0,4095,927,313
3850.8546999655664,0,4095,990,327
3851.9635999691673,0,4095,1065,347
3853.8837999803945,199,4095,1131,368
3855.030499980785,1783,3914,1115,373
3856.9544999627396,2942,1072,880,358
3857.951399986632,4095,0,719,347
3859.065999975428,4095,0,650,343
3860.90809997404,4095,0,585,339
3861.9712999789044,4095,0,527,327
3863.175100006629,4095,0,466,319
3864.8376999772154,4095,0,415,302
3865.9146999707446,2460,0,368,283
3867.9004999576136,1342,1987,576,302
3868.951799988281,4095,0,457,287
3870.0245999498293,4095,0,411,282
3871.07009999454,4095,0,369,272
3872.9535999591462,4095,0,338,267
3873.905199987348,4095,0,315,261
3874.999799998477,3529,0,287,251
3876.963999995496,2077,187,333,253
3878.2842999789864,985,2559,560,273
3879.909199953545,184,4095,739,290
3880.9770999941975,0,4095,818,299
3882.076699985191,0,4095,896,309
3883.9172999723814,0,4095,965,323
3885.0255999714136,0,4095,1039,337
3886.0793999629095,0,4095,1104,358
3888.07479996467,1306,4095,1170,384
3889.908299956005,2523,1682,944,367
3891.0492999712005,3605,297,770,353
3892.161499999929,4095,0,675,351
3893.8187999883667,4095,0,608,341
3894.9646999826655,4095,0,546,334
3896.086499968078,4095,0,486,321
3897.9538999847136,4095,0,434,310
3898.9733000053093,2873,0,383,289
3900.08409996517,1690,1104,502,300
3901.9459999981336,4095,0,439,282
3903.140699956566,4095,0,400,278
3904.222099983599,4095,0,363,272
3905.9716999763623,4095,0,335,266
3907.002799969632,4095,0,314,259
3907.9544999985956,4095,0,288,254
3909.7934999736026,2450,0,259,241
3910.9654999920167,1323,1942,479,269
3912.8683999879286,423,3479,663,283
3913.946599990595,0,4095,779,291
3914.9598999647424,0,4095,859,303
3916.8711999664083,0,4095,932,316
3917.961099999957,0,4095,999,333
3919.078599952627,0,4095,1072,347
3920.9595999564044,758,4095,1141,371
3922.049099986907,2157,2559,1003,366
3923.954700003378,3250,675,813,355
3924.958899966441,4095,0,685,347
3926.8023999757133,4095,0,620,341
3927.971399971284,4095,0,558,335
3929.027899983339,4095,0,495,323
3930.1454999949783,4095,0,445,311
3931.9022999843583,3581,0,395,293
3932.992599962745,2093,94,409,288
3934.9802999640815,1003,2497,624,304
3935.959099966567,4095,0,466,286
3937.1467999881133,4095,0,419,278
3938.9662999892607,4095,0,379,272
3939.9431999772787,4095,0,342,263
3941.140299953986,4095,0,317,256
3941.9937999919057,2925,0,283,245
3944.105100003071,1730,998,410,261
3945.1038999832235,703,2953,613,276
3946.9141999725252,0,4095,765,290
3948.0116000049748,0,4095,845,299
3949.0245999768376,0,4095,916,310
3950.842999969609,0,4095,986,325
3951.9703999976628,0,4095,1057,341
3953.9148999610916,151,4095,1126,367
3955.090300005395,1734,3929,1110,370
3956.89339999808,2885,1105,880,359
3958.077699993737,4076,0,715,349
3959.152399969753,4095,0,646,343
3960.9172999626026,4095,0,582,337
3961.9704999495298,4095,0,525,327
3963.1249999511056,4095,0,466,318
3964.9115999927744,4095,0,416,304
3966.059700003825,2494,0,366,283
3967.905899975449,1363,1953,576,302
3968.940799997654,4095,0,453,286
3969.949899998028,4095,0,409,279
3971.0945999831893,4095,0,368,272
3972.9653999675065,4095,0,336,266
3973.968199978117,4095,0,314,259
3975.3581999684684,3634,0,286,252
3977.0021999720484,2112,87,317,253
3978.1605000025593,1013,2502,549,272
3979.88279996207,205,4095,726,289
3981.0284999548458,0,4095,814,295
3982.047599973157,0,4095,889,306
3983.8697999948636,0,4095,960,320
3984.9188999505714,0,4095,1023,336
3986.0789999947883,0,4095,1095,356
3988.054999965243,1277,4095,1168,381
3989.9701999966055,2518,1722,941,364
3991.000799986068,3629,301,768,350
3992.128799960483,4095,0,673,349
3994.027799984906,4095,0,603,339
3994.983399985358,4095,0,543,331
3996.100699994713,4095,0,485,321
3997.944899951108,4095,0,433,305
3998.966199986171,2926,0,381,290
4000.1131999888457,1728,1043,496,298
4001.9455999718048,4095,0,439,279
4002.996399998665,4095,0,399,278
4004.1549999732524,4095,0,363,269
4005.952299979981,4095,0,333,263
4006.9877000059932,4095,0,308,258
4008.0904999631457,4095,0,286,250
4009.9842000054196,2509,0,257,240
4011.4126999978907,1357,1903,470,264
4012.9320999840274,466,3430,656,279
4014.021899958607,0,4095,778,289
4015.043599996716,0,4095,852,303
4016.917899949476,0,4095,927,313
4017.9292999673635,0,4095,995,330
4019.076699973084,0,4095,1071,349
4020.9765000035986,688,4095,1137,369
4022.0872999634594,2095,2649,1008,367
4023.9626999828033,3187,718,817,355
4025.1667999546044,4095,0,685,345
4026.908400002867,4095,0,618,341
4027.872899954673,4095,0,560,336
4029.042199952528,4095,0,496,323
4030.1598999649286,4095,0,447,310
4031.9730999763124,3707,0,397,295
4032.996199966874,2131,5,400,286
4034.88729998935,1043,2430,619,304
4035.995499987621,4095,0,464,285
4037.0351999881677,4095,0,414,278
4038.9926999923773,4095,0,376,272
4039.8549999808893,4095,0,341,262
4041.1558999912813,4095,0,315,257
4042.0153999584727,2989,0,285,245
4044.0332999569364,1789,955,405,258
4045.134199957829,743,2927,608,274
4046.9382999581285,8,4095,762,288
4047.9429999832064,0,4095,842,300
4049.053199996706,0,4095,913,310
4051.0381999774836,0,4095,982,325
4052.365599956829,0,4095,1055,343
4053.447199985385,96,4095,1123,366
4055.1260999636725,1687,4095,1122,374
4056.9717999896966,2859,1131,885,357
4057.9600000055507,4031,0,719,347
4059.040699969046,4095,0,649,343
4060.8399999910034,4095,0,583,336
4061.9210999575444,4095,0,527,327
4063.0399999790825,4095,0,465,315
4064.0910999500193,4095,0,416,303
4066.0250999499112,2512,0,368,282
4067.1591999707744,1389,1797,561,299
4068.9272999879904,4095,0,450,282
4069.9722999706864,4095,0,405,273
4071.179399965331,4095,0,368,270
4072.810399986338,4095,0,336,262
4074.0701999748126,4095,0,310,256
4075.0815999927,3732,0,284,245
4076.1773999547586,2146,7,305,250
4078.08579999255,1021,2471,543,271
4079.373999964446,208,4082,720,287
4081.3021999783814,0,4095,813,291
4082.4891999945976,0,4095,885,305
4083.507200004533,0,4095,957,320
4085.2187999989837,0,4095,1023,336
4085.862099949736,0,4095,1091,355
4088.027299963869,1206,4095,1165,381
4089.0772999846376,2470,1803,944,364
4091.006699949503,3546,336,771,352
4092.0786999631673,4095,0,672,351
4093.3194999815896,4095,0,605,341
4094.9091999791563,4095,0,548,336
4096.093799977098,4095,0,487,322
4097.123799961992,4095,0,433,305
4098.85009995196,3008,0,384,289
4099.9220999656245,1794,903,483,298
4101.770599954762,769,2879,675,307
4102.8387999976985,4095,0,485,286
4104.071599955205,4095,0,434,281
4105.818899988662,4095,0,393,272
4106.924199964851,4095,0,355,263
4108.003999979701,4095,0,323,256
4109.102499962319,2534,0,289,240
4111.23439995572,1422,1788,489,269
4112.586599949282,511,3318,665,282
4113.913099979982,0,4095,791,293
4114.946099987719,0,4095,867,303
4116.036799969152,0,4095,942,318
4117.880599980708,0,4095,1008,333
4118.972199968994,0,4095,1078,349
4120.883299969137,639,4095,1147,372
4121.992899978068,2067,2655,1017,368
4123.937399999704,3168,707,821,355
4124.875399982557,4095,0,691,347
4126.24389998382,4095,0,624,342
4127.8567999834195,4095,0,564,336
4128.886799968313,4095,0,503,326
4129.976700001862,4095,0,451,315
4131.87189999735,3814,0,400,297
4133.115299977362,2187,0,384,288
4134.073399996851,1074,2426,613,304
4135.837199981324,4095,0,464,292
4137.257599970326,4095,0,417,279
4137.950899952557,4095,0,374,272
4139.913799997885,4095,0,340,265
4140.99519996671,4095,0,318,257
4142.031299998052,3042,0,287,246
4143.863199977204,1794,956,405,262
4145.057399990037,753,2901,608,277
4146.86709997477,9,4095,763,291
4148.253499995917,0,4095,839,298
4148.919400002342,0,4095,917,311
4150.161899975501,0,4095,985,326
4152.043299982324,0,4095,1055,345
4153.0528999865055,0,4095,1123,367
4154.964299988933,1634,4095,1143,378
4156.155399978161,2800,1215,897,364
4157.952899986412,3930,0,726,351
4159.205899981316,4095,0,656,349
4160.035499953665,4095,0,591,342
4161.916899960488,4095,0,531,334
4163.011199969333,4095,0,472,320
4164.2130999825895,4095,0,426,303
4165.916799975093,2545,0,371,287
4167.0651999884285,1414,1709,557,300
4168.948199949227,530,3262,720,311
4170.011199952569,4095,0,503,292
4171.025799994823,4095,0,449,283
4172.900100005791,4095,0,402,272
4173.998999991454,4095,0,363,262
4175.03049998777,3807,0,327,254
4176.111199951265,2175,0,321,251
4178.082900005393,1071,2374,559,273
4179.10759994993,228,3998,736,290
4181.064799951855,0,4095,825,301
4181.980900000781,0,4095,899,309
4183.118899993133,0,4095,971,324
4185.026499966625,0,4095,1040,337
4186.237399990205,0,4095,1105,360
4187.955399975181,1151,4095,1175,384
4189.06819995027,2414,1876,962,368
4190.9460999886505,3511,367,787,355
4192.0622999896295,4095,0,687,350
4193.064899998717,4095,0,619,343
4194.971399963833,4095,0,557,336
4196.103999973275,4095,0,494,324
4197.090699977707,4095,0,443,309
4198.944899952039,3058,0,391,295
4200.019699987024,1833,771,478,302
4201.935099961702,784,2832,672,309
4203.007599979173,4095,0,489,285
4203.9908999577165,4095,0,433,277
4205.931999953464,4095,0,396,271
4206.963799952064,4095,0,354,262
4207.972300006077,4095,0,326,253
4209.078899992164,2603,0,289,241
4210.962299956009,1471,1674,478,267
4212.147899961565,533,3273,661,278
4213.904999953229,0,4095,786,295
4215.02809994854,0,4095,865,302
4216.365100000985,0,4095,938,318
4218.0212999810465,0,4095,1007,333
4219.04659998836,0,4095,1074,355
4220.918899984099,582,4095,1145,372
4222.055399965029,2030,2835,1039,368
4223.967299971264,3138,771,835,356
4225.083499972243,4095,0,697,349
4226.104999950621,4095,0,628,342
4227.883699990343,4095,0,567,336
4229.020899976604,4095,0,504,327
4230.481299979147,4095,0,454,315
4232.07009996986,3963,0,403,300
4233.206999953836,2219,0,378,285
4234.724099980667,1104,2364,609,305
4236.040799994953,4095,0,461,285
4237.527899967972,4095,0,414,277
4238.593999994919,4095,0,373,271
4239.9965999647975,4095,0,337,262
4241.253799991682,4095,0,314,256
4242.47599998489,3061,0,283,247
4244.062999961898,1840,797,395,258
4245.332999969833,784,2834,596,276
4246.880099992268,32,4095,757,290
4247.975999955088,0,4095,838,299
4249.2597999516875,0,4095,911,315
4250.935399963055,0,4095,979,329
4252.2021000040695,0,4095,1053,341
4253.258499957155,0,4095,1120,366
4255.04409999121,1588,4095,1149,380
4256.903100002091,2787,1232,902,363
4258.039399981499,3935,0,730,351
4259.091999963857,4095,0,657,348
4260.305499949027,4095,0,591,341
4262.1047999709845,4095,0,531,334
4263.248799950816,4095,0,475,321
4264.484299987089,4095,0,428,305
4265.935699979309,2632,0,373,286
4267.098499985877,1489,1618,551,301
4268.930699967314,4095,0,449,281
4270.043900003657,4095,0,407,275
4271.449399995618,4095,0,368,269
4272.259299992584,4095,0,336,262
4273.868999967817,4095,0,311,256
4275.090199953411,3917,0,286,249
4276.100399962161,2224,0,272,242
4278.020099969581,1109,2319,511,267
4279.079700005241,278,3920,702,283
4280.865199980326,0,4095,798,288
4282.002899970394,0,4095,879,304
4283.053999999538,0,4095,945,319
4284.9062999594025,0,4095,1011,335
4286.036699952092,0,4095,1086,352
4287.8674999810755,1105,4095,1159,375
4289.105899981223,2383,2005,960,363
4290.980699995998,3463,436,784,351
4292.002099973615,4095,0,675,346
4293.194999976549,4095,0,609,337
4294.981199956965,4095,0,549,332
4296.244199969806,4095,0,489,323
4297.12770000333,4095,0,437,307
4298.877499997616,3141,0,384,290
4300.013899977785,1872,721,466,292
4301.927299995441,827,2826,669,306
4302.8945999685675,4095,0,481,288
4304.0354999830015,4095,0,432,279
4305.127399973571,4095,0,389,271
4307.035299949348,4095,0,353,264
4307.8578999848105,4095,0,323,256
4308.982499991544,2637,0,293,243
4310.876999981701,1520,1614,470,259
4311.942700005602,544,3276,659,281
4313.821399991866,0,4095,784,293
4314.922999998089,0,4095,863,304
4315.952199976891,0,4095,937,317
4317.851200001314,0,4095,1006,332
4319.0654999925755,0,4095,1075,351
4320.926499960478,511,4095,1143,371
4322.101300000213,1968,3007,1053,370
4323.959500005003,3094,839,846,358
4324.989299988374,4095,0,703,350
4326.037699996959,4095,0,633,346
4327.903900004458,4095,0,572,337
4329.023399972357,4095,0,508,325
4330.024899973068,4095,0,459,313
4331.790699972771,4018,0,403,300
4332.920599961653,2247,0,378,285
4334.098599967547,1122,2343,609,302
4335.863499960396,4095,0,463,288
4337.054799951147,4095,0,417,282
4338.02529994864,4095,0,377,272
4339.865099987946,4095,0,339,269
4340.985199960414,4095,0,313,259
4342.0271999784745,3150,0,282,251
4343.829799967352,1887,635,375,256
4345.035899954382,821,2780,587,274
4346.899299998768,59,4095,752,291
4347.973899974022,0,4095,832,299
4349.003799958155,0,4095,907,309
4350.034699949902,0,4095,976,325
4351.989999995567,0,4095,1049,341
4353.0348999775015,0,4095,1113,362
4354.956700000912,1565,4095,1157,377
4356.102799996734,2743,1313,910,365
4357.962599955499,3893,64,738,350
4359.071999962907,4095,0,661,348
4360.118799959309,4095,0,594,340
4361.9124999968335,4095,0,535,332
4363.052100001369,4095,0,478,320
4363.99539996637,4095,0,430,304
4365.981699957047,2657,0,374,287
4367.119699949399,1535,1611,550,302
4368.82459995104,4095,0,447,282
4369.90719998721,4095,0,403,276
4370.95449998742,4095,0,367,268
4372.040199988987,4095,0,336,262
4373.858899984043,4095,0,311,258
4374.946700001601,4095,0,285,250
4376.046199991833,2280,0,261,241
4377.879399980884,1161,2261,504,269
4379.003299982287,312,3810,688,285
4380.855800001882,0,4095,789,292
4381.993399991188,0,4095,866,304
4383.233800006565,0,4095,942,317
4384.938000002876,0,4095,1008,332
4385.9828999848105,0,4095,1078,353
4387.9729000036605,1090,4095,1151,374
4389.1118000028655,2368,2042,959,365
4390.897099976428,3455,465,783,353
4392.110999964643,4095,0,672,345
4393.093399994541,4095,0,607,340
4394.898300000932,4095,0,547,333
4395.965999981854,4095,0,486,322
4396.9506999710575,4095,0,435,307
4398.875099956058,3200,0,384,290
4400.045499962289,1899,551,449,293
4401.8987999879755,833,2749,654,306
4402.946499991231,4095,0,476,286
4404.05719995033,4095,0,426,281
4405.0767999724485,4095,0,384,270
4406.958999985363,4095,0,349,263
4408.003399963491,4095,0,320,256
4409.071600006428,2675,0,285,243
4410.88729997864,1535,1440,451,263
4412.076899956446,551,3179,642,277
4413.891899981536,0,4095,782,291
4415.011899953242,0,4095,857,301
4416.022399964277,0,4095,930,315
4417.81999997329,0,4095,997,328
4418.89639996225,0,4095,1070,347
4420.9295999608,433,4095,1137,368
4422.12429997744,1937,3005,1047,368
4423.957999970298,3071,854,840,354
4425.152999989223,4095,0,700,347
4426.04069999652,4095,0,630,346
4427.799700002652,4095,0,569,336
4429.0028999676,4095,0,505,325
4429.986500006635,4095,0,454,316
4431.1503999633715,4069,0,401,298
4432.962399965618,2279,0,356,283
4434.061699954327,1157,2247,592,301
4435.83909998415,4095,0,451,284
4436.978499987163,4095,0,407,276
4438.024399976712,4095,0,368,271
4439.92309999885,4095,0,336,265
4440.863099996932,4095,0,309,258
4441.949999949429,3246,0,279,245
4443.9139000023715,1927,525,359,256
4445.007899950724,854,2730,576,274
4446.103899972513,84,4095,746,288
4447.936099953949,0,4095,826,297
4449.026699992828,0,4095,899,308
4449.984599952586,0,4095,974,321
4451.960499980487,0,4095,1040,337
4452.940799994394,0,4095,1108,363
4454.8891999875195,1511,4095,1168,379
4455.989399983082,2707,1376,914,363
4457.889799959958,3861,80,743,349
4458.918099990115,4095,0,662,348
4460.001099971123,4095,0,596,339
4461.864299955778,4095,0,537,330
4462.868799979333,4095,0,478,321
4463.985999987926,4095,0,427,304
4465.812899987213,2736,0,375,286
4466.992200003006,1566,1445,537,298
4468.923699983861,582,3147,706,308
4469.9759999639355,4095,0,496,290
4471.288999950048,4095,0,445,281
4472.9265999631025,4095,0,397,272
4473.963600001298,4095,0,358,262
4475.0710999942385,4095,0,322,254
4476.1680999654345,2295,0,291,246
4478.110199968796,1175,2192,529,272
4479.059099976439,319,3748,705,288
4480.890199949499,0,4095,808,295
4482.0864999783225,0,4095,883,304
4483.007799950428,0,4095,957,319
4485.021699976642,0,4095,1023,336
4486.068099969998,0,4095,1090,354
4487.976899952628,1011,4095,1161,378
4489.136999996845,2311,2122,974,368
4490.940999996383,3399,495,794,353
4492.040099983569,4095,0,682,350
4493.106699956115,4095,0,615,342
4494.89839997841,4095,0,553,336
4496.03019998176,4095,0,494,326
4496.972299995832,4095,0,442,310
4498.951099987607,3249,0,388,293
4500.016399950255,1943,511,449,294
4501.923499978147,870,2739,656,305
4502.978299977258,4095,0,477,288
4504.0442000026815,4095,0,427,278
4505.903399956878,4095,0,385,272
4506.961699982639,4095,0,348,267
4508.127899956889,4095,0,321,258
4508.991699956823,2763,0,288,245
4511.0348999733105,1582,1370,449,264
4512.087099952623,598,3136,640,279
4514.03089996893,0,4095,777,292
4515.242699999362,0,4095,853,304
4516.048899968155,0,4095,929,317
4517.909799993504,0,4095,999,333
4519.053499971051,0,4095,1072,350
4520.939699956216,390,4095,1136,371
4522.083999996539,1904,3253,1072,370
4523.996000003535,3035,915,853,360
4524.9820000026375,4095,0,704,349
4526.1501999921165,4095,0,637,343
4527.934699959587,4095,0,575,337
4529.0125999599695,4095,0,509,329
4529.960299958475,4095,0,461,313
4531.905799987726,4095,0,407,301
4532.939600001555,2325,0,358,283
4534.0935999993235,1202,2206,591,304
4535.936200001743,4095,0,453,289
4537.111299985554,4095,0,409,278
4538.083299994469,4095,0,368,271
4539.949099998921,4095,0,336,264
4540.891199954785,4095,0,310,258
4542.035099992063,3250,0,278,250
4544.003299961332,1955,363,342,255
4545.103699958418,860,2659,566,273
4547.141799994279,84,4095,746,291
4548.12499997206,0,4095,819,299
4549.1121999803,0,4095,897,309
4550.0700999982655,0,4095,967,324
4551.97649996262,0,4095,1040,338
4552.941299974918,0,4095,1105,362
4554.9649999593385,1454,4095,1174,381
4556.104499963112,2666,1415,918,364
4558.030899963342,3782,119,750,352
4559.049599978607,4095,0,666,350
4560.880399949383,4095,0,599,341
4562.11339996662,4095,0,540,332
4562.997400003951,4095,0,479,320
4564.0697999624535,4095,0,430,306
4565.949899959378,2799,0,377,289
4567.028199962806,1600,1374,529,301
4568.900799960829,4095,0,443,285
4570.028799993452,4095,0,400,277
4571.059999987483,4095,0,363,271
4572.919099999126,4095,0,334,263
4573.962899972685,4095,0,308,259
4575.076499953866,4095,0,283,251
4576.081799983513,2362,0,257,241
4578.025900002103,1222,2142,491,265
4579.253299976699,357,3641,671,281
4581.003199971747,0,4095,783,288
4582.012199971359,0,4095,859,303
4583.051799971145,0,4095,935,316
4584.906399948522,0,4095,1002,330
4586.029900005087,0,4095,1073,351
4587.865299952682,918,4095,1146,373
4589.026200002991,2250,2182,967,362
4590.931599959731,3341,524,785,351
4591.918199963402,4095,0,673,344
4593.096899974626,4095,0,609,340
4594.958899950143,4095,0,546,334
4595.985399966594,4095,0,489,321
4597.0708999666385,4095,0,435,305
4598.902500001714,3330,0,386,290
4600.137999979779,1978,400,437,292
4601.877399953082,898,2685,645,304
4603.075899998657,4095,0,467,288
4604.026199958753,4095,0,421,276
4604.996799957007,4095,0,382,271
4606.938499957323,4095,0,342,262
4608.068400004413,4095,0,318,256
4609.074799984228,2816,0,283,243
4610.962299979292,1616,1382,445,260
4611.977499967907,638,3137,640,278
4614.010699966457,0,4095,777,289
4614.986600005068,0,4095,851,302
4616.009199991822,0,4095,926,311
4617.838000005577,0,4095,995,327
4619.004999985918,0,4095,1067,346
4620.796300005168,321,4095,1136,368
4622.04109999584,1847,3387,1078,370
4623.878399957903,2992,945,858,359
4624.979699961841,4095,0,706,349
4626.049799961038,4095,0,637,345
4627.871099975891,4095,0,574,336
4628.998700005468,4095,0,511,326
4630.044399993494,4095,0,463,315
4631.138500000816,4095,0,409,300
4632.965600001626,2359,0,359,282
4634.2943999916315,1226,2128,586,303
4635.839599999599,4095,0,450,283
4636.944399971981,4095,0,407,274
4638.055499992333,4095,0,368,270
4639.794299961068,4095,0,336,265
4640.923300001305,4095,0,310,257
4641.982999979518,3346,0,283,246
4643.933399987873,2002,391,352,254
4645.022699958645,914,2688,574,274
4646.898599981796,131,4095,746,291
4648.135299968999,0,4095,825,300
4649.031799985096,0,4095,899,307
4650.186699989717,0,4095,971,325
4651.926599966828,0,4095,1040,341
4653.117799956817,0,4095,1107,359
4654.990899958648,1419,4095,1175,381
4655.951799999457,2631,1507,927,366
4657.947500003502,3745,173,755,351
4659.050999965984,4095,0,669,348
4660.88799998397,4095,0,602,341
4661.919299978763,4095,0,544,333
4663.057999976445,4095,0,482,321
4664.171999960672,4095,0,432,307
4666.091299965046,2813,0,379,291
4666.996599989943,1609,1303,526,302
4669.200499949511,4095,0,441,284
4670.448099961504,4095,0,400,279
4670.878199976869,4095,0,361,272
4672.772999969311,4095,0,331,267
4673.971499956679,4095,0,310,261
4674.884799984284,4095,0,284,253
4675.996999954805,2382,0,256,240
4677.933199971449,1257,2089,486,268
